视频链接	发布日期	产品	脚本	手机+账号	HOOK	拍摄员	国家	广告code	累计播放量	累计出单	累计GMV	累计佣金
https://www.tiktok.com/@rawrollhisstyle/video/7576579232990579998	2025/12/25	黑色头套	test	08-@rawrollhisstyle		赵永琦	美国		233,867	25	¥1,898.15	¥143.00
https://www.tiktok.com/@fttgyuhji/video/7588132453290741006?_r=1&_t=ZT-92cCmcMAqKM	2025/12/26	勇敢项链	一镜到底	@fttgyuhji(已弃用)		赵永琦	美国		2,344	0	¥0.00	¥0.00
https://www.tiktok.com/@fttgyuhji/video/7588142357472677134?_r=1&_t=ZT-92cCm1oC99S	2025/12/26	勇敢项链	S02	@fttgyuhji(已弃用)		公司	美国		1,051	0	¥0.00	¥0.00
https://www.tiktok.com/@grindguydiaries/video/7588134342589680927?_r=1&_t=ZP-92Z8SmAHGqk	2025/12/26	勇敢项链	测3	09-@grindguydiaries		赵永琦	美国		609	0	¥0.00	¥0.00
https://www.tiktok.com/@grindguydiaries/video/7588134896246230303?_r=1&_t=ZP-92Z8UBlEu6g	2025/12/26	勇敢项链	桌拍	09-@grindguydiaries		赵永琦	美国		623	0	¥0.00	¥0.00
https://www.tiktok.com/@grindguydiaries/video/7588135485881552159?_r=1&_t=ZP-92Z8WWIAFry	2025/12/26	勇敢项链	S02	09-@grindguydiaries		公司	美国		677	0	¥0.00	¥0.00
https://www.tiktok.com/@hisrollerjourneys/video/7588125781373635871?_r=1&_t=ZP-92Z7lE29bXr	2025/12/26	勇敢项链	测3	05-@hisrollerjourneys		赵永琦	美国		24	0	¥0.00	¥0.00
https://www.tiktok.com/@hisrollerjourneys/video/7588126308153019678?_r=1&_t=ZP-92Z7jVFq0f1	2025/12/26	勇敢项链	测1	05-@hisrollerjourneys		赵永琦	美国		34	0	¥0.00	¥0.00
https://www.tiktok.com/@hisrollerjourneys/video/7588136380354661663?_r=1&_t=ZP-92Z7mWFWkvf	2025/12/26	勇敢项链	S09	05-@hisrollerjourneys		公司	美国		41	0	¥0.00	¥0.00
https://www.tiktok.com/@icebladefreedom/video/7588120588032478519?_r=1&_t=ZT-92Z4k9IQiuU	2025/12/26	勇敢项链	桌拍	12-@icebladefreedom		赵永琦	美国		79	0	¥0.00	¥0.00
https://www.tiktok.com/@icebladefreedom/video/7588121638923734286?_r=1&_t=ZT-92Z4q2gRFQd	2025/12/26	勇敢项链	测1	12-@icebladefreedom		赵永琦	美国		679	0	¥0.00	¥0.00
https://www.tiktok.com/@icebladefreedom/video/7588122695653395726?_r=1&_t=ZT-92Z4pqucpRd	2025/12/26	勇敢项链	S02	12-@icebladefreedom		公司	美国		612	0	¥0.00	¥0.00
https://www.tiktok.com/@iceglidevibes/video/7588123263222451470?_r=1&_t=ZT-92Z7E8UZE99	2025/12/26	勇敢项链	S02	03-@iceglidevibes		赵永琦	美国		47	0	¥0.00	¥0.00
https://www.tiktok.com/@iceglidevibes/video/7588124010592898359?_r=1&_t=ZT-92Z7HarQJk7	2025/12/26	勇敢项链	模拟自拍	03-@iceglidevibes		赵永琦	美国		38	0	¥0.00	¥0.00
https://www.tiktok.com/@iceglidevibes/video/7588124310401748237?_r=1&_t=ZT-92Z7E2x8An1	2025/12/26	勇敢项链	测3	03-@iceglidevibes		公司	美国		39	0	¥0.00	¥0.00
https://www.tiktok.com/@melvqvs/video/7588135247737294111?_r=1&_t=ZP-92Z8veBJDEk	2025/12/26	勇敢项链	测3	10-@melvqvs		赵永琦	美国		3,248	0	¥0.00	¥0.00
https://www.tiktok.com/@melvqvs/video/7588140031114628383?_r=1&_t=ZP-92Z8yLrifk6	2025/12/26	勇敢项链	S02	10-@melvqvs		赵永琦	美国		1,170	0	¥0.00	¥0.00
https://www.tiktok.com/@melvqvs/video/7588144814332464414?_r=1&_t=ZP-92Z91FwBF79	2025/12/26	勇敢项链	桌拍	10-@melvqvs		赵永琦	美国		2,710	0	¥0.00	¥0.00
https://www.tiktok.com/@skateglowonice/video/7588124660374572343?_r=1&_t=ZT-92Z5CTJqtyv	2025/12/26	勇敢项链	桌拍	11-@skateglowonice		赵永琦	美国		80	0	¥0.00	¥0.00
https://www.tiktok.com/@skateglowonice/video/7588125329630186765?_r=1&_t=ZT-92Z5CS8e6zP	2025/12/26	勇敢项链	测1	11-@skateglowonice		赵永琦	美国		627	0	¥0.00	¥0.00
https://www.tiktok.com/@skateglowonice/video/7588125561034149134?_r=1&_t=ZT-92Z5JZK5dd7	2025/12/26	勇敢项链	S02	11-@skateglowonice		公司	美国		488	0	¥0.00	¥0.00
https://www.tiktok.com/@skatestride/video/7588132384575425822?_r=1&_t=ZP-92Z80AuQjOg	2025/12/26	勇敢项链	测3	@skatestride（已弃用）		赵永琦	美国		718	0	¥0.00	¥0.00
https://www.tiktok.com/@skatestride/video/7588132818593565983?_r=1&_t=ZP-92Z84aQ2xTT	2025/12/26	勇敢项链	桌拍	@skatestride（已弃用）		赵永琦	美国		646	0	¥0.00	¥0.00
https://www.tiktok.com/@skatestride/video/7588133624659086622?_r=1&_t=ZP-92Z84uvj8v8	2025/12/26	勇敢项链	S02	@skatestride（已弃用）		公司	美国		1,111	0	¥0.00	¥0.00
https://www.tiktok.com/@fttgyuhji/video/7588450866579901710?_r=1&_t=ZT-92cQ1XV2TEs	2025/12/27	勇敢项链	吃饭	@fttgyuhji(已弃用)		赵永琦	美国		17	0	¥0.00	¥0.00
https://www.tiktok.com/@fttgyuhji/video/7588494393015897358?_r=1&_t=ZT-92cQ708AzD3	2025/12/27	勇敢项链	S02	@fttgyuhji(已弃用)		公司	美国		16	0	¥0.00	¥0.00
https://www.tiktok.com/@fttgyuhji/video/7588809574652661006?_r=1&_t=ZT-92cQ9wb7cgn	2025/12/27	钥匙扣	S01	@fttgyuhji(已弃用)		赵雅如	美国		50	0	¥0.00	¥0.00
https://www.tiktok.com/@fttgyuhji/video/7589110380723522871?_r=1&_t=ZT-92cQBTu5cSs	2025/12/27	钥匙扣	S01	@fttgyuhji(已弃用)		赵雅如	美国		5	0	¥0.00	¥0.00
https://www.tiktok.com/@gracefulwheelsgirl/video/7588481687609265422?_r=1&_t=ZT-92cTlZaWvoN	2025/12/27	勇敢项链	吃饭	07-@gracefulwheelsgirl		赵永琦	美国		70	0	¥0.00	¥0.00
https://www.tiktok.com/@gracefulwheelsgirl/video/7588482724487351607?_r=1&_t=ZT-92cTonjSwcY	2025/12/27	勇敢项链	一镜到底	07-@gracefulwheelsgirl		公司	美国		736	0	¥0.00	¥0.00
https://www.tiktok.com/@gracefulwheelsgirl/video/7588806089039203597?_r=1&_t=ZT-92cToulQxKg	2025/12/27	钥匙扣	S01	07-@gracefulwheelsgirl		刘茜	美国		47	0	¥0.00	¥0.00
https://www.tiktok.com/@gracefulwheelsgirl/video/7588821342305225997?_r=1&_t=ZT-92cTowbI661	2025/12/27	钥匙扣	S01	07-@gracefulwheelsgirl		刘茜	美国		39	0	¥0.00	¥0.00
https://www.tiktok.com/@grindguydiaries/video/7588468998690409758?_r=1&_t=ZP-92cQb1TLl0Q	2025/12/27	勇敢项链	吃饭	09-@grindguydiaries		赵永琦	美国		765	0	¥0.00	¥0.00
https://www.tiktok.com/@grindguydiaries/video/7588470845065006367?_r=1&_t=ZP-92cQdM7P4cp	2025/12/27	勇敢项链	S02	09-@grindguydiaries		公司	美国		556	0	¥0.00	¥0.00
https://www.tiktok.com/@grindguydiaries/video/7588810730078604574?_r=1&_t=ZP-92cQej2bEy6	2025/12/27	钥匙扣	S01	09-@grindguydiaries		赵雅如	美国		83	0	¥0.00	¥0.00
https://www.tiktok.com/@grindguydiaries/video/7588820656108653854?_r=1&_t=ZP-92cQi64lVVO	2025/12/27	钥匙扣	S01	09-@grindguydiaries		赵雅如	美国		285	0	¥0.00	¥0.00
https://www.tiktok.com/@hesonskates/video/7588466197243464973?_r=1&_t=ZT-92cV1ANLkXv	2025/12/27	勇敢项链	吃饭	@hesonskates（已弃用）		赵永琦	美国		22	0	¥0.00	¥0.00
https://www.tiktok.com/@hesonskates/video/7588466612236242189?_r=1&_t=ZT-92cV5F4ZZZ0	2025/12/27	勇敢项链	一镜到底	@hesonskates（已弃用）		刘茜	美国		26	0	¥0.00	¥0.00
https://www.tiktok.com/@hesonskates/video/7588808425639824653?_r=1&_t=ZT-92cV1RRXnLh	2025/12/27	钥匙扣	S01	@hesonskates（已弃用）		赵雅如	美国		33	0	¥0.00	¥0.00
https://www.tiktok.com/@hesonskates/video/7588820777647017271?_r=1&_t=ZT-92cV7BZ2PNN	2025/12/27	钥匙扣	S01	@hesonskates（已弃用）		赵雅如	美国		24	0	¥0.00	¥0.00
https://www.tiktok.com/@hisrollerjourneys/video/7588454129060629790?_r=1&_t=ZP-92cTYFt5yRz	2025/12/27	勇敢项链	吃饭	05-@hisrollerjourneys		赵永琦	美国		46	0	¥0.00	¥0.00
https://www.tiktok.com/@hisrollerjourneys/video/7588454706637294878?_r=1&_t=ZP-92cTZnDnLp8	2025/12/27	勇敢项链	S02	05-@hisrollerjourneys		公司	美国		57	0	¥0.00	¥0.00
https://www.tiktok.com/@hisrollerjourneys/video/7588804417466453278?_r=1&_t=ZP-92cTc0FCCxL	2025/12/27	钥匙扣	S01	05-@hisrollerjourneys		刘茜	美国		52	0	¥0.00	¥0.00
https://www.tiktok.com/@hisrollerjourneys/video/7588821877288602910?_r=1&_t=ZP-92cWrQpfF8A	2025/12/27	钥匙扣	S01	05-@hisrollerjourneys		刘茜	美国		31	0	¥0.00	¥0.00
https://www.tiktok.com/@icebladefreedom/video/7588472623521107214?_r=1&_t=ZT-92cJFKWwLax	2025/12/27	勇敢项链	吃饭	12-@icebladefreedom		赵永琦	美国		26	0	¥0.00	¥0.00
https://www.tiktok.com/@icebladefreedom/video/7588473182336699662?_r=1&_t=ZT-92cJP4QVn1Z	2025/12/27	勇敢项链	S02	12-@icebladefreedom		公司	美国		680	0	¥0.00	¥0.00
https://www.tiktok.com/@icebladefreedom/video/7588811721066794295?_r=1&_t=ZT-92cJRyefCGl	2025/12/27	钥匙扣	S01	12-@icebladefreedom		赵雅如	美国		321	0	¥0.00	¥0.00
https://www.tiktok.com/@icebladefreedom/video/7588820188066319629?_r=1&_t=ZT-92cJWWe0wPO	2025/12/27	钥匙扣	S01	12-@icebladefreedom		赵雅如	美国		323	0	¥0.00	¥0.00
https://www.tiktok.com/@iceglidevibes/video/7588476931285339405?_r=1&_t=ZT-92cQu0wtAoB	2025/12/27	勇敢项链	吃饭	03-@iceglidevibes		公司	美国		79	0	¥0.00	¥0.00
https://www.tiktok.com/@iceglidevibes/video/7588477433628675341?_r=1&_t=ZT-92cQuk5iBRd	2025/12/27	勇敢项链	一镜到底	03-@iceglidevibes		刘茜	美国		80	0	¥0.00	¥0.00
https://www.tiktok.com/@iceglidevibes/video/7588814652239252791?_r=1&_t=ZT-92cQxl4D1pX	2025/12/27	钥匙扣	S01	03-@iceglidevibes		刘茜	美国		39	0	¥0.00	¥0.00
https://www.tiktok.com/@iceglidevibes/video/7588819094737063182?_r=1&_t=ZT-92cQzc5lIAh	2025/12/27	钥匙扣	S01	03-@iceglidevibes		刘茜	美国		30	0	¥0.00	¥0.00
https://www.tiktok.com/@la.negrita.1/video/7588485023364320526?_r=1&_t=ZT-92cRT9Do8XG	2025/12/27	勇敢项链	一镜到底	36-@la.negrita.1		公司	美国		41	0	¥0.00	¥0.00
https://www.tiktok.com/@la.negrita.1/video/7588486387159026999?_r=1&_t=ZT-92cRTtYwGq6	2025/12/27	勇敢项链	S02	36-@la.negrita.1		公司	美国		15	0	¥0.00	¥0.00
https://www.tiktok.com/@la.negrita.1/video/7588817621097729293?_r=1&_t=ZT-92cRSifjB3f	2025/12/27	钥匙扣	S01	36-@la.negrita.1		刘茜	美国		24	0	¥0.00	¥0.00
https://www.tiktok.com/@la.negrita.1/video/7588817803109584142?_r=1&_t=ZT-92cRXVxgdLS	2025/12/27	钥匙扣	S01	36-@la.negrita.1		赵雅如	美国		90	0	¥0.00	¥0.00
https://www.tiktok.com/@melvqvs/video/7588486588452097310?_r=1&_t=ZP-92cVpHgmrvy	2025/12/27	勇敢项链	S02	10-@melvqvs		公司	美国		55	0	¥0.00	¥0.00
https://www.tiktok.com/@melvqvs/video/7588487066430868767?_r=1&_t=ZP-92cVrb7bWPe	2025/12/27	勇敢项链	一镜到底	10-@melvqvs		公司	美国		1,368	0	¥0.00	¥0.00
https://www.tiktok.com/@melvqvs/video/7588818404933405982?_r=1&_t=ZP-92cVthMNBh0	2025/12/27	钥匙扣	S01	10-@melvqvs		刘茜	美国		54	0	¥0.00	¥0.00
https://www.tiktok.com/@melvqvs/video/7588818717761424670?_r=1&_t=ZP-92cVwJ6ZsxL	2025/12/27	钥匙扣	S01	10-@melvqvs		赵雅如	美国		128	0	¥0.00	¥0.00
https://www.tiktok.com/@rawrollhisstyle/video/7588464205787860254?_r=1&_t=ZP-92cUZx1QmNj	2025/12/27	勇敢项链	吃饭	08-@rawrollhisstyle		赵永琦	美国		59	0	¥0.00	¥0.00
https://www.tiktok.com/@rawrollhisstyle/video/7588464542078782750?_r=1&_t=ZP-92cUbOtSQvP	2025/12/27	勇敢项链	S02	08-@rawrollhisstyle		刘茜	美国		36	0	¥0.00	¥0.00
https://www.tiktok.com/@rawrollhisstyle/video/7588807233111117086?_r=1&_t=ZP-92cUdptAhjC	2025/12/27	钥匙扣	S01	08-@rawrollhisstyle		赵雅如	美国		309	0	¥0.00	¥0.00
https://www.tiktok.com/@rawrollhisstyle/video/7588821298915134751?_r=1&_t=ZP-92cUeQrtgL8	2025/12/27	钥匙扣	S01	08-@rawrollhisstyle		赵雅如	美国		285	0	¥0.00	¥0.00
https://www.tiktok.com/@skateglowonice/video/7588474827917282615?_r=1&_t=ZT-92cKW51gekf	2025/12/27	勇敢项链	吃饭	11-@skateglowonice		公司	美国		143	0	¥0.00	¥0.00
https://www.tiktok.com/@skateglowonice/video/7588475173880335630?_r=1&_t=ZT-92cKUjDnhwj	2025/12/27	勇敢项链	S02	11-@skateglowonice		公司	美国		1,302	0	¥0.00	¥0.00
https://www.tiktok.com/@skateglowonice/video/7588812584388775181?_r=1&_t=ZT-92cKWCbDFl8	2025/12/27	钥匙扣	S01	11-@skateglowonice		刘茜	美国		112	0	¥0.00	¥0.00
https://www.tiktok.com/@skateglowonice/video/7588819826152410381?_r=1&_t=ZT-92cKbDlGONr	2025/12/27	钥匙扣	S01	11-@skateglowonice		刘茜	美国		322	0	¥0.00	¥0.00
https://www.tiktok.com/@skatestride/video/7588481891074952479?_r=1&_t=ZP-92cS3wJAMMJ	2025/12/27	勇敢项链	吃饭	@skatestride（已弃用）		公司	美国		99	0	¥0.00	¥0.00
https://www.tiktok.com/@skatestride/video/7588482874177883422?_r=1&_t=ZP-92cS61GQD5b	2025/12/27	勇敢项链	一镜到底	@skatestride（已弃用）		刘茜	美国		15	0	¥0.00	¥0.00
https://www.tiktok.com/@skatestride/video/7588816032974769439?_r=1&_t=ZP-92cS7d3qYwQ	2025/12/27	钥匙扣	S01	@skatestride（已弃用）		刘茜	美国		14	0	¥0.00	¥0.00
https://www.tiktok.com/@skatestride/video/7588816643409726750?_r=1&_t=ZP-92cS9RCXGgQ	2025/12/27	钥匙扣	S01	@skatestride（已弃用）		刘茜	美国		17	0	¥0.00	¥0.00
https://www.tiktok.com/@gracefulwheelsgirl/video/7588831394915257614?_r=1&_t=ZT-92cTugdLvTS	2025/12/28	勇敢项链	S02	07-@gracefulwheelsgirl		公司	美国		27	0	¥0.00	¥0.00
https://www.tiktok.com/@gracefulwheelsgirl/video/7588832504497376567?_r=1&_t=ZT-92cTxaP6gpL	2025/12/28	勇敢项链	测1	07-@gracefulwheelsgirl		刘茜	美国		467	0	¥0.00	¥0.00
https://www.tiktok.com/@gracefulwheelsgirl/video/7588833702503861518?_r=1&_t=ZT-92cTt5SHPnT	2025/12/28	钥匙扣	S01	07-@gracefulwheelsgirl		赵雅如	美国		19	0	¥0.00	¥0.00
https://www.tiktok.com/@gracefulwheelsgirl/video/7588835837786311991?_r=1&_t=ZT-92cU4j4YJTi	2025/12/28	勇敢项链	S02	07-@gracefulwheelsgirl		赵雅如	美国		29	0	¥0.00	¥0.00
https://www.tiktok.com/@gracefulwheelsgirl/video/7588842450135911693?_r=1&_t=ZT-92cTzlCLQuT	2025/12/28	父亲节手环	测1	07-@gracefulwheelsgirl		赵雅如	美国		21	0	¥0.00	¥0.00
https://www.tiktok.com/@hesonskates/video/7588842494817733902?_r=1&_t=ZT-92cVAFEkyy5	2025/12/28	勇敢项链	S03	@hesonskates（已弃用）		公司	美国		1,217	0	¥0.00	¥0.00
https://www.tiktok.com/@hesonskates/video/7588842913925238071?_r=1&_t=ZT-92cV6rKy6tD	2025/12/28	勇敢项链	测1	@hesonskates（已弃用）		刘茜	美国		20	0	¥0.00	¥0.00
https://www.tiktok.com/@hesonskates/video/7588843517875621134?_r=1&_t=ZT-92cVAaPI6AA	2025/12/28	钥匙扣	S01	@hesonskates（已弃用）		赵雅如	美国		29	0	¥0.00	¥0.00
https://www.tiktok.com/@hesonskates/video/7588843798944369933?_r=1&_t=ZT-92cVC2EnQP0	2025/12/28	父亲节手环	测1	@hesonskates（已弃用）		赵雅如	美国		11	0	¥0.00	¥0.00
https://www.tiktok.com/@hesonskates/video/7588844491302292750?_r=1&_t=ZT-92cVGcn4Xnb	2025/12/28	勇敢项链	S02	@hesonskates（已弃用）		赵雅如	美国		14	0	¥0.00	¥0.00
https://www.tiktok.com/@hisrollerjourneys/video/7588831723392159006?_r=1&_t=ZP-92cWuTElcJb	2025/12/28	勇敢项链	S02	05-@hisrollerjourneys		公司	美国		44	0	¥0.00	¥0.00
https://www.tiktok.com/@hisrollerjourneys/video/7588832631622552862?_r=1&_t=ZP-92cWyXUEfXj	2025/12/28	勇敢项链	测1	05-@hisrollerjourneys		刘茜	美国		25	0	¥0.00	¥0.00
https://www.tiktok.com/@hisrollerjourneys/video/7588833690373967135?_r=1&_t=ZP-92cWzuBToHm	2025/12/28	钥匙扣	S01	05-@hisrollerjourneys		赵雅如	美国		35	0	¥0.00	¥0.00
https://www.tiktok.com/@hisrollerjourneys/video/7588840113933716767?_r=1&_t=ZP-92cX0WIZJYF	2025/12/28	父亲节手环	测1	05-@hisrollerjourneys		赵雅如	美国		47	0	¥0.00	¥0.00
https://www.tiktok.com/@hisrollerjourneys/video/7588840603606175006?_r=1&_t=ZP-92cX6JLQv4Y	2025/12/28	勇敢项链	S02	05-@hisrollerjourneys		赵雅如	美国		35	0	¥0.00	¥0.00
https://www.tiktok.com/@icebladefreedom/video/7588845389818694926?_r=1&_t=ZT-92cJZZPX0Va	2025/12/28	勇敢项链	S03	12-@icebladefreedom		公司	美国		27	0	¥0.00	¥0.00
https://www.tiktok.com/@icebladefreedom/video/7588845767679298830?_r=1&_t=ZT-92cJZNMSyYh	2025/12/28	勇敢项链	S02	12-@icebladefreedom		刘茜	美国		391	0	¥0.00	¥0.00
https://www.tiktok.com/@icebladefreedom/video/7588845976073391415?_r=1&_t=ZT-92cJcAzYtaZ	2025/12/28	钥匙扣	S01	12-@icebladefreedom		赵雅如	美国		301	0	¥0.00	¥0.00
https://www.tiktok.com/@icebladefreedom/video/7588846465829686542?_r=1&_t=ZT-92cJdxVCob9	2025/12/28	父亲节手环	测1	12-@icebladefreedom		赵雅如	美国		148	0	¥0.00	¥0.00
https://www.tiktok.com/@icebladefreedom/video/7588846877433548046?_r=1&_t=ZT-92cJT8shlZG	2025/12/28	勇敢项链	S02	12-@icebladefreedom		赵雅如	美国		69	0	¥0.00	¥0.00
https://www.tiktok.com/@rawrollhisstyle/video/7588839965778349342?_r=1&_t=ZP-92cUiNUy5OQ	2025/12/28	勇敢项链	测1	08-@rawrollhisstyle		刘茜	美国		553	0	¥0.00	¥0.00
https://www.tiktok.com/@rawrollhisstyle/video/7588840424253574430?_r=1&_t=ZP-92cUjGpveBi	2025/12/28	钥匙扣	S01	08-@rawrollhisstyle		赵雅如	美国		273	0	¥0.00	¥0.00
https://www.tiktok.com/@rawrollhisstyle/video/7588843150597213470?_r=1&_t=ZP-92cUgXtzuM3	2025/12/28	勇敢项链	S03	08-@rawrollhisstyle		公司	美国		319	0	¥0.00	¥0.00
https://www.tiktok.com/@rawrollhisstyle/video/7588843892171099422?_r=1&_t=ZP-92cUltnL9Vn	2025/12/28	父亲节手环	测1	08-@rawrollhisstyle		赵雅如	美国		275	0	¥0.00	¥0.00
https://www.tiktok.com/@rawrollhisstyle/video/7588844694197538078?_r=1&_t=ZP-92cUn0SbRWR	2025/12/28	勇敢项链	S02	08-@rawrollhisstyle		赵雅如	美国		54	0	¥0.00	¥0.00
https://www.tiktok.com/@fttgyuhji/video/7589156130094337335?_r=1&_t=ZT-92dsQO9smSc	2025/12/29	勇敢项链	S03	@fttgyuhji(已弃用)		公司	美国		550	0	¥0.00	¥0.00
https://www.tiktok.com/@fttgyuhji/video/7589201878206926135?_r=1&_t=ZT-92dsT8Hnyxr	2025/12/29	勇敢项链	S02	@fttgyuhji(已弃用)		刘茜	美国		5	0	¥0.00	¥0.00
https://www.tiktok.com/@fttgyuhji/video/7589248095355931917?_r=1&_t=ZT-92dsTqeNwNr	2025/12/29	钥匙扣	S01	@fttgyuhji(已弃用)		刘茜	美国		64	0	¥0.00	¥0.00
https://www.tiktok.com/@fttgyuhji/video/7589473501455650103?_r=1&_t=ZT-92dsWopUy4b	2025/12/29	钥匙扣	S01	@fttgyuhji(已弃用)		赵雅如	美国		473	0	¥0.00	¥0.00
https://www.tiktok.com/@fttgyuhji/video/7589527626922921271?_r=1&_t=ZT-92fa5cCu8MQ	2025/12/29	勇敢项链	S02	@fttgyuhji(已弃用)		赵雅如	美国		270	0	¥0.00	¥0.00
https://www.tiktok.com/@grindguydiaries/video/7589135767683829023?_r=1&_t=ZP-92dtaZL61eh	2025/12/29	勇敢项链	S02	09-@grindguydiaries		公司	美国		37	0	¥0.00	¥0.00
https://www.tiktok.com/@grindguydiaries/video/7589136263270206751?_r=1&_t=ZP-92dtcVUqDEc	2025/12/29	勇敢项链	S03	09-@grindguydiaries		公司	美国		33	0	¥0.00	¥0.00
https://www.tiktok.com/@grindguydiaries/video/7589136822685453599?_r=1&_t=ZP-92dteFKiwNb	2025/12/29	钥匙扣	S01	09-@grindguydiaries		刘茜	美国		0	0	¥0.00	¥0.00
https://www.tiktok.com/@grindguydiaries/video/7589137753196006686?_r=1&_t=ZP-92dtfZJwRWo	2025/12/29	勇敢项链	测1	09-@grindguydiaries		刘茜	美国		17	0	¥0.00	¥0.00
https://www.tiktok.com/@grindguydiaries/video/7589138471395134750?_r=1&_t=ZP-92dth6PGWbO	2025/12/29	勇敢项链	S02	09-@grindguydiaries		赵雅如	美国		25	0	¥0.00	¥0.00
https://www.tiktok.com/@iceglidevibes/video/7589157333880605965?_r=1&_t=ZT-92du7jmx5Vm	2025/12/29	钥匙扣	S02	03-@iceglidevibes		赵永琦	美国		118	0	¥0.00	¥0.00
https://www.tiktok.com/@iceglidevibes/video/7589158071092530446?_r=1&_t=ZT-92duBEsPQXF	2025/12/29	勇敢项链	S02	03-@iceglidevibes		公司	美国		538	0	¥0.00	¥0.00
https://www.tiktok.com/@iceglidevibes/video/7589158748988493070?_r=1&_t=ZT-92duAfejVfi	2025/12/29	勇敢项链	S02	03-@iceglidevibes		刘茜	美国		53	0	¥0.00	¥0.00
https://www.tiktok.com/@iceglidevibes/video/7589159306784820494?_r=1&_t=ZT-92feaRT6kjl	2025/12/29	钥匙扣	S01	03-@iceglidevibes		刘茜	美国		40	0	¥0.00	¥0.00
https://www.tiktok.com/@iceglidevibes/video/7589159818410200375?_r=1&_t=ZT-92fearNSctq	2025/12/29	勇敢项链	S02	03-@iceglidevibes		赵雅如	美国		52	0	¥0.00	¥0.00
https://www.tiktok.com/@skateglowonice/video/7589118850017398030?_r=1&_t=ZT-92drdWTiMT0	2025/12/29	勇敢项链	S02	11-@skateglowonice		公司	美国		78	0	¥0.00	¥0.00
https://www.tiktok.com/@skateglowonice/video/7589119381901233421?_r=1&_t=ZT-92drgAYQBv3	2025/12/29	勇敢项链	测1	11-@skateglowonice		刘茜	美国		25	0	¥0.00	¥0.00
https://www.tiktok.com/@skateglowonice/video/7589125825874758967?_r=1&_t=ZT-92dreeyDhy1	2025/12/29	勇敢项链	测1	11-@skateglowonice		刘茜	美国		25	0	¥0.00	¥0.00
https://www.tiktok.com/@skateglowonice/video/7589128014118604046?_r=1&_t=ZT-92drjUR24YY	2025/12/29	勇敢项链	S02	11-@skateglowonice		赵雅如	美国		543	0	¥0.00	¥0.00
https://www.tiktok.com/@skateglowonice/video/7589134427293240589?_r=1&_t=ZT-92drh1mUswZ	2025/12/29	钥匙扣	S01	11-@skateglowonice		赵雅如	美国		33	0	¥0.00	¥0.00
https://www.tiktok.com/@skatestride/video/7589161056363236638?_r=1&_t=ZP-92dufRg5xio	2025/12/29	钥匙扣	S02	@skatestride（已弃用）		赵永琦	美国		13	0	¥0.00	¥0.00
https://www.tiktok.com/@skatestride/video/7589161625492507934?_r=1&_t=ZP-92duh7GoxG3	2025/12/29	勇敢项链	S03	@skatestride（已弃用）		公司	美国		529	0	¥0.00	¥0.00
https://www.tiktok.com/@skatestride/video/7589162254671629599?_r=1&_t=ZP-92duipk6KEQ	2025/12/29	钥匙扣	S01	@skatestride（已弃用）		刘茜	美国		9	0	¥0.00	¥0.00
https://www.tiktok.com/@skatestride/video/7589162947906129183?_r=1&_t=ZP-92ffS5zyRvK	2025/12/29	勇敢项链	测1	@skatestride（已弃用）		刘茜	美国		28	0	¥0.00	¥0.00
https://www.tiktok.com/@skatestride/video/7589163503592803614?_r=1&_t=ZP-92ffTxvPyKl	2025/12/29	勇敢项链	S02	@skatestride（已弃用）		赵雅如	美国		33	0	¥0.00	¥0.00
https://www.tiktok.com/@fttgyuhji/video/7589572997493574926?_r=1&_t=ZT-92fa7YOcYBr	2025/12/30	钥匙扣	S03	@fttgyuhji(已弃用)		赵永琦	美国		1	0	¥0.00	¥0.00
https://www.tiktok.com/@fttgyuhji/video/7589665825573850382?_r=1&_t=ZT-92fa93TLtcV	2025/12/30	勇敢项链	测1	@fttgyuhji(已弃用)		刘茜	美国		1,783	0	¥0.00	¥0.00
https://www.tiktok.com/@fttgyuhji/video/7589846781668658487	2025/12/30	勇敢项链	S02	@fttgyuhji(已弃用)		赵雅如	美国		2	0	¥0.00	¥0.00
https://www.tiktok.com/@fttgyuhji/video/7589891581944057143	2025/12/30	父亲节手环	桌拍	@fttgyuhji(已弃用)		赵雅如	美国		3	0	¥0.00	¥0.00
https://www.tiktok.com/@gracefulwheelsgirl/video/7589254566625955085?_r=1&_t=ZT-92dw4kVGf77	2025/12/30	钥匙扣	S03	07-@gracefulwheelsgirl		赵永琦	美国		81	0	¥0.00	¥0.00
https://www.tiktok.com/@gracefulwheelsgirl/video/7589255057623829773?_r=1&_t=ZT-92dw85MaMgJ	2025/12/30	勇敢项链	测1	07-@gracefulwheelsgirl		刘茜	美国		65	0	¥0.00	¥0.00
https://www.tiktok.com/@gracefulwheelsgirl/video/7589255563259743543?_r=1&_t=ZT-92dwAeBhwcQ	2025/12/30	父亲节手环	桌拍	07-@gracefulwheelsgirl		赵雅如	美国		107	0	¥0.00	¥0.00
https://www.tiktok.com/@gracefulwheelsgirl/video/7589255808458837303	2025/12/30	勇敢项链	S01	07-@gracefulwheelsgirl		赵雅如	美国		42	0	¥0.00	¥0.00
https://www.tiktok.com/@grindguydiaries/video/7589261065259584798?_r=1&_t=ZP-92dtiLe9Iqd	2025/12/30	钥匙扣	S04	09-@grindguydiaries		赵永琦	美国		119	0	¥0.00	¥0.00
https://www.tiktok.com/@grindguydiaries/video/7589263179255991582?_r=1&_t=ZP-92dtjuUVcWU	2025/12/30	勇敢项链	测1	09-@grindguydiaries		刘茜	美国		99	0	¥0.00	¥0.00
https://www.tiktok.com/@grindguydiaries/video/7589265146061655326?_r=1&_t=ZP-92dtlVfrSIB	2025/12/30	勇敢项链	S02	09-@grindguydiaries		赵雅如	美国		1,146	0	¥0.00	¥0.00
https://www.tiktok.com/@grindguydiaries/video/7589478750060940575?_r=1&_t=ZP-92faYNecAvv	2025/12/30	父亲节手环	桌拍	09-@grindguydiaries		赵雅如	美国		57	0	¥0.00	¥0.00
https://www.tiktok.com/@hesonskates/video/7589257215035329806?_r=1&_t=ZT-92dwoqoEF9T	2025/12/30	钥匙扣	S04	@hesonskates（已弃用）		赵永琦	美国		13	0	¥0.00	¥0.00
https://www.tiktok.com/@hesonskates/video/7589257548671372557?_r=1&_t=ZT-92dwrxkc4Ix	2025/12/30	勇敢项链	测1	@hesonskates（已弃用）		刘茜	美国		3	0	¥0.00	¥0.00
https://www.tiktok.com/@hesonskates/video/7589257926259363086?_r=1&_t=ZT-92dwqZ6Qhwb	2025/12/30	父亲节手环	测1	@hesonskates（已弃用）		刘茜	美国		110	0	¥0.00	¥0.00
https://www.tiktok.com/@hesonskates/video/7589258843360693559?_r=1&_t=ZT-92dwu7MsJvZ	2025/12/30	勇敢项链	S02	@hesonskates（已弃用）		赵雅如	美国		45	0	¥0.00	¥0.00
https://www.tiktok.com/@hisrollerjourneys/video/7589257813503806750?_r=1&_t=ZP-92dvoA2IMAA	2025/12/30	钥匙扣	S04	05-@hisrollerjourneys		赵永琦	美国		37	0	¥0.00	¥0.00
https://www.tiktok.com/@hisrollerjourneys/video/7589258491169148191?_r=1&_t=ZP-92dvqolrfSh	2025/12/30	父亲节手环	测1	05-@hisrollerjourneys		刘茜	美国		136	0	¥0.00	¥0.00
https://www.tiktok.com/@hisrollerjourneys/video/7589258956925717790?_r=1&_t=ZP-92dvtAI93Xy	2025/12/30	勇敢项链	测3	05-@hisrollerjourneys		刘茜	美国		40	0	¥0.00	¥0.00
https://www.tiktok.com/@hisrollerjourneys/video/7589259291085770015?_r=1&_t=ZP-92dvuZrPEY2	2025/12/30	勇敢项链	S01	05-@hisrollerjourneys		赵雅如	美国		73	0	¥0.00	¥0.00
https://www.tiktok.com/@icebladefreedom/video/7589251647168138509?_r=1&_t=ZT-92dr7geYpeY	2025/12/30	钥匙扣	S03	12-@icebladefreedom		赵永琦	美国		663	0	¥0.00	¥0.00
https://www.tiktok.com/@icebladefreedom/video/7589252081228205325?_r=1&_t=ZT-92drDaXmGnV	2025/12/30	勇敢项链	测3	12-@icebladefreedom		刘茜	美国		380	0	¥0.00	¥0.00
https://www.tiktok.com/@icebladefreedom/video/7589252680674037005?_r=1&_t=ZT-92drDU100H9	2025/12/30	父亲节手环	桌拍	12-@icebladefreedom		赵雅如	美国		343	0	¥0.00	¥0.00
https://www.tiktok.com/@icebladefreedom/video/7589253309609872695?_r=1&_t=ZT-92drGSap1hX	2025/12/30	勇敢项链	S01	12-@icebladefreedom		赵雅如	美国		674	0	¥0.00	¥0.00
https://www.tiktok.com/@iceglidevibes/video/7589253429780925710?_r=1&_t=ZT-92fecmPc8LX	2025/12/30	勇敢项链	一镜到底	03-@iceglidevibes		公司	美国		41	0	¥0.00	¥0.00
https://www.tiktok.com/@iceglidevibes/video/7589254628244475191?_r=1&_t=ZT-92fecDph5cE	2025/12/30	勇敢项链	测1	03-@iceglidevibes		刘茜	美国		60	0	¥0.00	¥0.00
https://www.tiktok.com/@iceglidevibes/video/7589255144886373646?_r=1&_t=ZT-92feg49MIaj	2025/12/30	父亲节手环	测1	03-@iceglidevibes		刘茜	美国		78	0	¥0.00	¥0.00
https://www.tiktok.com/@iceglidevibes/video/7589255734290828557?_r=1&_t=ZT-92fehb1430R	2025/12/30	勇敢项链	S02	03-@iceglidevibes		赵雅如	美国		64	0	¥0.00	¥0.00
https://www.tiktok.com/@la.negrita.1/video/7589261178606521613?_r=1&_t=ZT-92dv1rMVBMl	2025/12/30	钥匙扣	S03	36-@la.negrita.1		赵永琦	美国		121	0	¥0.00	¥0.00
https://www.tiktok.com/@la.negrita.1/video/7589264291392490765?_r=1&_t=ZT-92dv7VetlHC	2025/12/30	勇敢项链	测1	36-@la.negrita.1		刘茜	美国		102	0	¥0.00	¥0.00
https://www.tiktok.com/@la.negrita.1/video/7589264428445584654?_r=1&_t=ZT-92dvBnHSEQv	2025/12/30	父亲节手环	桌拍	36-@la.negrita.1		赵雅如	美国		133	0	¥0.00	¥0.00
https://www.tiktok.com/@la.negrita.1/video/7589264819732237581?_r=1&_t=ZT-92dvAJHk92k	2025/12/30	勇敢项链	S01	36-@la.negrita.1		赵雅如	美国		83	0	¥0.00	¥0.00
https://www.tiktok.com/@melvqvs/video/7589258340304243998?_r=1&_t=ZP-92mWh1kzHgM	2025/12/30	父亲节手环	桌拍	10-@melvqvs		赵雅如	美国		266	0	¥0.00	¥0.00
https://www.tiktok.com/@melvqvs/video/7589259419049823519?_r=1&_t=ZP-92mWemoNFEN	2025/12/30	勇敢项链	测3	10-@melvqvs		刘茜	美国		837	0	¥0.00	¥0.00
https://www.tiktok.com/@melvqvs/video/7589259546812599583?_r=1&_t=ZP-92mWfzNjxIl	2025/12/30	勇敢项链	S02	10-@melvqvs		赵雅如	美国		712	0	¥0.00	¥0.00
https://www.tiktok.com/@melvqvs/video/7589265469404663070?_r=1&_t=ZP-92mWeARMxxe	2025/12/30	钥匙扣	S03	10-@melvqvs		赵永琦	美国		546	0	¥0.00	¥0.00
https://www.tiktok.com/@rawrollhisstyle/video/7589259578982927647?_r=1&_t=ZP-92dwWRy66O6	2025/12/30	勇敢项链	一镜到底	08-@rawrollhisstyle		公司	美国		584	0	¥0.00	¥0.00
https://www.tiktok.com/@rawrollhisstyle/video/7589260209281944863?_r=1&_t=ZP-92dwYSfMaZr	2025/12/30	父亲节手环	测1	08-@rawrollhisstyle		刘茜	美国		128	0	¥0.00	¥0.00
https://www.tiktok.com/@rawrollhisstyle/video/7589261165218237727?_r=1&_t=ZP-92dwZS3quMQ	2025/12/30	勇敢项链	测3	08-@rawrollhisstyle		刘茜	美国		619	0	¥0.00	¥0.00
https://www.tiktok.com/@rawrollhisstyle/video/7589261445456596254?_r=1&_t=ZP-92dway0V95y	2025/12/30	勇敢项链	S01	08-@rawrollhisstyle		赵雅如	美国		43	0	¥0.00	¥0.00
https://www.tiktok.com/@skateglowonice/video/7589257515590831373?_r=1&_t=ZT-92drpLG3zVG	2025/12/30	勇敢项链	S02	11-@skateglowonice		赵雅如	美国		474	0	¥0.00	¥0.00
https://www.tiktok.com/@skateglowonice/video/7589257991644384526?_r=1&_t=ZT-92drqWdfKgJ	2025/12/30	父亲节手环	测1	11-@skateglowonice		刘茜	美国		120	0	¥0.00	¥0.00
https://www.tiktok.com/@skateglowonice/video/7589258669452201271?_r=1&_t=ZT-92drtViyw8V	2025/12/30	勇敢项链	测3	11-@skateglowonice		刘茜	美国		89	0	¥0.00	¥0.00
https://www.tiktok.com/@skateglowonice/video/7589259229790211341?_r=1&_t=ZT-92fZEDFhjQM	2025/12/30	钥匙扣	S04	11-@skateglowonice		赵永琦	美国		218	0	¥0.00	¥0.00
https://www.tiktok.com/@skatestride/video/7589254073040260383?_r=1&_t=ZP-92ffVRzhdPS	2025/12/30	钥匙扣	S04	@skatestride（已弃用）		赵永琦	美国		281	0	¥0.00	¥0.00
https://www.tiktok.com/@skatestride/video/7589254808012459295?_r=1&_t=ZP-92ffX0nU395	2025/12/30	勇敢项链	S02	@skatestride（已弃用）		刘茜	美国		36	0	¥0.00	¥0.00
https://www.tiktok.com/@skatestride/video/7589255752271858975?_r=1&_t=ZP-92ffYUGqLXi	2025/12/30	父亲节手环	测1	@skatestride（已弃用）		刘茜	美国		90	0	¥0.00	¥0.00
https://www.tiktok.com/@skatestride/video/7589256248223075614?_r=1&_t=ZP-92ffZkA3XVG	2025/12/30	勇敢项链	S01	@skatestride（已弃用）		赵雅如	美国		34	0	¥0.00	¥0.00
https://www.tiktok.com/@fttgyuhji/video/7589899121562012983	2025/12/31	勇敢项链	S03	@fttgyuhji(已弃用)		公司	美国		18	0	¥0.00	¥0.00
https://www.tiktok.com/@fttgyuhji/video/7589959307639213367	2025/12/31	勇敢项链	S03	@fttgyuhji(已弃用)		公司	美国		4	0	¥0.00	¥0.00
https://www.tiktok.com/@fttgyuhji/video/7590318594987216183	2025/12/31	勇敢项链	测1	@fttgyuhji(已弃用)		刘茜	美国		17	0	¥0.00	¥0.00
https://www.tiktok.com/@fttgyuhji/video/7591090425532927245	2025/12/31	勇敢项链	S02	@fttgyuhji(已弃用)		谢园园	美国		651	0	¥0.00	¥0.00
https://www.tiktok.com/@fttgyuhji/video/7591322124904615181	2025/12/31	勇敢项链	S02	@fttgyuhji(已弃用)		公司	美国		498	0	¥0.00	¥0.00
https://www.tiktok.com/@fttgyuhji/video/7591385765339270413	2025/12/31	钥匙扣	S01	@fttgyuhji(已弃用)		刘茜	美国		257	0	¥0.00	¥0.00
https://www.tiktok.com/@fttgyuhji/video/7591453787340967182	2025/12/31	父亲节手环	S02	@fttgyuhji(已弃用)		涂欣然	美国		274	0	¥0.00	¥0.00
https://www.tiktok.com/@fttgyuhji/video/7591699077696343309	2025/12/31	勇敢项链	一镜到底	@fttgyuhji(已弃用)		赵雅如	美国		2	0	¥0.00	¥0.00
https://www.tiktok.com/@glidespindiaries/video/7589617807655095565?_r=1&_t=ZT-92fe36GlCAJ	2025/12/31	勇敢项链	S03	@glidespindiaries（已弃用）		公司	美国		0	0	¥0.00	¥0.00
https://www.tiktok.com/@glidespindiaries/video/7589618239202659639?_r=1&_t=ZT-92fe4tZEfdO	2025/12/31	勇敢项链	S03	@glidespindiaries（已弃用）		公司	美国		0	0	¥0.00	¥0.00
https://www.tiktok.com/@glidespindiaries/video/7589618722009074957?_r=1&_t=ZT-92fe6qUNngV	2025/12/31	勇敢项链	测3	@glidespindiaries（已弃用）		刘茜	美国		0	0	¥0.00	¥0.00
https://www.tiktok.com/@glidespindiaries/video/7589618794138569997?_r=1&_t=ZT-92feDDff6T7	2025/12/31	勇敢项链	S02	@glidespindiaries（已弃用）		谢园园	美国		0	0	¥0.00	¥0.00
https://www.tiktok.com/@glidespindiaries/video/7589916073286290702	2025/12/31	钥匙扣	S01	@glidespindiaries（已弃用）		刘茜	美国		0	0	¥0.00	¥0.00
https://www.tiktok.com/@glidespindiaries/video/7589916994401520910	2025/12/31	勇敢项链	S02	@glidespindiaries（已弃用）		涂欣然	美国		0	0	¥0.00	¥0.00
https://www.tiktok.com/@glidespindiaries/video/7589917376917835022	2025/12/31	父亲节手环	测1	@glidespindiaries（已弃用）		涂欣然	美国		0	0	¥0.00	¥0.00
https://www.tiktok.com/@glidespindiaries/video/7589918034576280845	2025/12/31	勇敢项链	测3	@glidespindiaries（已弃用）		赵雅如	美国		0	0	¥0.00	¥0.00
https://www.tiktok.com/@gracefulwheelsgirl/video/7589597587456511245	2025/12/31	勇敢项链	S02	07-@gracefulwheelsgirl		公司	美国		25	0	¥0.00	¥0.00
https://www.tiktok.com/@gracefulwheelsgirl/video/7589598456575003959	2025/12/31	勇敢项链	S02	07-@gracefulwheelsgirl		公司	美国		44	0	¥0.00	¥0.00
https://www.tiktok.com/@gracefulwheelsgirl/video/7589599085275925773	2025/12/31	勇敢项链	测1	07-@gracefulwheelsgirl		刘茜	美国		55	0	¥0.00	¥0.00
https://www.tiktok.com/@gracefulwheelsgirl/video/7589599141500652813	2025/12/31	勇敢项链	S02	07-@gracefulwheelsgirl		谢园园	美国		41	0	¥0.00	¥0.00
https://www.tiktok.com/@gracefulwheelsgirl/video/7589911740909899022	2025/12/31	钥匙扣	S01	07-@gracefulwheelsgirl		刘茜	美国		42	0	¥0.00	¥0.00
https://www.tiktok.com/@gracefulwheelsgirl/video/7589913071355694349	2025/12/31	父亲节手环	S02	07-@gracefulwheelsgirl		涂欣然	美国		157	0	¥0.00	¥0.00
https://www.tiktok.com/@gracefulwheelsgirl/video/7589913241258675469	2025/12/31	勇敢项链	一镜到底	07-@gracefulwheelsgirl		谢园园	美国		70	0	¥0.00	¥0.00
https://www.tiktok.com/@gracefulwheelsgirl/video/7589913405163621687	2025/12/31	勇敢项链	测1	07-@gracefulwheelsgirl		赵雅如	美国		30	0	¥0.00	¥0.00
https://www.tiktok.com/@grindguydiaries/video/7589597264809594143?_r=1&_t=ZP-92faaFc1inO	2025/12/31	勇敢项链	S03	09-@grindguydiaries		公司	美国		642	0	¥0.00	¥0.00
https://www.tiktok.com/@grindguydiaries/video/7589597913035083039?_r=1&_t=ZP-92fabVYfL2N	2025/12/31	勇敢项链	S03	09-@grindguydiaries		公司	美国		19	0	¥0.00	¥0.00
https://www.tiktok.com/@grindguydiaries/video/7589600717552274718?_r=1&_t=ZP-92fadFrAWmV	2025/12/31	勇敢项链	测1	09-@grindguydiaries		刘茜	美国		17	0	¥0.00	¥0.00
https://www.tiktok.com/@grindguydiaries/video/7589601126748540190?_r=1&_t=ZP-92faebjN2Ao	2025/12/31	勇敢项链	S02	09-@grindguydiaries		谢园园	美国		542	0	¥0.00	¥0.00
https://www.tiktok.com/@grindguydiaries/video/7589920831598267679	2025/12/31	勇敢项链	S02	09-@grindguydiaries		刘茜	美国		561	0	¥0.00	¥0.00
https://www.tiktok.com/@grindguydiaries/video/7589921103858978079	2025/12/31	钥匙扣	S01	09-@grindguydiaries		刘茜	美国		17	0	¥0.00	¥0.00
https://www.tiktok.com/@grindguydiaries/video/7589921906984291614	2025/12/31	父亲节手环	测1	09-@grindguydiaries		涂欣然	美国		335	0	¥0.00	¥0.00
https://www.tiktok.com/@grindguydiaries/video/7589921912164338975	2025/12/31	勇敢项链	测3	09-@grindguydiaries		赵雅如	美国		16	0	¥0.00	¥0.00
https://www.tiktok.com/@hisrollerjourneys/video/7589912363252370719	2025/12/31	钥匙扣	S01	05-@hisrollerjourneys		刘茜	美国		53	0	¥0.00	¥0.00
https://www.tiktok.com/@hisrollerjourneys/video/7589913615596014879	2025/12/31	父亲节手环	测1	05-@hisrollerjourneys		谢园园	美国		170	0	¥0.00	¥0.00
https://www.tiktok.com/@hisrollerjourneys/video/7589915285772061982	2025/12/31	勇敢项链	一镜到底	05-@hisrollerjourneys		谢园园	美国		39	0	¥0.00	¥0.00
https://www.tiktok.com/@hisrollerjourneys/video/7589916822066040094	2025/12/31	勇敢项链	测3	05-@hisrollerjourneys		赵雅如	美国		99	0	¥0.00	¥0.00
https://www.tiktok.com/@icebladefreedom/video/7589605639710690573?_r=1&_t=ZT-92fYaX5zRoz	2025/12/31	勇敢项链	S02	12-@icebladefreedom		公司	美国		38	0	¥0.00	¥0.00
https://www.tiktok.com/@icebladefreedom/video/7589606311835356429?_r=1&_t=ZT-92fYcSGQpP4	2025/12/31	钥匙扣	S01	12-@icebladefreedom		刘茜	美国		274	0	¥0.00	¥0.00
https://www.tiktok.com/@icebladefreedom/video/7589614648090053902?_r=1&_t=ZT-92fYdmbCbiY	2025/12/31	勇敢项链	测1	12-@icebladefreedom		刘茜	美国		600	0	¥0.00	¥0.00
https://www.tiktok.com/@icebladefreedom/video/7589615007512431885?_r=1&_t=ZT-92fYeHTFj8n	2025/12/31	勇敢项链	S02	12-@icebladefreedom		谢园园	美国		663	0	¥0.00	¥0.00
https://www.tiktok.com/@icebladefreedom/video/7589922127709621517	2025/12/31	钥匙扣	S01	12-@icebladefreedom		赵雅如	美国		32	0	¥0.00	¥0.00
https://www.tiktok.com/@icebladefreedom/video/7589922540080893197	2025/12/31	勇敢项链	S02	12-@icebladefreedom		刘茜	美国		27	0	¥0.00	¥0.00
https://www.tiktok.com/@icebladefreedom/video/7589922703109393678	2025/12/31	父亲节手环	测1	12-@icebladefreedom		涂欣然	美国		67	0	¥0.00	¥0.00
https://www.tiktok.com/@icebladefreedom/video/7589923152541568311	2025/12/31	勇敢项链	一镜到底	12-@icebladefreedom		赵雅如	美国		541	0	¥0.00	¥0.00
https://www.tiktok.com/@kbsebidn/video/7589600134938316062	2025/12/31	勇敢项链	S03	@kbsebidn(已弃用)		公司	美国		6	0	¥0.00	¥0.00
https://www.tiktok.com/@kbsebidn/video/7589847080785448223	2025/12/31	钥匙扣	S01	@kbsebidn(已弃用)		刘茜	美国		1	0	¥0.00	¥0.00
https://www.tiktok.com/@kbsebidn/video/7589921033361132830	2025/12/31	勇敢项链	测3	@kbsebidn(已弃用)		刘茜	美国		1	0	¥0.00	¥0.00
https://www.tiktok.com/@kbsebidn/video/7589957843915197727	2025/12/31	勇敢项链	S02	@kbsebidn(已弃用)		谢园园	美国		2	0	¥0.00	¥0.00
https://www.tiktok.com/@kbsebidn/video/7590318624154340639	2025/12/31	钥匙扣	S01	@kbsebidn(已弃用)		赵雅如	美国		268	0	¥0.00	¥0.00
https://www.tiktok.com/@kbsebidn/video/7591090807591931166	2025/12/31	勇敢项链	S02	@kbsebidn(已弃用)		刘茜	美国		477	0	¥0.00	¥0.00
https://www.tiktok.com/@kbsebidn/video/7591322283742874911	2025/12/31	父亲节手环	测1	@kbsebidn(已弃用)		涂欣然	美国		267	0	¥0.00	¥0.00
https://www.tiktok.com/@kbsebidn/video/7591385660896906526	2025/12/31	勇敢项链	S01	@kbsebidn(已弃用)		赵雅如	美国		2	0	¥0.00	¥0.00
https://www.tiktok.com/@melvqvs/video/7589624486241094942?_r=1&_t=ZP-92fg8KkNB1D	2025/12/31	勇敢项链	S02	10-@melvqvs		公司	美国		548	0	¥0.00	¥0.00
https://www.tiktok.com/@melvqvs/video/7589624722401398047?_r=1&_t=ZP-92fgA3HLfzj	2025/12/31	勇敢项链	S02	10-@melvqvs		公司	美国		1,351	0	¥0.00	¥0.00
https://www.tiktok.com/@melvqvs/video/7589625113792761118?_r=1&_t=ZP-92fgDruq6EY	2025/12/31	勇敢项链	S02	10-@melvqvs		涂欣然	美国		1,850	0	¥0.00	¥0.00
https://www.tiktok.com/@melvqvs/video/7589625451522329886?_r=1&_t=ZP-92fgFS6vBs7	2025/12/31	勇敢项链	S02	10-@melvqvs		谢园园	美国		608	0	¥0.00	¥0.00
https://www.tiktok.com/@melvqvs/video/7589914033944300830	2025/12/31	钥匙扣	S01	10-@melvqvs		刘茜	美国		202	0	¥0.00	¥0.00
https://www.tiktok.com/@melvqvs/video/7589915251982847263	2025/12/31	勇敢项链	S02	10-@melvqvs		涂欣然	美国		670	0	¥0.00	¥0.00
https://www.tiktok.com/@melvqvs/video/7589917171925404958	2025/12/31	父亲节手环	S02	10-@melvqvs		涂欣然	美国		274	0	¥0.00	¥0.00
https://www.tiktok.com/@melvqvs/video/7589918285878054174	2025/12/31	勇敢项链	测3	10-@melvqvs		赵雅如	美国		296	0	¥0.00	¥0.00
https://www.tiktok.com/@rawrollhisstyle/video/7589601787557006623	2025/12/31	勇敢项链	S03	08-@rawrollhisstyle		公司	美国		16	0	¥0.00	¥0.00
https://www.tiktok.com/@rawrollhisstyle/video/7589602080793382174	2025/12/31	勇敢项链	S03	08-@rawrollhisstyle		公司	美国		25	0	¥0.00	¥0.00
https://www.tiktok.com/@rawrollhisstyle/video/7589602431273585951	2025/12/31	勇敢项链	S02	08-@rawrollhisstyle		谢园园	美国		15	0	¥0.00	¥0.00
https://www.tiktok.com/@rawrollhisstyle/video/7589602777270160670	2025/12/31	勇敢项链	测1	08-@rawrollhisstyle		刘茜	美国		17	0	¥0.00	¥0.00
https://www.tiktok.com/@rawrollhisstyle/video/7589917375907056926	2025/12/31	钥匙扣	S01	08-@rawrollhisstyle		赵雅如	美国		264	0	¥0.00	¥0.00
https://www.tiktok.com/@rawrollhisstyle/video/7589918025525054750	2025/12/31	父亲节手环	测1	08-@rawrollhisstyle		涂欣然	美国		128	0	¥0.00	¥0.00
https://www.tiktok.com/@rawrollhisstyle/video/7589918330086018335	2025/12/31	勇敢项链	一镜到底	08-@rawrollhisstyle		谢园园	美国		19	0	¥0.00	¥0.00
https://www.tiktok.com/@rawrollhisstyle/video/7589919029624589598	2025/12/31	勇敢项链	测3	08-@rawrollhisstyle		赵雅如	美国		66	0	¥0.00	¥0.00
https://www.tiktok.com/@rollerrebel0/video/7589613638722391351?_r=1&_t=ZT-92fgy01Kneg	2025/12/31	勇敢项链	S02	16-@rollerrebel0		公司	美国		49	0	¥0.00	¥0.00
https://www.tiktok.com/@rollerrebel0/video/7589614158211976462?_r=1&_t=ZT-92fh2MrDlD3	2025/12/31	勇敢项链	S03	16-@rollerrebel0		公司	美国		21	0	¥0.00	¥0.00
https://www.tiktok.com/@rollerrebel0/video/7589614553097325838?_r=1&_t=ZT-92fh1BJzV7t	2025/12/31	勇敢项链	测1	16-@rollerrebel0		刘茜	美国		26	0	¥0.00	¥0.00
https://www.tiktok.com/@rollerrebel0/video/7589614908426210615?_r=1&_t=ZT-92fh3NDbIvP	2025/12/31	勇敢项链	S02	16-@rollerrebel0		谢园园	美国		22	0	¥0.00	¥0.00
https://www.tiktok.com/@rollerrebel0/video/7589917798890065207	2025/12/31	钥匙扣	S01	16-@rollerrebel0		赵雅如	美国		26	0	¥0.00	¥0.00
https://www.tiktok.com/@rollerrebel0/video/7589919271396953358	2025/12/31	父亲节手环	测1	16-@rollerrebel0		涂欣然	美国		87	0	¥0.00	¥0.00
https://www.tiktok.com/@rollerrebel0/video/7589919766219951415	2025/12/31	勇敢项链	S02	16-@rollerrebel0		谢园园	美国		43	0	¥0.00	¥0.00
https://www.tiktok.com/@rollerrebel0/video/7589920349798583566	2025/12/31	勇敢项链	测3	16-@rollerrebel0		赵雅如	美国		28	0	¥0.00	¥0.00
https://www.tiktok.com/@rollerrush0/video/7589621702506581262?_r=1&_t=ZT-92few3cCaxz	2025/12/31	勇敢项链	S02	@rollerrush0（已弃用）		公司	美国		0	0	¥0.00	¥0.00
https://www.tiktok.com/@rollerrush0/video/7589621847205924151?_r=1&_t=ZT-92feyZtnHYl	2025/12/31	勇敢项链	S03	@rollerrush0（已弃用）		公司	美国		0	0	¥0.00	¥0.00
https://www.tiktok.com/@rollerrush0/video/7589622065192373518?_r=1&_t=ZT-92ff07QgAo3	2025/12/31	勇敢项链	测3	@rollerrush0（已弃用）		刘茜	美国		0	0	¥0.00	¥0.00
https://www.tiktok.com/@rollerrush0/video/7589622486275329294?_r=1&_t=ZT-92ff1B9y4ff	2025/12/31	勇敢项链	S02	@rollerrush0（已弃用）		谢园园	美国		0	0	¥0.00	¥0.00
https://www.tiktok.com/@rollerrush0/video/7589913931452370189	2025/12/31	钥匙扣	S01	@rollerrush0（已弃用）		赵雅如	美国		0	0	¥0.00	¥0.00
https://www.tiktok.com/@rollerrush0/video/7589914239993892151	2025/12/31	勇敢项链	S02	@rollerrush0（已弃用）		涂欣然	美国		0	0	¥0.00	¥0.00
https://www.tiktok.com/@rollerrush0/video/7589915353388420407	2025/12/31	父亲节手环	测1	@rollerrush0（已弃用）		涂欣然	美国		0	0	¥0.00	¥0.00
https://www.tiktok.com/@rollerrush0/video/7589915389203614989	2025/12/31	勇敢项链	S02	@rollerrush0（已弃用）		赵雅如	美国		0	0	¥0.00	¥0.00
https://www.tiktok.com/@skateglowonice/video/7589604220878294285?_r=1&_t=ZT-92fZHUov9pu	2025/12/31	勇敢项链	S03	11-@skateglowonice		公司	美国		100	0	¥0.00	¥0.00
https://www.tiktok.com/@skateglowonice/video/7589604557060164919?_r=1&_t=ZT-92fZGaafjcj	2025/12/31	钥匙扣	S01	11-@skateglowonice		刘茜	美国		66	0	¥0.00	¥0.00
https://www.tiktok.com/@skateglowonice/video/7589605044564118798?_r=1&_t=ZT-92fZKeys1NH	2025/12/31	勇敢项链	测3	11-@skateglowonice		刘茜	美国		37	0	¥0.00	¥0.00
https://www.tiktok.com/@skateglowonice/video/7589605423183940877?_r=1&_t=ZT-92fZJT6wHW3	2025/12/31	勇敢项链	S02	11-@skateglowonice		谢园园	美国		85	0	¥0.00	¥0.00
https://www.tiktok.com/@skateglowonice/video/7589923003316571405	2025/12/31	勇敢项链	S02	11-@skateglowonice		刘茜	美国		75	0	¥0.00	¥0.00
https://www.tiktok.com/@skateglowonice/video/7589923438169509133	2025/12/31	钥匙扣	S01	11-@skateglowonice		刘茜	美国		48	0	¥0.00	¥0.00
https://www.tiktok.com/@skateglowonice/video/7589923839212113207	2025/12/31	父亲节手环	测1	11-@skateglowonice		涂欣然	美国		174	0	¥0.00	¥0.00
https://www.tiktok.com/@skateglowonice/video/7589924161645022478	2025/12/31	勇敢项链	测3	11-@skateglowonice		赵雅如	美国		24	0	¥0.00	¥0.00
https://www.tiktok.com/@skaterollerodyssey/video/7589622408764575007?_r=1&_t=ZP-92fdbx4qm5f	2025/12/31	勇敢项链	一镜到底	26-@skaterollerodssey		公司	美国		0	0	¥0.00	¥0.00
https://www.tiktok.com/@skaterollerodyssey/video/7589622804379667743?_r=1&_t=ZP-92fde117sKs	2025/12/31	勇敢项链	S03	26-@skaterollerodssey		公司	美国		1,064	0	¥0.00	¥0.00
https://www.tiktok.com/@skaterollerodyssey/video/7589623144235732254?_r=1&_t=ZP-92fdfMrtuF5	2025/12/31	勇敢项链	测3	26-@skaterollerodssey		刘茜	美国		0	0	¥0.00	¥0.00
https://www.tiktok.com/@skaterollerodyssey/video/7589623899139132703?_r=1&_t=ZP-92fdh3UU5wl	2025/12/31	勇敢项链	S02	26-@skaterollerodssey		谢园园	美国		0	0	¥0.00	¥0.00
https://www.tiktok.com/@skaterollerodyssey/video/7589919060427656478	2025/12/31	钥匙扣	S01	26-@skaterollerodssey		赵雅如	美国		0	0	¥0.00	¥0.00
https://www.tiktok.com/@skaterollerodyssey/video/7589919471679180062	2025/12/31	勇敢项链	S02	26-@skaterollerodssey		刘茜	美国		0	0	¥0.00	¥0.00
https://www.tiktok.com/@skaterollerodyssey/video/7589919930846350622	2025/12/31	父亲节手环	测1	26-@skaterollerodssey		涂欣然	美国		0	0	¥0.00	¥0.00
https://www.tiktok.com/@skaterollerodyssey/video/7589920545337068831	2025/12/31	勇敢项链	测3	26-@skaterollerodssey		赵雅如	美国		0	0	¥0.00	¥0.00
https://www.tiktok.com/@fttgyuhji/video/7591761198425656590	2026/01/01	钥匙扣	S01	@fttgyuhji(已弃用)		涂欣然	美国		2	0	¥0.00	¥0.00
https://www.tiktok.com/@glidespindiaries/video/7589964601207344397	2026/01/01	勇敢项链	S02	@glidespindiaries（已弃用）		涂欣然	美国		0	0	¥0.00	¥0.00
https://www.tiktok.com/@glidespindiaries/video/7589964660120620301	2026/01/01	钥匙扣	S01	@glidespindiaries（已弃用）		谢园园	美国		0	0	¥0.00	¥0.00
https://www.tiktok.com/@glidespindiaries/video/7589965113642306829	2026/01/01	钥匙扣	S01	@glidespindiaries（已弃用）		涂欣然	美国		0	0	¥0.00	¥0.00
https://www.tiktok.com/@glidespindiaries/video/7589965509446176014	2026/01/01	勇敢项链	测3	@glidespindiaries（已弃用）		赵雅如	美国		0	0	¥0.00	¥0.00
https://www.tiktok.com/@gracefulwheelsgirl/video/7589963450374294839	2026/01/01	勇敢项链	S02	07-@gracefulwheelsgirl		涂欣然	美国		38	0	¥0.00	¥0.00
https://www.tiktok.com/@gracefulwheelsgirl/video/7589963809519979789	2026/01/01	钥匙扣	S01	07-@gracefulwheelsgirl		涂欣然	美国		41	0	¥0.00	¥0.00
https://www.tiktok.com/@gracefulwheelsgirl/video/7589964089233870135	2026/01/01	钥匙扣	S01	07-@gracefulwheelsgirl		谢园园	美国		39	0	¥0.00	¥0.00
https://www.tiktok.com/@gracefulwheelsgirl/video/7589964332243422478	2026/01/01	勇敢项链	S01	07-@gracefulwheelsgirl		赵雅如	美国		45	0	¥0.00	¥0.00
https://www.tiktok.com/@grindguydiaries/video/7589955697962437918	2026/01/01	钥匙扣	S01	09-@grindguydiaries		涂欣然	美国		219	0	¥0.00	¥0.00
https://www.tiktok.com/@grindguydiaries/video/7589955970319617310	2026/01/01	勇敢项链	S02	09-@grindguydiaries		谢园园	美国		48	0	¥0.00	¥0.00
https://www.tiktok.com/@grindguydiaries/video/7589956959357455646	2026/01/01	钥匙扣	S01	09-@grindguydiaries		谢园园	美国		786	0	¥0.00	¥0.00
https://www.tiktok.com/@grindguydiaries/video/7589957305307778334	2026/01/01	勇敢项链	测3	09-@grindguydiaries		赵雅如	美国		31	0	¥0.00	¥0.00
https://www.tiktok.com/@hisrollerjourneys/video/7589962163666685215	2026/01/01	勇敢项链	S02	05-@hisrollerjourneys		涂欣然	美国		82	0	¥0.00	¥0.00
https://www.tiktok.com/@hisrollerjourneys/video/7589962561500613918	2026/01/01	钥匙扣	S01	05-@hisrollerjourneys		涂欣然	美国		59	0	¥0.00	¥0.00
https://www.tiktok.com/@hisrollerjourneys/video/7589962863339392287	2026/01/01	钥匙扣	S01	05-@hisrollerjourneys		谢园园	美国		54	0	¥0.00	¥0.00
https://www.tiktok.com/@hisrollerjourneys/video/7589963141790911775	2026/01/01	勇敢项链	一镜到底	05-@hisrollerjourneys		赵雅如	美国		82	0	¥0.00	¥0.00
https://www.tiktok.com/@icebladefreedom/video/7589952977046211853	2026/01/01	钥匙扣	S01	12-@icebladefreedom		赵雅如	美国		43	0	¥0.00	¥0.00
https://www.tiktok.com/@icebladefreedom/video/7589953239303458062	2026/01/01	钥匙扣	S03	12-@icebladefreedom		涂欣然	美国		42	0	¥0.00	¥0.00
https://www.tiktok.com/@icebladefreedom/video/7589953572037479694	2026/01/01	勇敢项链	一镜到底	12-@icebladefreedom		谢园园	美国		18	0	¥0.00	¥0.00
https://www.tiktok.com/@icebladefreedom/video/7589953862656675086	2026/01/01	勇敢项链	测3	12-@icebladefreedom		赵雅如	美国		31	0	¥0.00	¥0.00
https://www.tiktok.com/@kbsebidn/video/7591434368111987999	2026/01/01	钥匙扣	S01	@kbsebidn(已弃用)		赵雅如	美国		249	0	¥0.00	¥0.00
https://www.tiktok.com/@melvqvs/video/7589962029067275551	2026/01/01	勇敢项链	S02	10-@melvqvs		涂欣然	美国		1,214	0	¥0.00	¥0.00
https://www.tiktok.com/@melvqvs/video/7589962422610398494	2026/01/01	钥匙扣	S03	10-@melvqvs		涂欣然	美国		843	0	¥0.00	¥0.00
https://www.tiktok.com/@melvqvs/video/7589962976992464159	2026/01/01	勇敢项链	S01	10-@melvqvs		赵雅如	美国		1,167	0	¥0.00	¥0.00
https://www.tiktok.com/@melvqvs/video/7589963518267395359	2026/01/01	钥匙扣	S01	10-@melvqvs		谢园园	美国		287	0	¥0.00	¥0.00
https://www.tiktok.com/@rawrollhisstyle/video/7589959681062292767	2026/01/01	勇敢项链	S02	08-@rawrollhisstyle		涂欣然	美国		37	0	¥0.00	¥0.00
https://www.tiktok.com/@rawrollhisstyle/video/7589960122378620190	2026/01/01	钥匙扣	S03	08-@rawrollhisstyle		涂欣然	美国		47	0	¥0.00	¥0.00
https://www.tiktok.com/@rawrollhisstyle/video/7589960550210129182	2026/01/01	钥匙扣	S01	08-@rawrollhisstyle		谢园园	美国		32	0	¥0.00	¥0.00
https://www.tiktok.com/@rawrollhisstyle/video/7589961569522437407	2026/01/01	勇敢项链	测3	08-@rawrollhisstyle		赵雅如	美国		27	0	¥0.00	¥0.00
https://www.tiktok.com/@rollerrebel0/video/7589966602200730893	2026/01/01	勇敢项链	S02	16-@rollerrebel0		涂欣然	美国		17	0	¥0.00	¥0.00
https://www.tiktok.com/@rollerrebel0/video/7589967065763663117	2026/01/01	钥匙扣	S03	16-@rollerrebel0		涂欣然	美国		29	0	¥0.00	¥0.00
https://www.tiktok.com/@rollerrebel0/video/7589967401454800141	2026/01/01	钥匙扣	S01	16-@rollerrebel0		谢园园	美国		40	0	¥0.00	¥0.00
https://www.tiktok.com/@rollerrebel0/video/7589967817764605198	2026/01/01	勇敢项链	一镜到底	16-@rollerrebel0		赵雅如	美国		33	0	¥0.00	¥0.00
https://www.tiktok.com/@rollerrush0/video/7589967363001322765	2026/01/01	勇敢项链	S02	@rollerrush0（已弃用）		涂欣然	美国		0	0	¥0.00	¥0.00
https://www.tiktok.com/@rollerrush0/video/7589967601820831031	2026/01/01	钥匙扣	S03	@rollerrush0（已弃用）		涂欣然	美国		0	0	¥0.00	¥0.00
https://www.tiktok.com/@rollerrush0/video/7589968307483200782	2026/01/01	钥匙扣	S01	@rollerrush0（已弃用）		谢园园	美国		0	0	¥0.00	¥0.00
https://www.tiktok.com/@rollerrush0/video/7589968539197492494	2026/01/01	勇敢项链	测3	@rollerrush0（已弃用）		赵雅如	美国		0	0	¥0.00	¥0.00
https://www.tiktok.com/@skateglowonice/video/7589964985871224078	2026/01/01	钥匙扣	S01	11-@skateglowonice		赵雅如	美国		25	0	¥0.00	¥0.00
https://www.tiktok.com/@skateglowonice/video/7589965249881672973	2026/01/01	钥匙扣	S03	11-@skateglowonice		涂欣然	美国		32	0	¥0.00	¥0.00
https://www.tiktok.com/@skateglowonice/video/7589965726585343246	2026/01/01	勇敢项链	一镜到底	11-@skateglowonice		谢园园	美国		53	0	¥0.00	¥0.00
https://www.tiktok.com/@skateglowonice/video/7589965998762036535	2026/01/01	勇敢项链	S01	11-@skateglowonice		赵雅如	美国		75	0	¥0.00	¥0.00
https://www.tiktok.com/@skaterollerodyssey/video/7589965991392611615	2026/01/01	钥匙扣	S03	26-@skaterollerodssey		涂欣然	美国		0	0	¥0.00	¥0.00
https://www.tiktok.com/@skaterollerodyssey/video/7589966289867689246	2026/01/01	勇敢项链	一镜到底	26-@skaterollerodssey		谢园园	美国		0	0	¥0.00	¥0.00
https://www.tiktok.com/@skaterollerodyssey/video/7589966434298629407	2026/01/01	钥匙扣	S01	26-@skaterollerodssey		谢园园	美国		0	0	¥0.00	¥0.00
https://www.tiktok.com/@skaterollerodyssey/video/7589966841699732767	2026/01/01	勇敢项链	S02	26-@skaterollerodssey		赵雅如	美国		0	0	¥0.00	¥0.00
https://www.tiktok.com/@glidespindiaries/video/7591408905499069751	2026/01/04	勇敢项链	S02	@glidespindiaries（已弃用）		涂欣然	美国		0	0	¥0.00	¥0.00
https://www.tiktok.com/@glidespindiaries/video/7591409073086647566	2026/01/04	钥匙扣	S03	@glidespindiaries（已弃用）		刘茜	美国		0	0	¥0.00	¥0.00
https://www.tiktok.com/@glidespindiaries/video/7591409170620910903	2026/01/04	钥匙扣	S03	@glidespindiaries（已弃用）		赵雅如	美国		0	0	¥0.00	¥0.00
https://www.tiktok.com/@glidespindiaries/video/7591490608263466295	2026/01/04	勇敢项链	S02	@glidespindiaries（已弃用）		涂欣然	美国		0	0	¥0.00	¥0.00
https://www.tiktok.com/@gracefulwheelsgirl/video/7591405350893538615	2026/01/04	钥匙扣	S03	07-@gracefulwheelsgirl		刘茜	美国		33	0	¥0.00	¥0.00
https://www.tiktok.com/@gracefulwheelsgirl/video/7591405677726223630	2026/01/04	勇敢项链	一镜到底	07-@gracefulwheelsgirl		谢园园	美国		23	0	¥0.00	¥0.00
https://www.tiktok.com/@gracefulwheelsgirl/video/7591405813722303799	2026/01/04	钥匙扣	S04	07-@gracefulwheelsgirl		谢园园	美国		82	0	¥0.00	¥0.00
https://www.tiktok.com/@grindguydiaries/video/7591406958217809183	2026/01/04	钥匙扣	S03	09-@grindguydiaries		刘茜	美国		167	0	¥0.00	¥0.00
https://www.tiktok.com/@grindguydiaries/video/7591407440755838238	2026/01/04	勇敢项链	一镜到底	09-@grindguydiaries		谢园园	美国		26	0	¥0.00	¥0.00
https://www.tiktok.com/@grindguydiaries/video/7591407839441112351	2026/01/04	钥匙扣	S04	09-@grindguydiaries		谢园园	美国		20	0	¥0.00	¥0.00
https://www.tiktok.com/@hisrollerjourneys/video/7591406317307219231	2026/01/04	钥匙扣	S01	05-@hisrollerjourneys		刘茜	美国		56	0	¥0.00	¥0.00
https://www.tiktok.com/@hisrollerjourneys/video/7591406538917563678	2026/01/04	勇敢项链	一镜到底	05-@hisrollerjourneys		谢园园	美国		36	0	¥0.00	¥0.00
https://www.tiktok.com/@hisrollerjourneys/video/7591406770132765983	2026/01/04	钥匙扣	S04	05-@hisrollerjourneys		谢园园	美国		60	0	¥0.00	¥0.00
https://www.tiktok.com/@hisrollerjourneys/video/7591490110227615007	2026/01/04	勇敢项链	S02	05-@hisrollerjourneys		涂欣然	美国		48	0	¥0.00	¥0.00
https://www.tiktok.com/@icebladefreedom/video/7591401648413527310	2026/01/04	钥匙扣	S01	12-@icebladefreedom		刘茜	美国		32	0	¥0.00	¥0.00
https://www.tiktok.com/@icebladefreedom/video/7591402062873677111	2026/01/04	勇敢项链	一镜到底	12-@icebladefreedom		谢园园	美国		42	0	¥0.00	¥0.00
https://www.tiktok.com/@icebladefreedom/video/7591402331019726135	2026/01/04	钥匙扣	S04	12-@icebladefreedom		谢园园	美国		31	0	¥0.00	¥0.00
https://www.tiktok.com/@kbsebidn/video/7591697275424918814	2026/01/04	钥匙扣	S04	@kbsebidn(已弃用)		谢园园	美国		1	0	¥0.00	¥0.00
https://www.tiktok.com/@melvqvs/video/7591408460089003294	2026/01/04	钥匙扣	S03	10-@melvqvs		刘茜	美国		2	0	¥0.00	¥0.00
https://www.tiktok.com/@melvqvs/video/7591408740570615070	2026/01/04	勇敢项链	S02	10-@melvqvs		涂欣然	美国		491	0	¥0.00	¥0.00
https://www.tiktok.com/@melvqvs/video/7591409016052436254	2026/01/04	钥匙扣	S03	10-@melvqvs		赵雅如	美国		728	0	¥0.00	¥0.00
https://www.tiktok.com/@rawrollhisstyle/video/7591404540772060447	2026/01/04	钥匙扣	S01	08-@rawrollhisstyle		刘茜	美国		57	0	¥0.00	¥0.00
https://www.tiktok.com/@rawrollhisstyle/video/7591404703477484830	2026/01/04	钥匙扣	S04	08-@rawrollhisstyle		谢园园	美国		86	0	¥0.00	¥0.00
https://www.tiktok.com/@rawrollhisstyle/video/7591405005861686559	2026/01/04	勇敢项链	一镜到底	08-@rawrollhisstyle		赵雅如	美国		17	0	¥0.00	¥0.00
https://www.tiktok.com/@rollerrebel0/video/7591407354646646071	2026/01/04	钥匙扣	S03	16-@rollerrebel0		刘茜	美国		116	0	¥0.00	¥0.00
https://www.tiktok.com/@rollerrebel0/video/7591407494451301687	2026/01/04	勇敢项链	S02	16-@rollerrebel0		涂欣然	美国		70	0	¥0.00	¥0.00
https://www.tiktok.com/@rollerrebel0/video/7591407757648006414	2026/01/04	钥匙扣	S03	16-@rollerrebel0		赵雅如	美国		25	0	¥0.00	¥0.00
https://www.tiktok.com/@rollerrebel0/video/7591488024651877645	2026/01/04	勇敢项链	S02	16-@rollerrebel0		涂欣然	美国		67	0	¥0.00	¥0.00
https://www.tiktok.com/@rollerrush0/video/7591409575996165389	2026/01/04	钥匙扣	S03	@rollerrush0（已弃用）		刘茜	美国		0	0	¥0.00	¥0.00
https://www.tiktok.com/@rollerrush0/video/7591409923980840247	2026/01/04	钥匙扣	S04	@rollerrush0（已弃用）		谢园园	美国		0	0	¥0.00	¥0.00
https://www.tiktok.com/@rollerrush0/video/7591410175907581197	2026/01/04	勇敢项链	S02	@rollerrush0（已弃用）		赵雅如	美国		0	0	¥0.00	¥0.00
https://www.tiktok.com/@rollerrush0/video/7591488310074182967	2026/01/04	勇敢项链	S02	@rollerrush0（已弃用）		涂欣然	美国		0	0	¥0.00	¥0.00
https://www.tiktok.com/@skateglowonice/video/7591402962086350093	2026/01/04	钥匙扣	S03	11-@skateglowonice		刘茜	美国		37	0	¥0.00	¥0.00
https://www.tiktok.com/@skateglowonice/video/7591403320200285453	2026/01/04	勇敢项链	一镜到底	11-@skateglowonice		谢园园	美国		40	0	¥0.00	¥0.00
https://www.tiktok.com/@skateglowonice/video/7591403665571794190	2026/01/04	钥匙扣	S04	11-@skateglowonice		谢园园	美国		27	0	¥0.00	¥0.00
https://www.tiktok.com/@skaterollerodyssey/video/7591409486208847135	2026/01/04	钥匙扣	S03	26-@skaterollerodssey		刘茜	美国		298	1	¥61.06	¥0.20
https://www.tiktok.com/@skaterollerodyssey/video/7591409738588491039	2026/01/04	勇敢项链	一镜到底	26-@skaterollerodssey		谢园园	美国		0	0	¥0.00	¥0.00
https://www.tiktok.com/@skaterollerodyssey/video/7591409886135733534	2026/01/04	钥匙扣	S04	26-@skaterollerodssey		谢园园	美国		0	0	¥0.00	¥0.00
https://www.tiktok.com/@glidespindiaries/video/7591828655983185165	2026/01/05	变形车	边角料	@glidespindiaries（已弃用）		刘茜	美国		0	0	¥0.00	¥0.00
https://www.tiktok.com/@glidespindiaries/video/7591828723779865911	2026/01/05	变形车	边角料	@glidespindiaries（已弃用）		刘茜	美国		0	0	¥0.00	¥0.00
https://www.tiktok.com/@grindguydiaries/video/7591827932763475230	2026/01/05	勇敢项链	一镜到底	09-@grindguydiaries		刘茜	美国		1,093	0	¥0.00	¥0.00
https://www.tiktok.com/@grindguydiaries/video/7591828290822819102	2026/01/05	磁吸耳钉	测1	09-@grindguydiaries		刘茜	美国		18	0	¥0.00	¥0.00
https://www.tiktok.com/@grindguydiaries/video/7591828614446861599	2026/01/05	勇敢项链	S02	09-@grindguydiaries		涂欣然	美国		43	0	¥0.00	¥0.00
https://www.tiktok.com/@grindguydiaries/video/7591828843611131166	2026/01/05	钥匙扣	S03	09-@grindguydiaries		涂欣然	美国		314	0	¥0.00	¥0.00
https://www.tiktok.com/@grindguydiaries/video/7591829217768115486	2026/01/05	钥匙扣	S05	09-@grindguydiaries		赵雅如	美国		1,210	0	¥0.00	¥0.00
https://www.tiktok.com/@hesonskates/video/7591827878543740215	2026/01/05	变形车	边角料	@hesonskates（已弃用）		刘茜	美国		106	0	¥0.00	¥0.00
https://www.tiktok.com/@hesonskates/video/7591828072698006797	2026/01/05	变形车	边角料	@hesonskates（已弃用）		刘茜	美国		146	0	¥0.00	¥0.00
https://www.tiktok.com/@hisrollerjourneys/video/7591828420141632798	2026/01/05	变形车	边角料	05-@hisrollerjourneys		刘茜	美国		138	0	¥0.00	¥0.00
https://www.tiktok.com/@hisrollerjourneys/video/7591828596633718047	2026/01/05	变形车	边角料	05-@hisrollerjourneys		刘茜	美国		153	0	¥0.00	¥0.00
https://www.tiktok.com/@icebladefreedom/video/7591820277282098445	2026/01/05	勇敢项链	一镜到底	12-@icebladefreedom		刘茜	美国		30	0	¥0.00	¥0.00
https://www.tiktok.com/@icebladefreedom/video/7591820924945567031	2026/01/05	磁吸耳钉	测2	12-@icebladefreedom		刘茜	美国		29	0	¥0.00	¥0.00
https://www.tiktok.com/@icebladefreedom/video/7591821566065773837	2026/01/05	勇敢项链	S02	12-@icebladefreedom		涂欣然	美国		54	0	¥0.00	¥0.00
https://www.tiktok.com/@icebladefreedom/video/7591822184713112845	2026/01/05	钥匙扣	S01	12-@icebladefreedom		涂欣然	美国		196	0	¥0.00	¥0.00
https://www.tiktok.com/@icebladefreedom/video/7591823237080681783	2026/01/05	钥匙扣	S05	12-@icebladefreedom		赵雅如	美国		35	0	¥0.00	¥0.00
https://www.tiktok.com/@iceglidevibes/video/7591825740014898445	2026/01/05	磁吸耳钉	测2	03-@iceglidevibes		赵永琦	美国		20	0	¥0.00	¥0.00
https://www.tiktok.com/@iceglidevibes/video/7591826205326740791	2026/01/05	钥匙扣	S04	03-@iceglidevibes		涂欣然	美国		123	0	¥0.00	¥0.00
https://www.tiktok.com/@iceglidevibes/video/7591826301795798285	2026/01/05	钥匙扣	S01	03-@iceglidevibes		赵雅如	美国		35	0	¥0.00	¥0.00
https://www.tiktok.com/@iceglidevibes/video/7591826719628201230	2026/01/05	勇敢项链	一镜到底	03-@iceglidevibes		刘茜	美国		46	0	¥0.00	¥0.00
https://www.tiktok.com/@iceglidevibes/video/7591827101976743182	2026/01/05	勇敢项链	S02	03-@iceglidevibes		涂欣然	美国		37	0	¥0.00	¥0.00
https://www.tiktok.com/@rollerrebel0/video/7591827450426936590	2026/01/05	变形车	边角料	16-@rollerrebel0		刘茜	美国		180	0	¥0.00	¥0.00
https://www.tiktok.com/@rollerrebel0/video/7591827561135525175	2026/01/05	变形车	边角料	16-@rollerrebel0		刘茜	美国		121	0	¥0.00	¥0.00
https://www.tiktok.com/@rollerrush0/video/7591827795500649783	2026/01/05	变形车	边角料	@rollerrush0（已弃用）		刘茜	美国		0	0	¥0.00	¥0.00
https://www.tiktok.com/@rollerrush0/video/7591827870184459533	2026/01/05	变形车	边角料	@rollerrush0（已弃用）		刘茜	美国		0	0	¥0.00	¥0.00
https://www.tiktok.com/@skateglowonice/video/7591824152294690062	2026/01/05	勇敢项链	一镜到底	11-@skateglowonice		刘茜	美国		103	0	¥0.00	¥0.00
https://www.tiktok.com/@skateglowonice/video/7591824466594794807	2026/01/05	磁吸耳钉	测1	11-@skateglowonice		刘茜	美国		165	0	¥0.00	¥0.00
https://www.tiktok.com/@skateglowonice/video/7591824842165325111	2026/01/05	勇敢项链	S02	11-@skateglowonice		涂欣然	美国		121	0	¥0.00	¥0.00
https://www.tiktok.com/@skateglowonice/video/7591824945278160142	2026/01/05	钥匙扣	S03	11-@skateglowonice		涂欣然	美国		108	0	¥0.00	¥0.00
https://www.tiktok.com/@skateglowonice/video/7591825490474732814	2026/01/05	钥匙扣	S05	11-@skateglowonice		赵雅如	美国		68	0	¥0.00	¥0.00
https://www.tiktok.com/@skatestride/video/7591823039461936415	2026/01/05	钥匙扣	S04	@skatestride（已弃用）		涂欣然	美国		96	0	¥0.00	¥0.00
https://www.tiktok.com/@skatestride/video/7591823453905374495	2026/01/05	勇敢项链	一镜到底	@skatestride（已弃用）		刘茜	美国		24	0	¥0.00	¥0.00
https://www.tiktok.com/@skatestride/video/7591824128542280990	2026/01/05	磁吸耳钉	测1	@skatestride（已弃用）		刘茜	美国		20	0	¥0.00	¥0.00
https://www.tiktok.com/@skatestride/video/7591824608982994206	2026/01/05	勇敢项链	S02	@skatestride（已弃用）		涂欣然	美国		72	0	¥0.00	¥0.00
https://www.tiktok.com/@skatestride/video/7591825107190844702	2026/01/05	钥匙扣	S05	@skatestride（已弃用）		赵雅如	美国		63	0	¥0.00	¥0.00
https://www.tiktok.com/@cdfbhhb4/video/7592138715124845838?_r=1&_t=ZT-92rSih5TLuX	2026/01/06	勇敢项链	一镜到底	22-@cdfbhhb4		刘茜	美国		19	0	¥0.00	¥0.00
https://www.tiktok.com/@cdfbhhb4/video/7592139351560064269	2026/01/06	勇敢项链	S02	22-@cdfbhhb4		涂欣然	美国		237	0	¥0.00	¥0.00
https://www.tiktok.com/@cdfbhhb4/video/7592139580401323278	2026/01/06	勇敢项链	S01	22-@cdfbhhb4		谢园园	美国		253	0	¥0.00	¥0.00
https://www.tiktok.com/@cdfbhhb4/video/7592139906558807310	2026/01/06	钥匙扣	S05	22-@cdfbhhb4		谢园园	美国		343	0	¥0.00	¥0.00
https://www.tiktok.com/@cdfbhhb4/video/7592140220800273677	2026/01/06	钥匙扣	S05	22-@cdfbhhb4		赵雅如	美国		253	0	¥0.00	¥0.00
https://www.tiktok.com/@cdfbhhb4/video/7592217447059442957	2026/01/06	勇敢项链	一镜到底	22-@cdfbhhb4		刘茜	美国		233	0	¥0.00	¥0.00
https://www.tiktok.com/@cdfbhhb4/video/7592217740140711181	2026/01/06	勇敢项链	S02	22-@cdfbhhb4		涂欣然	美国		10	0	¥0.00	¥0.00
https://www.tiktok.com/@cdfbhhb4/video/7592218164986006839	2026/01/06	钥匙扣	S01	22-@cdfbhhb4		涂欣然	美国		22	0	¥0.00	¥0.00
https://www.tiktok.com/@cdfbhhb4/video/7592218468930424078	2026/01/06	钥匙扣	S05	22-@cdfbhhb4		赵雅如	美国		18	0	¥0.00	¥0.00
https://www.tiktok.com/@haihsosh/video/7592218388349406478?lang=en	2026/01/06	钥匙扣	S04	@haihsosh(已弃用)		涂欣然	美国		17	0	¥0.00	¥0.00
https://www.tiktok.com/@haihsosh/video/7592218686518316343?lang=en	2026/01/06	勇敢项链	一镜到底	@haihsosh(已弃用)		刘茜	美国		252	0	¥0.00	¥0.00
https://www.tiktok.com/@haihsosh/video/7592218960209202487?lang=en	2026/01/06	勇敢项链	S02	@haihsosh(已弃用)		涂欣然	美国		220	0	¥0.00	¥0.00
https://www.tiktok.com/@haihsosh/video/7592219290963594510?lang=en	2026/01/06	钥匙扣	S05	@haihsosh(已弃用)		赵雅如	美国		229	0	¥0.00	¥0.00
https://www.tiktok.com/@hisbdjbi/video/7592137130474851598?lang=en	2026/01/06	勇敢项链	一镜到底	37-@hisbdjbi		刘茜	美国		707	0	¥0.00	¥0.00
https://www.tiktok.com/@hisbdjbi/video/7592137704691846414?lang=en	2026/01/06	勇敢项链	S02	37-@hisbdjbi		涂欣然	美国		9	0	¥0.00	¥0.00
https://www.tiktok.com/@hisbdjbi/video/7592138162705534222?lang=en	2026/01/06	钥匙扣	S05	37-@hisbdjbi		涂欣然	美国		17	0	¥0.00	¥0.00
https://www.tiktok.com/@hisbdjbi/video/7592138493350956302?lang=en	2026/01/06	钥匙扣	S05	37-@hisbdjbi		谢园园	美国		21	0	¥0.00	¥0.00
https://www.tiktok.com/@hisbdjbi/video/7592138795869375799?lang=en	2026/01/06	勇敢项链	测1	37-@hisbdjbi		赵雅如	美国		0	0	¥0.00	¥0.00
https://www.tiktok.com/@melvqvs/video/7592136565833387295	2026/01/06	勇敢项链	一镜到底	10-@melvqvs		刘茜	美国		571	0	¥0.00	¥0.00
https://www.tiktok.com/@melvqvs/video/7592137063244270879	2026/01/06	钥匙扣	S05	10-@melvqvs		刘茜	美国		271	0	¥0.00	¥0.00
https://www.tiktok.com/@melvqvs/video/7592137447799098654	2026/01/06	钥匙扣	S05	10-@melvqvs		涂欣然	美国		203	0	¥0.00	¥0.00
https://www.tiktok.com/@melvqvs/video/7592137900419058975	2026/01/06	勇敢项链	S01	10-@melvqvs		谢园园	美国		254	0	¥0.00	¥0.00
https://www.tiktok.com/@melvqvs/video/7592138381858065695	2026/01/06	勇敢项链	测1	10-@melvqvs		赵雅如	美国		1,796	0	¥0.00	¥0.00
https://www.tiktok.com/@melvqvs/video/7592221916233043231	2026/01/06	勇敢项链	一镜到底	10-@melvqvs		刘茜	美国		267	0	¥0.00	¥0.00
https://www.tiktok.com/@melvqvs/video/7592222554647973151	2026/01/06	磁吸耳钉	测2	10-@melvqvs		刘茜	美国		3	0	¥0.00	¥0.00
https://www.tiktok.com/@melvqvs/video/7592223115392879903	2026/01/06	勇敢项链	S02	10-@melvqvs		涂欣然	美国		369	0	¥0.00	¥0.00
https://www.tiktok.com/@melvqvs/video/7592223566142213406	2026/01/06	钥匙扣	S01	10-@melvqvs		涂欣然	美国		14	0	¥0.00	¥0.00
https://www.tiktok.com/@nurahyse0su/video/7592225267419057422?lang=en	2026/01/06	勇敢项链	一镜到底	@irx1sd1（已弃用）		刘茜	美国		35	0	¥0.00	¥0.00
https://www.tiktok.com/@nurahyse0su/video/7592225824187714871?lang=en	2026/01/06	勇敢项链	S02	@irx1sd1（已弃用）		涂欣然	美国		246	0	¥0.00	¥0.00
https://www.tiktok.com/@nurahyse0su/video/7592226129260318007?lang=en	2026/01/06	钥匙扣	S01	@irx1sd1（已弃用）		涂欣然	美国		257	0	¥0.00	¥0.00
https://www.tiktok.com/@nurahyse0su/video/7592226375566675214?lang=en	2026/01/06	钥匙扣	S05	@irx1sd1（已弃用）		赵雅如	美国		10	0	¥0.00	¥0.00
https://www.tiktok.com/@theonkrht35/video/7592219896763698445?lang=en	2026/01/06	钥匙扣	S04	@akbah68（已弃用）		涂欣然	美国		34	0	¥0.00	¥0.00
https://www.tiktok.com/@theonkrht35/video/7592220299702111501?lang=en	2026/01/06	勇敢项链	一镜到底	@akbah68（已弃用）		刘茜	美国		237	0	¥0.00	¥0.00
https://www.tiktok.com/@theonkrht35/video/7592220776170851597?lang=en	2026/01/06	勇敢项链	S02	@akbah68（已弃用）		涂欣然	美国		250	0	¥0.00	¥0.00
https://www.tiktok.com/@theonkrht35/video/7592221216157584653?lang=en	2026/01/06	钥匙扣	S05	@akbah68（已弃用）		赵雅如	美国		226	0	¥0.00	¥0.00
https://www.tiktok.com/@cdfbhhb4/video/7594433661362097421?lang=en	2026/01/13	钥匙扣	test	22-@cdfbhhb4		刘茜	美国		368	0	¥0.00	¥0.00
https://www.tiktok.com/@cdfbhhb4/video/7594434260535086391?lang=en	2026/01/13	勇敢项链	test	22-@cdfbhhb4		刘茜	美国		1,209	0	¥0.00	¥0.00
https://www.tiktok.com/@cdfbhhb4/video/7594434673514646798?lang=en	2026/01/13	勇敢项链	test	22-@cdfbhhb4		刘茜	美国		559	0	¥0.00	¥0.00
https://www.tiktok.com/@haihsosh/video/7594436299768007991?lang=en	2026/01/13	勇敢项链	test	@haihsosh(已弃用)		刘茜	美国		5	0	¥0.00	¥0.00
https://www.tiktok.com/@haihsosh/video/7594436433159425335?lang=en	2026/01/13	勇敢项链	test	@haihsosh(已弃用)		刘茜	美国		276	0	¥0.00	¥0.00
https://www.tiktok.com/@haihsosh/video/7594436704887508238?lang=en	2026/01/13	钥匙扣	test	@haihsosh(已弃用)		刘茜	美国		437	0	¥0.00	¥0.00
https://www.tiktok.com/@melvqvs/video/7594435399699713311	2026/01/13	勇敢项链	test	10-@melvqvs		刘茜	美国		452	0	¥0.00	¥0.00
https://www.tiktok.com/@melvqvs/video/7594435646832315679	2026/01/13	勇敢项链	test	10-@melvqvs		刘茜	美国		631	0	¥0.00	¥0.00
https://www.tiktok.com/@melvqvs/video/7594436020901268767	2026/01/13	钥匙扣	test	10-@melvqvs		刘茜	美国		684	0	¥0.00	¥0.00
https://www.tiktok.com/@nurahyse0su/video/7594434099989728526?lang=en	2026/01/13	钥匙扣	test	@irx1sd1（已弃用）		刘茜	美国		124	0	¥0.00	¥0.00
https://www.tiktok.com/@nurahyse0su/video/7594434532787440951?lang=en	2026/01/13	勇敢项链	test	@irx1sd1（已弃用）		刘茜	美国		307	0	¥0.00	¥0.00
https://www.tiktok.com/@nurahyse0su/video/7594434760617872695?lang=en	2026/01/13	勇敢项链	test	@irx1sd1（已弃用）		刘茜	美国		286	0	¥0.00	¥0.00
https://www.tiktok.com/@theonkrht35/video/7594435324017642766?lang=en	2026/01/13	勇敢项链	test	@akbah68（已弃用）		赵雅如	美国		310	0	¥0.00	¥0.00
https://www.tiktok.com/@theonkrht35/video/7594435616335531277?lang=en	2026/01/13	勇敢项链	test	@akbah68（已弃用）		赵雅如	美国		325	0	¥0.00	¥0.00
https://www.tiktok.com/@theonkrht35/video/7594435960218111245?lang=en	2026/01/13	钥匙扣	test	@akbah68（已弃用）		刘茜	美国		428	0	¥0.00	¥0.00
https://www.tiktok.com/@cdfbhhb4/video/7595067043007728910?lang=en	2026/01/14	钥匙扣	ZM01	22-@cdfbhhb4		刘茜	美国		657	0	¥0.00	¥0.00
https://www.tiktok.com/@cdfbhhb4/video/7595067562753363213?lang=en	2026/01/14	勇敢项链	S02	22-@cdfbhhb4		涂欣然	美国		2,708	2	¥156.47	¥0.00
https://www.tiktok.com/@cdfbhhb4/video/7595067995282591031?lang=en	2026/01/14	勇敢项链	S01	22-@cdfbhhb4		谢园园	美国		916	0	¥0.00	¥0.00
https://www.tiktok.com/@haihsosh/video/7595060817729490231?lang=en	2026/01/14	钥匙扣	ZM03	@haihsosh(已弃用)		涂欣然	美国		451	0	¥0.00	¥0.00
https://www.tiktok.com/@haihsosh/video/7595061233590553870?lang=en	2026/01/14	勇敢项链	S02	@haihsosh(已弃用)		涂欣然	美国		357	0	¥0.00	¥0.00
https://www.tiktok.com/@haihsosh/video/7595061778338385165?lang=en	2026/01/14	钥匙扣	S05	@haihsosh(已弃用)		刘茜	美国		453	0	¥0.00	¥0.00
https://www.tiktok.com/@melvqvs/video/7595055466862972190	2026/01/14	勇敢项链	一镜到底	10-@melvqvs		刘茜	美国		859	0	¥0.00	¥0.00
https://www.tiktok.com/@melvqvs/video/7595056250262441246	2026/01/14	钥匙扣	ZM01	10-@melvqvs		刘茜	美国		585	0	¥0.00	¥0.00
https://www.tiktok.com/@melvqvs/video/7595056658615766303	2026/01/14	勇敢项链	一镜到底	10-@melvqvs		谢园园	美国		726	0	¥0.00	¥0.00
https://www.tiktok.com/@nurahyse0su/video/7595059381243268366?lang=en	2026/01/14	钥匙扣	ZM01	@irx1sd1（已弃用）		刘茜	美国		490	0	¥0.00	¥0.00
https://www.tiktok.com/@nurahyse0su/video/7595063086625705271?lang=en	2026/01/14	勇敢项链	S02	@irx1sd1（已弃用）		涂欣然	美国		311	0	¥0.00	¥0.00
https://www.tiktok.com/@nurahyse0su/video/7595063545578966327?lang=en	2026/01/14	勇敢项链	一镜到底	@irx1sd1（已弃用）		谢园园	美国		246	0	¥0.00	¥0.00
https://www.tiktok.com/@theonkrht35/video/7595059082508176654?lang=en	2026/01/14	勇敢项链	一镜到底	@akbah68（已弃用）		刘茜	美国		385	0	¥0.00	¥0.00
https://www.tiktok.com/@theonkrht35/video/7595059467905961271?lang=en	2026/01/14	钥匙扣	S05	@akbah68（已弃用）		刘茜	美国		584	0	¥0.00	¥0.00
https://www.tiktok.com/@theonkrht35/video/7595059739747175735?lang=en	2026/01/14	钥匙扣	ZM03	@akbah68（已弃用）		涂欣然	美国		466	0	¥0.00	¥0.00
https://www.tiktok.com/@user282588296958/video/7594799976505462046?lang=en	2026/01/14	勇敢项链	KB06	31-@user282588296958		赵雅如	美国		269	0	¥0.00	¥0.00
https://www.tiktok.com/@user282588296958/video/7594800281792171294?lang=en	2026/01/14	钥匙扣	KB08	31-@user282588296958		涂欣然	美国		280	0	¥0.00	¥0.00
https://www.tiktok.com/@user282588296958/video/7595062335593532702?lang=en	2026/01/14	钥匙扣	S04	31-@user282588296958		涂欣然	美国		275	0	¥0.00	¥0.00
https://www.tiktok.com/@user47271239130973/video/7594798906060410143?lang=en	2026/01/14	勇敢项链	KB06	@user47271239130973(已弃用)		赵雅如	美国		301	0	¥0.00	¥0.00
https://www.tiktok.com/@user47271239130973/video/7594799430281219358?lang=en	2026/01/14	钥匙扣	KB08	@user47271239130973(已弃用)		涂欣然	美国		253	0	¥0.00	¥0.00
https://www.tiktok.com/@user47271239130973/video/7595061132298161438?lang=en	2026/01/14	勇敢项链	S02	@user47271239130973(已弃用)		涂欣然	美国		307	0	¥0.00	¥0.00
https://www.tiktok.com/@cdfbhhb4/video/7595068538356829454?lang=en	2026/01/15	钥匙扣	S05	22-@cdfbhhb4		谢园园	美国		931	0	¥0.00	¥0.00
https://www.tiktok.com/@cdfbhhb4/video/7595495897618763022?lang=en	2026/01/15	圣经手环	test	22-@cdfbhhb4		赵雅如	美国		91	0	¥0.00	¥0.00
https://www.tiktok.com/@cdfbhhb4/video/7595496816188198158?lang=en	2026/01/15	钥匙扣	KB02	22-@cdfbhhb4		赵雅如	美国		261	0	¥0.00	¥0.00
https://www.tiktok.com/@cdfbhhb4/video/7595497190643043598?lang=en	2026/01/15	勇敢项链	KB08	22-@cdfbhhb4		谢园园	美国		309	0	¥0.00	¥0.00
https://www.tiktok.com/@haihsosh/video/7595062156786224439?lang=en	2026/01/15	勇敢项链	一镜到底	@haihsosh(已弃用)		谢园园	美国		495	0	¥0.00	¥0.00
https://www.tiktok.com/@haihsosh/video/7595494690665909518?lang=en	2026/01/15	勇敢项链	KB08	@haihsosh(已弃用)		谢园园	美国		232	0	¥0.00	¥0.00
https://www.tiktok.com/@haihsosh/video/7595494989971475726?lang=en	2026/01/15	圣经手环	test	@haihsosh(已弃用)		赵雅如	美国		87	0	¥0.00	¥0.00
https://www.tiktok.com/@haihsosh/video/7595495481946524983?lang=en	2026/01/15	钥匙扣	KB02	@haihsosh(已弃用)		赵雅如	美国		253	0	¥0.00	¥0.00
https://www.tiktok.com/@melvqvs/video/7595056963126332703	2026/01/15	钥匙扣	S05	10-@melvqvs		谢园园	美国		261	0	¥0.00	¥0.00
https://www.tiktok.com/@melvqvs/video/7595493454407290142	2026/01/15	圣经手环	test	10-@melvqvs		刘茜	美国		123	0	¥0.00	¥0.00
https://www.tiktok.com/@melvqvs/video/7595494102007876894	2026/01/15	勇敢项链	KB08	10-@melvqvs		刘茜	美国		319	0	¥0.00	¥0.00
https://www.tiktok.com/@melvqvs/video/7595494842491358494	2026/01/15	钥匙扣	KB02	10-@melvqvs		刘茜	美国		287	0	¥0.00	¥0.00
https://www.tiktok.com/@nurahyse0su/video/7595064093883550990?lang=en	2026/01/15	钥匙扣	S05	@irx1sd1（已弃用）		涂欣然	美国		532	0	¥0.00	¥0.00
https://www.tiktok.com/@nurahyse0su/video/7595494123973397815?lang=en	2026/01/15	勇敢项链	KB05	@irx1sd1（已弃用）		刘茜	美国		297	0	¥0.00	¥0.00
https://www.tiktok.com/@nurahyse0su/video/7595494491486719245?lang=en	2026/01/15	圣经手环	test	@irx1sd1（已弃用）		赵雅如	美国		106	0	¥0.00	¥0.00
https://www.tiktok.com/@nurahyse0su/video/7595494510335888653?lang=en	2026/01/15	钥匙扣	KB16	@irx1sd1（已弃用）		赵雅如	美国		262	0	¥0.00	¥0.00
https://www.tiktok.com/@theonkrht35/video/7595060060598881550?lang=en	2026/01/15	勇敢项链	一镜到底	@akbah68（已弃用）		谢园园	美国		395	0	¥0.00	¥0.00
https://www.tiktok.com/@theonkrht35/video/7595494128591326478?lang=en	2026/01/15	圣经手环	test	@akbah68（已弃用）		刘茜	美国		0	0	¥0.00	¥0.00
https://www.tiktok.com/@theonkrht35/video/7595498201529027854?lang=en	2026/01/15	勇敢项链	KB07	@akbah68（已弃用）		涂欣然	美国		280	0	¥0.00	¥0.00
https://www.tiktok.com/@theonkrht35/video/7595498611597724942?lang=en	2026/01/15	钥匙扣	KB07	@akbah68（已弃用）		谢园园	美国		300	1	¥58.96	¥0.00
https://www.tiktok.com/@user282588296958/video/7595062777501224222?lang=en	2026/01/15	勇敢项链	S02	31-@user282588296958		涂欣然	美国		86	0	¥0.00	¥0.00
https://www.tiktok.com/@user282588296958/video/7595063021727173918?lang=en	2026/01/15	勇敢项链	一镜到底	31-@user282588296958		谢园园	美国		263	0	¥0.00	¥0.00
https://www.tiktok.com/@user282588296958/video/7595063316645547294?lang=en	2026/01/15	钥匙扣	S05	31-@user282588296958		赵雅如	美国		270	0	¥0.00	¥0.00
https://www.tiktok.com/@user282588296958/video/7595496293108059423?lang=en	2026/01/15	钥匙扣	KB02	31-@user282588296958		刘茜	美国		246	0	¥0.00	¥0.00
https://www.tiktok.com/@user282588296958/video/7595496588429036831?lang=en	2026/01/15	勇敢项链	KB07	31-@user282588296958		涂欣然	美国		413	0	¥0.00	¥0.00
https://www.tiktok.com/@user47271239130973/video/7595061427317001502?lang=en	2026/01/15	勇敢项链	一镜到底	@user47271239130973(已弃用)		谢园园	美国		252	0	¥0.00	¥0.00
https://www.tiktok.com/@user47271239130973/video/7595061738458893598?lang=en	2026/01/15	钥匙扣	S05	@user47271239130973(已弃用)		谢园园	美国		107	0	¥0.00	¥0.00
https://www.tiktok.com/@user47271239130973/video/7595061959293242654?lang=en	2026/01/15	钥匙扣	S05	@user47271239130973(已弃用)		赵雅如	美国		293	0	¥0.00	¥0.00
https://www.tiktok.com/@user47271239130973/video/7595496309738573087?lang=en	2026/01/15	钥匙扣	KB06	@user47271239130973(已弃用)		刘茜	美国		33	0	¥0.00	¥0.00
https://www.tiktok.com/@user47271239130973/video/7595498794821750046?lang=en	2026/01/15	勇敢项链	KB08	@user47271239130973(已弃用)		谢园园	美国		270	0	¥0.00	¥0.00
https://www.tiktok.com/@cdfbhhb4/video/7595497555954240823?lang=en	2026/01/16	钥匙扣	test	22-@cdfbhhb4		赵雅如	美国		266	0	¥0.00	¥0.00
https://www.tiktok.com/@cdfbhhb4/video/7595877963875241230?lang=en	2026/01/16	勇敢项链	KB05	22-@cdfbhhb4		刘茜	美国		317	0	¥0.00	¥0.00
https://www.tiktok.com/@cdfbhhb4/video/7595878739205049613?lang=en	2026/01/16	勇敢项链	KB06	22-@cdfbhhb4		赵雅如	美国		293	0	¥0.00	¥0.00
https://www.tiktok.com/@cdfbhhb4/video/7595878899972689207?lang=en	2026/01/16	钥匙扣	KB07	22-@cdfbhhb4		谢园园	美国		253	0	¥0.00	¥0.00
https://www.tiktok.com/@haihsosh/video/7595876678727929143?lang=en	2026/01/16	勇敢项链	KB05	@haihsosh(已弃用)		刘茜	美国		111	0	¥0.00	¥0.00
https://www.tiktok.com/@haihsosh/video/7595877442846281015?lang=en	2026/01/16	勇敢项链	KB06	@haihsosh(已弃用)		赵雅如	美国		260	0	¥0.00	¥0.00
https://www.tiktok.com/@haihsosh/video/7595878130091314487?lang=en	2026/01/16	钥匙扣	KB07	@haihsosh(已弃用)		谢园园	美国		60	0	¥0.00	¥0.00
https://www.tiktok.com/@melvqvs/video/7595875073475562783	2026/01/16	勇敢项链	KB05	10-@melvqvs		刘茜	美国		260	0	¥0.00	¥0.00
https://www.tiktok.com/@melvqvs/video/7595875383908617502	2026/01/16	钥匙扣	KB03	10-@melvqvs		刘茜	美国		282	0	¥0.00	¥0.00
https://www.tiktok.com/@melvqvs/video/7595875860985515295	2026/01/16	勇敢项链	KB07	10-@melvqvs		涂欣然	美国		281	0	¥0.00	¥0.00
https://www.tiktok.com/@nurahyse0su/video/7595877288382631182?lang=en	2026/01/16	勇敢项链	KB08	@irx1sd1（已弃用）		刘茜	美国		308	0	¥0.00	¥0.00
https://www.tiktok.com/@nurahyse0su/video/7595877624228891918?lang=en	2026/01/16	钥匙扣	KB01	@irx1sd1（已弃用）		赵雅如	美国		268	0	¥0.00	¥0.00
https://www.tiktok.com/@nurahyse0su/video/7595878099464490295?lang=en	2026/01/16	勇敢项链	KB06	@irx1sd1（已弃用）		赵雅如	美国		374	0	¥0.00	¥0.00
https://www.tiktok.com/@theonkrht35/video/7595876093681257783?lang=en	2026/01/16	勇敢项链	KB02	@akbah68（已弃用）		刘茜	美国		109	0	¥0.00	¥0.00
https://www.tiktok.com/@theonkrht35/video/7595876597559725367?lang=en	2026/01/16	勇敢项链	KB08	@akbah68（已弃用）		谢园园	美国		288	0	¥0.00	¥0.00
https://www.tiktok.com/@theonkrht35/video/7595876754707729677?lang=en	2026/01/16	钥匙扣	KB16	@akbah68（已弃用）		赵雅如	美国		264	0	¥0.00	¥0.00
https://www.tiktok.com/@user282588296958/video/7595496972128128286?lang=en	2026/01/16	钥匙扣	KB07	31-@user282588296958		谢园园	美国		0	0	¥0.00	¥0.00
https://www.tiktok.com/@user282588296958/video/7595875645142486302?lang=en	2026/01/16	勇敢项链	KB08	31-@user282588296958		刘茜	美国		292	0	¥0.00	¥0.00
https://www.tiktok.com/@user282588296958/video/7595875909752671519?lang=en	2026/01/16	钥匙扣	KB07	31-@user282588296958		谢园园	美国		191	0	¥0.00	¥0.00
https://www.tiktok.com/@user282588296958/video/7595876211046272287?lang=en	2026/01/16	圣经手环	KB01	31-@user282588296958		赵雅如	美国		54	0	¥0.00	¥0.00
https://www.tiktok.com/@user47271239130973/video/7595499238495096094?lang=en	2026/01/16	钥匙扣	KB03	@user47271239130973(已弃用)		赵雅如	美国		296	0	¥0.00	¥0.00
https://www.tiktok.com/@user47271239130973/video/7595874403053735199?lang=en	2026/01/16	圣经手环	test	@user47271239130973(已弃用)		刘茜	美国		86	0	¥0.00	¥0.00
https://www.tiktok.com/@user47271239130973/video/7595874867900173599?lang=en	2026/01/16	勇敢项链	KB01	@user47271239130973(已弃用)		刘茜	美国		301	0	¥0.00	¥0.00
https://www.tiktok.com/@user47271239130973/video/7595875063946104094?lang=en	2026/01/16	钥匙扣	KB03	@user47271239130973(已弃用)		刘茜	美国		275	0	¥0.00	¥0.00
https://www.tiktok.com/@bcxcdeal4u02/video/7596225134646676749?lang=en	2026/01/17	磁吸耳钉	test	@bcxcdeal4u02(已弃用)		涂欣然	美国		391	0	¥0.00	¥0.00
https://www.tiktok.com/@bcxcdeal4u02/video/7596225529641061687?lang=en	2026/01/17	眼睛项链	test	@bcxcdeal4u02(已弃用)		谢园园	美国		574	0	¥0.00	¥0.00
https://www.tiktok.com/@bcxcdeal4u02/video/7596225850765298957?lang=en	2026/01/17	磁吸耳钉	test	@bcxcdeal4u02(已弃用)		谢园园	美国		270	0	¥0.00	¥0.00
https://www.tiktok.com/@cdfbhhb4/video/7596158103133883662?lang=en	2026/01/17	钥匙扣	KB01	22-@cdfbhhb4		刘茜	美国		291	0	¥0.00	¥0.00
https://www.tiktok.com/@cdfbhhb4/video/7596158393534942478?lang=en	2026/01/17	勇敢项链	KB07	22-@cdfbhhb4		涂欣然	美国		57	0	¥0.00	¥0.00
https://www.tiktok.com/@cdfbhhb4/video/7596158762012970295?lang=en	2026/01/17	勇敢项链	KB08	22-@cdfbhhb4		谢园园	美国		297	0	¥0.00	¥0.00
https://www.tiktok.com/@fttgyuhji/video/7596268912761752845	2026/01/17	勇敢项链	test	@fttgyuhji(已弃用)		公司	美国		8	0	¥0.00	¥0.00
https://www.tiktok.com/@fttgyuhji/video/7596269331445484814	2026/01/17	钥匙扣	test	@fttgyuhji(已弃用)		公司	美国		5	0	¥0.00	¥0.00
https://www.tiktok.com/@fttgyuhji/video/7596269411896413453	2026/01/17	勇敢项链	test	@fttgyuhji(已弃用)		公司	美国		3	0	¥0.00	¥0.00
https://www.tiktok.com/@haihsosh/video/7596156975663058231?lang=en	2026/01/17	钥匙扣	KB06	@haihsosh(已弃用)		刘茜	美国		252	0	¥0.00	¥0.00
https://www.tiktok.com/@haihsosh/video/7596157185726385422?lang=en	2026/01/17	圣经手环	KB02	@haihsosh(已弃用)		刘茜	美国		116	0	¥0.00	¥0.00
https://www.tiktok.com/@haihsosh/video/7596157459538971918?lang=en	2026/01/17	勇敢项链	KB05	@haihsosh(已弃用)		赵雅如	美国		153	0	¥0.00	¥0.00
https://www.tiktok.com/@kbsebidn/video/7596265297040936223	2026/01/17	勇敢项链	test	@kbsebidn(已弃用)		公司	美国		39	0	¥0.00	¥0.00
https://www.tiktok.com/@kbsebidn/video/7596269672652229919	2026/01/17	勇敢项链	test	@kbsebidn(已弃用)		公司	美国		32	0	¥0.00	¥0.00
https://www.tiktok.com/@kbsebidn/video/7596270107664321822	2026/01/17	钥匙扣	test	@kbsebidn(已弃用)		公司	美国		34	0	¥0.00	¥0.00
https://www.tiktok.com/@melvqvs/video/7596155617111264542	2026/01/17	勇敢项链	KB05	10-@melvqvs		刘茜	美国		321	0	¥0.00	¥0.00
https://www.tiktok.com/@melvqvs/video/7596157421500894495	2026/01/17	钥匙扣	KB06	10-@melvqvs		赵雅如	美国		291	0	¥0.00	¥0.00
https://www.tiktok.com/@melvqvs/video/7596157610320039199	2026/01/17	圣经手环	KB03	10-@melvqvs		赵雅如	美国		81	0	¥0.00	¥0.00
https://www.tiktok.com/@nurahyse0su/video/7596155401431682318?lang=en	2026/01/17	钥匙扣	KB01	@irx1sd1（已弃用）		刘茜	美国		294	0	¥0.00	¥0.00
https://www.tiktok.com/@nurahyse0su/video/7596156092539882765?lang=en	2026/01/17	钥匙扣	KB01	@irx1sd1（已弃用）		赵雅如	美国		285	0	¥0.00	¥0.00
https://www.tiktok.com/@nurahyse0su/video/7596156316003994935?lang=en	2026/01/17	勇敢项链	KB05	@irx1sd1（已弃用）		赵雅如	美国		70	0	¥0.00	¥0.00
https://www.tiktok.com/@pandainred/video/7596225555452661022?lang=en	2026/01/17	磁吸耳钉	test	@pandainred(已弃用)		涂欣然	美国		454	0	¥0.00	¥0.00
https://www.tiktok.com/@pandainred/video/7596225948098235678?lang=en	2026/01/17	十字架套装	test	@pandainred(已弃用)		涂欣然	美国		803	0	¥0.00	¥0.00
https://www.tiktok.com/@pandainred/video/7596226285219646751?lang=en	2026/01/17	磁吸耳钉	test	@pandainred(已弃用)		谢园园	美国		376	0	¥0.00	¥0.00
https://www.tiktok.com/@theonkrht35/video/7596155769377115405?lang=en	2026/01/17	圣经手环	test	@akbah68（已弃用）		刘茜	美国		93	0	¥0.00	¥0.00
https://www.tiktok.com/@theonkrht35/video/7596156974832651533?lang=en	2026/01/17	勇敢项链	KB08	@akbah68（已弃用）		刘茜	美国		300	0	¥0.00	¥0.00
https://www.tiktok.com/@theonkrht35/video/7596157337329585421?lang=en	2026/01/17	钥匙扣	KB01	@akbah68（已弃用）		赵雅如	美国		287	0	¥0.00	¥0.00
https://www.tiktok.com/@user282588296958/video/7596159580229405982?lang=en	2026/01/17	钥匙扣	KB06	31-@user282588296958		刘茜	美国		256	0	¥0.00	¥0.00
https://www.tiktok.com/@user282588296958/video/7596184262756420895?lang=en	2026/01/17	勇敢项链	KB05	31-@user282588296958		刘茜	美国		0	0	¥0.00	¥0.00
https://www.tiktok.com/@user282588296958/video/7596185600491851039?lang=en	2026/01/17	圣经手环	test	31-@user282588296958		赵雅如	美国		0	0	¥0.00	¥0.00
https://www.tiktok.com/@user47271239130973/video/7596158307442756895?lang=en	2026/01/17	钥匙扣	KB06	@user47271239130973(已弃用)		刘茜	美国		289	0	¥0.00	¥0.00
https://www.tiktok.com/@user47271239130973/video/7596158495842438430?lang=en	2026/01/17	圣经手环	test	@user47271239130973(已弃用)		刘茜	美国		135	0	¥0.00	¥0.00
https://www.tiktok.com/@user47271239130973/video/7596159040724536607?lang=en	2026/01/17	勇敢项链	KB08	@user47271239130973(已弃用)		谢园园	美国		335	0	¥0.00	¥0.00
https://www.tiktok.com/@bcxcdeal4u02/video/7596227221988150542?lang=en	2026/01/18	磁吸耳钉	test	@bcxcdeal4u02(已弃用)		谢园园	美国		276	0	¥0.00	¥0.00
https://www.tiktok.com/@bcxcdeal4u02/video/7596227321489591566?lang=en	2026/01/18	三联十字架	test	@bcxcdeal4u02(已弃用)		谢园园	美国		137	0	¥0.00	¥0.00
https://www.tiktok.com/@bcxcdeal4u02/video/7596227630840565006?lang=en	2026/01/18	磁吸耳钉	test	@bcxcdeal4u02(已弃用)		涂欣然	美国		54	0	¥0.00	¥0.00
https://www.tiktok.com/@cdfbhhb4/video/7596220541074459917?lang=en	2026/01/18	勇敢项链	KB06	22-@cdfbhhb4		刘茜	美国		285	0	¥0.00	¥0.00
https://www.tiktok.com/@cdfbhhb4/video/7596220781625937207?lang=en	2026/01/18	钥匙扣	KB01	22-@cdfbhhb4		刘茜	美国		269	0	¥0.00	¥0.00
https://www.tiktok.com/@cdfbhhb4/video/7596220939965123853?lang=en	2026/01/18	勇敢项链	KB05	22-@cdfbhhb4		赵雅如	美国		45	0	¥0.00	¥0.00
https://www.tiktok.com/@haihsosh/video/7596218788773629198?lang=en	2026/01/18	钥匙扣	KB04	@haihsosh(已弃用)		刘茜	美国		274	0	¥0.00	¥0.00
https://www.tiktok.com/@haihsosh/video/7596219792407727374?lang=en	2026/01/18	勇敢项链	KB06	@haihsosh(已弃用)		刘茜	美国		241	0	¥0.00	¥0.00
https://www.tiktok.com/@haihsosh/video/7596220060583120183?lang=en	2026/01/18	勇敢项链	KB05	@haihsosh(已弃用)		赵雅如	美国		290	0	¥0.00	¥0.00
https://www.tiktok.com/@melvqvs/video/7596214686907911454	2026/01/18	勇敢项链	KB08	10-@melvqvs		刘茜	美国		317	0	¥0.00	¥0.00
https://www.tiktok.com/@melvqvs/video/7596215628571151646	2026/01/18	钥匙扣	KB02	10-@melvqvs		刘茜	美国		338	0	¥0.00	¥0.00
https://www.tiktok.com/@melvqvs/video/7596216054066580766	2026/01/18	勇敢项链	KB06	10-@melvqvs		赵雅如	美国		303	0	¥0.00	¥0.00
https://www.tiktok.com/@nurahyse0su/video/7596217757968960782?lang=en	2026/01/18	钥匙扣	KB02	@irx1sd1（已弃用）		刘茜	美国		303	0	¥0.00	¥0.00
https://www.tiktok.com/@nurahyse0su/video/7596218010059296055?lang=en	2026/01/18	勇敢项链	KB05	@irx1sd1（已弃用）		刘茜	美国		331	0	¥0.00	¥0.00
https://www.tiktok.com/@nurahyse0su/video/7596218453128711438?lang=en	2026/01/18	勇敢项链	KB05	@irx1sd1（已弃用）		赵雅如	美国		264	0	¥0.00	¥0.00
https://www.tiktok.com/@pandainred/video/7596227253567032606?lang=en	2026/01/18	磁吸耳钉	test	@pandainred(已弃用)		涂欣然	美国		311	0	¥0.00	¥0.00
https://www.tiktok.com/@pandainred/video/7596227940623453470?lang=en	2026/01/18	磁吸耳钉	test	@pandainred(已弃用)		谢园园	美国		313	0	¥0.00	¥0.00
https://www.tiktok.com/@pandainred/video/7596228197180575007?lang=en	2026/01/18	三联十字架	test	@pandainred(已弃用)		涂欣然	美国		2,922	0	¥0.00	¥0.00
https://www.tiktok.com/@theonkrht35/video/7596216403326225719?lang=en	2026/01/18	钥匙扣	KB02	@akbah68（已弃用）		刘茜	美国		329	0	¥0.00	¥0.00
https://www.tiktok.com/@theonkrht35/video/7596216822840544526?lang=en	2026/01/18	勇敢项链	KB05	@akbah68（已弃用）		刘茜	美国		284	0	¥0.00	¥0.00
https://www.tiktok.com/@theonkrht35/video/7596217123039431991?lang=en	2026/01/18	勇敢项链	KB06	@akbah68（已弃用）		赵雅如	美国		335	0	¥0.00	¥0.00
https://www.tiktok.com/@user282588296958/video/7596219591211240734?lang=en	2026/01/18	钥匙扣	KB01	31-@user282588296958		刘茜	美国		261	0	¥0.00	¥0.00
https://www.tiktok.com/@user282588296958/video/7596220092979875103?lang=en	2026/01/18	勇敢项链	KB06	31-@user282588296958		赵雅如	美国		198	0	¥0.00	¥0.00
https://www.tiktok.com/@user282588296958/video/7596220470563835167?lang=en	2026/01/18	钥匙扣	KB04	31-@user282588296958		赵雅如	美国		293	0	¥0.00	¥0.00
https://www.tiktok.com/@user47271239130973/video/7596218232256630046?lang=en	2026/01/18	钥匙扣	KB04	@user47271239130973(已弃用)		刘茜	美国		29	0	¥0.00	¥0.00
https://www.tiktok.com/@user47271239130973/video/7596218540705795358?lang=en	2026/01/18	勇敢项链	KB06	@user47271239130973(已弃用)		刘茜	美国		287	0	¥0.00	¥0.00
https://www.tiktok.com/@user47271239130973/video/7596218876078198047?lang=en	2026/01/18	钥匙扣	KB06	@user47271239130973(已弃用)		赵雅如	美国		279	0	¥0.00	¥0.00
https://www.tiktok.com/@bcxcdeal4u02/video/7596909684578061582?lang=en	2026/01/19	磁吸耳钉	test	@bcxcdeal4u02(已弃用)		谢园园	美国		364	0	¥0.00	¥0.00
https://www.tiktok.com/@bcxcdeal4u02/video/7596909853310831885?lang=en	2026/01/19	十字架套装	test	@bcxcdeal4u02(已弃用)		谢园园	美国		115	0	¥0.00	¥0.00
https://www.tiktok.com/@bcxcdeal4u02/video/7596910137839799566?lang=en	2026/01/19	磁吸耳钉	test	@bcxcdeal4u02(已弃用)		涂欣然	美国		30	0	¥0.00	¥0.00
https://www.tiktok.com/@cdfbhhb4/video/7596908422780456205?lang=en	2026/01/19	勇敢项链	KB05	22-@cdfbhhb4		刘茜	美国		322	0	¥0.00	¥0.00
https://www.tiktok.com/@cdfbhhb4/video/7596908703425596685?lang=en	2026/01/19	钥匙扣	KB06	22-@cdfbhhb4		刘茜	美国		268	0	¥0.00	¥0.00
https://www.tiktok.com/@cdfbhhb4/video/7596908854357675319?lang=en	2026/01/19	勇敢项链	KB08	22-@cdfbhhb4		赵雅如	美国		285	0	¥0.00	¥0.00
https://www.tiktok.com/@fttgyuhji/video/7597037860994239799	2026/01/19	彩色毛巾	AI视频	@fttgyuhji(已弃用)		赵永琦	美国		2,007	0	¥0.00	¥0.00
https://www.tiktok.com/@fvpvc681/video/7597040106519743757?lang=en	2026/01/19	数字项链	test	41-@fvpvc681		谢园园	美国		2,023	5	¥1,013.74	¥7.03
https://www.tiktok.com/@gracefulwheelsgirl/video/7597032152437378318	2026/01/19	情人卡片	AI视频	07-@gracefulwheelsgirl		邵佳运	美国		225	0	¥0.00	¥0.00
https://www.tiktok.com/@grindguydiaries/video/7597037733747445023	2026/01/19	彩色毛巾	AI视频	09-@grindguydiaries		赵永琦	美国		175	25	¥4,316.30	¥146.88
https://www.tiktok.com/@haihsosh/video/7596907353203559693?lang=en	2026/01/19	勇敢项链	KB05	@haihsosh(已弃用)		刘茜	美国		260	0	¥0.00	¥0.00
https://www.tiktok.com/@haihsosh/video/7596907758046252301?lang=en	2026/01/19	钥匙扣	KB06	@haihsosh(已弃用)		刘茜	美国		74	0	¥0.00	¥0.00
https://www.tiktok.com/@haihsosh/video/7596907921783524663?lang=en	2026/01/19	勇敢项链	KB08	@haihsosh(已弃用)		赵雅如	美国		108	0	¥0.00	¥0.00
https://www.tiktok.com/@hesonskates/video/7597032587365829901	2026/01/19	情人卡片	AI视频	@hesonskates（已弃用）		邵佳运	美国		136	0	¥0.00	¥0.00
https://www.tiktok.com/@hisrollerjourneys/video/7597031726786874655	2026/01/19	情人卡片	AI视频	05-@hisrollerjourneys		邵佳运	美国		364	0	¥0.00	¥0.00
https://www.tiktok.com/@melvqvs/video/7596906112402591007	2026/01/19	勇敢项链	KB06	10-@melvqvs		刘茜	美国		288	0	¥0.00	¥0.00
https://www.tiktok.com/@melvqvs/video/7596906548174015775	2026/01/19	钥匙扣	KB04	10-@melvqvs		刘茜	美国		358	0	¥0.00	¥0.00
https://www.tiktok.com/@melvqvs/video/7596906875849919774	2026/01/19	勇敢项链	KB08	10-@melvqvs		赵雅如	美国		249	0	¥0.00	¥0.00
https://www.tiktok.com/@nurahyse0su/video/7596906893910494519?lang=en	2026/01/19	勇敢项链	KB08	@irx1sd1（已弃用）		赵雅如	美国		304	0	¥0.00	¥0.00
https://www.tiktok.com/@nurahyse0su/video/7596907599514176782?lang=en	2026/01/19	勇敢项链	KB05	@irx1sd1（已弃用）		刘茜	美国		502	2	¥130.97	¥0.00
https://www.tiktok.com/@nurahyse0su/video/7596907896882105613?lang=en	2026/01/19	钥匙扣	KB06	@irx1sd1（已弃用）		刘茜	美国		302	0	¥0.00	¥0.00
https://www.tiktok.com/@pandainred/video/7596910872660823327?lang=en	2026/01/19	磁吸耳钉	test	@pandainred(已弃用)		涂欣然	美国		294	0	¥0.00	¥0.00
https://www.tiktok.com/@pandainred/video/7596911619922234654?lang=en	2026/01/19	十字架套装	test	@pandainred(已弃用)		涂欣然	美国		354	0	¥0.00	¥0.00
https://www.tiktok.com/@pandainred/video/7596911881923743007?lang=en	2026/01/19	磁吸耳钉	test	@pandainred(已弃用)		谢园园	美国		331	0	¥0.00	¥0.00
https://www.tiktok.com/@rawrollhisstyle/video/7597031393549471006	2026/01/19	情人卡片	AI视频	08-@rawrollhisstyle		邵佳运	美国		107	0	¥0.00	¥0.00
https://www.tiktok.com/@skatestride/video/7597031981829967135	2026/01/19	情人卡片	AI视频	@skatestride（已弃用）		邵佳运	美国		255	0	¥0.00	¥0.00
https://www.tiktok.com/@theonkrht35/video/7596913458768022798?lang=en	2026/01/19	钥匙扣	KB04	@akbah68（已弃用）		刘茜	美国		287	0	¥0.00	¥0.00
https://www.tiktok.com/@theonkrht35/video/7596913954165640461?lang=en	2026/01/19	勇敢项链	KB05	@akbah68（已弃用）		刘茜	美国		250	0	¥0.00	¥0.00
https://www.tiktok.com/@theonkrht35/video/7596914316880743735?lang=en	2026/01/19	勇敢项链	KB08	@akbah68（已弃用）		赵雅如	美国		319	0	¥0.00	¥0.00
https://www.tiktok.com/@user282588296958/video/7596910042180357406?lang=en	2026/01/19	勇敢项链	KB08	31-@user282588296958		刘茜	美国		283	0	¥0.00	¥0.00
https://www.tiktok.com/@user282588296958/video/7596910605911543070?lang=en	2026/01/19	勇敢项链	KB08	31-@user282588296958		赵雅如	美国		277	0	¥0.00	¥0.00
https://www.tiktok.com/@user282588296958/video/7596911278036192542?lang=en	2026/01/19	钥匙扣	KB06	31-@user282588296958		赵雅如	美国		267	0	¥0.00	¥0.00
https://www.tiktok.com/@user47271239130973/video/7596908763810942239?lang=en	2026/01/19	钥匙扣	KB06	@user47271239130973(已弃用)		刘茜	美国		319	0	¥0.00	¥0.00
https://www.tiktok.com/@user47271239130973/video/7596909190824660255?lang=en	2026/01/19	勇敢项链	KB08	@user47271239130973(已弃用)		刘茜	美国		275	0	¥0.00	¥0.00
https://www.tiktok.com/@user47271239130973/video/7596909528524868894?lang=en	2026/01/19	勇敢项链	KB08	@user47271239130973(已弃用)		赵雅如	美国		291	0	¥0.00	¥0.00
https://www.tiktok.com/@bcxcdeal4u02/video/7597267993533385997?lang=en	2026/01/20	磁吸耳钉	test	@bcxcdeal4u02(已弃用)		涂欣然	美国		505	0	¥0.00	¥0.00
https://www.tiktok.com/@bcxcdeal4u02/video/7597268272685321485?lang=en	2026/01/20	三联十字架	test	@bcxcdeal4u02(已弃用)		谢园园	美国		401	0	¥0.00	¥0.00
https://www.tiktok.com/@bcxcdeal4u02/video/7597268539841449229?lang=en	2026/01/20	磁吸耳钉	test	@bcxcdeal4u02(已弃用)		谢园园	美国		286	0	¥0.00	¥0.00
https://www.tiktok.com/@cdfbhhb4/video/7597273439895964983?lang=en	2026/01/20	勇敢项链	KB08	22-@cdfbhhb4		刘茜	美国		293	0	¥0.00	¥0.00
https://www.tiktok.com/@cdfbhhb4/video/7597274341226712333?lang=en	2026/01/20	钥匙扣	KB01	22-@cdfbhhb4		刘茜	美国		276	0	¥0.00	¥0.00
https://www.tiktok.com/@cdfbhhb4/video/7597274672178285879?lang=en	2026/01/20	钥匙扣	KB01	22-@cdfbhhb4		赵雅如	美国		337	0	¥0.00	¥0.00
https://www.tiktok.com/@chen36239/video/7597397442341965111	2026/01/20	彩色毛巾	AI视频	35-@chen36239		赵永琦	美国		78	0	¥0.00	¥0.00
https://www.tiktok.com/@fttgyuhji/video/7597399514722422029	2026/01/20	彩色花束	AI视频	@fttgyuhji(已弃用)		邵佳运	美国		595	0	¥0.00	¥0.00
https://www.tiktok.com/@glidefreerollers/video/7597396326866816286	2026/01/20	彩色毛巾	AI视频	02-@glidefreerollers		赵永琦	美国		1,558	5	¥892.84	¥19.79
https://www.tiktok.com/@glidespindiaries/video/7597399256206462263	2026/01/20	信封卡片	AI视频	@glidespindiaries（已弃用）		邵佳运	美国		0	0	¥0.00	¥0.00
https://www.tiktok.com/@gracefulwheelsgirl/video/7597398364568718606	2026/01/20	彩色花束	AI视频	07-@gracefulwheelsgirl		邵佳运	美国		112	0	¥0.00	¥0.00
https://www.tiktok.com/@grindguydiaries/video/7597399871263395103	2026/01/20	彩色花束	AI视频	09-@grindguydiaries		邵佳运	美国		215	0	¥0.00	¥0.00
https://www.tiktok.com/@haihsosh/video/7597270678751989005?lang=en	2026/01/20	钥匙扣	KB06	@haihsosh(已弃用)		刘茜	美国		250	1	¥61.06	¥0.00
https://www.tiktok.com/@haihsosh/video/7597271296665226551?lang=en	2026/01/20	钥匙扣	KB01	@haihsosh(已弃用)		赵雅如	美国		257	0	¥0.00	¥0.00
https://www.tiktok.com/@haihsosh/video/7597271886879280439?lang=en	2026/01/20	勇敢项链	KB05	@haihsosh(已弃用)		赵雅如	美国		281	0	¥0.00	¥0.00
https://www.tiktok.com/@hesonskates/video/7597400350332636430	2026/01/20	彩色花束	AI视频	@hesonskates（已弃用）		邵佳运	美国		222	0	¥0.00	¥0.00
https://www.tiktok.com/@hisrollerjourneys/video/7597398035374640415	2026/01/20	彩色花束	AI视频	05-@hisrollerjourneys		邵佳运	美国		293	0	¥0.00	¥0.00
https://www.tiktok.com/@hisrollroam/video/7597399138250149133	2026/01/20	彩色毛巾	AI视频	14-@hisrollroam		赵永琦	美国		115	0	¥0.00	¥0.00
https://www.tiktok.com/@icebladefreedom/video/7597401480076758285	2026/01/20	彩色花束	AI视频	12-@icebladefreedom		邵佳运	美国		122	0	¥0.00	¥0.00
https://www.tiktok.com/@iceglidevibes/video/7597397440353914125	2026/01/20	彩色花束	AI视频	03-@iceglidevibes		邵佳运	美国		80	0	¥0.00	¥0.00
https://www.tiktok.com/@la.negrita.1/video/7597397116352204046	2026/01/20	信封卡片	AI视频	36-@la.negrita.1		邵佳运	美国		80	0	¥0.00	¥0.00
https://www.tiktok.com/@melvqvs/video/7597268115344346398	2026/01/20	钥匙扣	KB06	10-@melvqvs		刘茜	美国		293	0	¥0.00	¥0.00
https://www.tiktok.com/@melvqvs/video/7597268935980961054	2026/01/20	钥匙扣	KB01	10-@melvqvs		赵雅如	美国		283	0	¥0.00	¥0.00
https://www.tiktok.com/@melvqvs/video/7597269478400888094	2026/01/20	勇敢项链	KB08	10-@melvqvs		刘茜	美国		356	0	¥0.00	¥0.00
https://www.tiktok.com/@nurahyse0su/video/7597270369266945335?lang=en	2026/01/20	钥匙扣	KB06	@irx1sd1（已弃用）		刘茜	美国		54	0	¥0.00	¥0.00
https://www.tiktok.com/@nurahyse0su/video/7597271046345067789?lang=en	2026/01/20	钥匙扣	KB01	@irx1sd1（已弃用）		赵雅如	美国		290	0	¥0.00	¥0.00
https://www.tiktok.com/@nurahyse0su/video/7597271723360226573?lang=en	2026/01/20	勇敢项链	KB08	@irx1sd1（已弃用）		刘茜	美国		277	0	¥0.00	¥0.00
https://www.tiktok.com/@pandainred/video/7597269278747921695?lang=en	2026/01/20	磁吸耳钉	test	@pandainred(已弃用)		涂欣然	美国		1,355	0	¥0.00	¥0.00
https://www.tiktok.com/@pandainred/video/7597269516703403295?lang=en	2026/01/20	三联十字架	test	@pandainred(已弃用)		涂欣然	美国		250	0	¥0.00	¥0.00
https://www.tiktok.com/@pandainred/video/7597269869872172318?lang=en	2026/01/20	磁吸耳钉	test	@pandainred(已弃用)		谢园园	美国		335	0	¥0.00	¥0.00
https://www.tiktok.com/@rawrollhisstyle/video/7597401051288849694	2026/01/20	彩色花束	AI视频	08-@rawrollhisstyle		邵佳运	美国		329	0	¥0.00	¥0.00
https://www.tiktok.com/@rollerrebel0/video/7597403171085880631	2026/01/20	信封卡片	AI视频	16-@rollerrebel0		邵佳运	美国		209	0	¥0.00	¥0.00
https://www.tiktok.com/@rollervibe2/video/7597403279521320222	2026/01/20	彩色毛巾	AI视频	43-@rollervibe2		赵永琦	美国		106	0	¥0.00	¥0.00
https://www.tiktok.com/@sherollsbright/video/7597399973075930381	2026/01/20	彩色毛巾	AI视频	27-@sherollsbright		赵永琦	美国		378	0	¥0.00	¥0.00
https://www.tiktok.com/@skateglowonice/video/7597398851993095438	2026/01/20	彩色花束	AI视频	11-@skateglowonice		邵佳运	美国		163	0	¥0.00	¥0.00
https://www.tiktok.com/@skaterollerodyssey/video/7597397948128840991	2026/01/20	彩色毛巾	AI视频	26-@skaterollerodssey		赵永琦	美国		0	0	¥0.00	¥0.00
https://www.tiktok.com/@skatestride/video/7597397859566210334	2026/01/20	彩色花束	AI视频	@skatestride（已弃用）		邵佳运	美国		204	0	¥0.00	¥0.00
https://www.tiktok.com/@skateunboundtales/video/7597396782988938526	2026/01/20	彩色毛巾	AI视频	42-@skateunboundtales		赵永琦	美国		930	1	¥182.92	¥9.18
https://www.tiktok.com/@skateunboundvibes/video/7597398260189236511	2026/01/20	彩色毛巾	AI视频	19-@skateunboundvibes		赵永琦	美国		419	15	¥2,693.17	¥132.80
https://www.tiktok.com/@styleviralfinds/video/7597397136208071967	2026/01/20	彩色毛巾	AI视频	30-@styleviralfinds		赵永琦	美国		60	0	¥0.00	¥0.00
https://www.tiktok.com/@theonkrht35/video/7597268165462068494?lang=en	2026/01/20	钥匙扣	KB01	@akbah68（已弃用）		赵雅如	美国		283	0	¥0.00	¥0.00
https://www.tiktok.com/@theonkrht35/video/7597268600776428814?lang=en	2026/01/20	钥匙扣	KB06	@akbah68（已弃用）		刘茜	美国		248	0	¥0.00	¥0.00
https://www.tiktok.com/@theonkrht35/video/7597269201413213454?lang=en	2026/01/20	勇敢项链	KB05	@akbah68（已弃用）		赵雅如	美国		289	0	¥0.00	¥0.00
https://www.tiktok.com/@user282588296958/video/7597272884523928862?lang=en	2026/01/20	勇敢项链	KB08	31-@user282588296958		刘茜	美国		268	0	¥0.00	¥0.00
https://www.tiktok.com/@user282588296958/video/7597273693269658911?lang=en	2026/01/20	勇敢项链	KB05	31-@user282588296958		赵雅如	美国		245	0	¥0.00	¥0.00
https://www.tiktok.com/@user282588296958/video/7597275847258672414?lang=en	2026/01/20	钥匙扣	KB01	31-@user282588296958		刘茜	美国		256	0	¥0.00	¥0.00
https://www.tiktok.com/@user47271239130973/video/7597273324695063839?lang=en	2026/01/20	钥匙扣	KB01	@user47271239130973(已弃用)		刘茜	美国		311	0	¥0.00	¥0.00
https://www.tiktok.com/@user47271239130973/video/7597274545585753374?lang=en	2026/01/20	钥匙扣	KB01	@user47271239130973(已弃用)		赵雅如	美国		272	0	¥0.00	¥0.00
https://www.tiktok.com/@user47271239130973/video/7597275433012350238?lang=en	2026/01/20	勇敢项链	KB05	@user47271239130973(已弃用)		赵雅如	美国		252	0	¥0.00	¥0.00
https://www.tiktok.com/@cdfbhhb4/video/7597656674899397901?lang=en	2026/01/21	勇敢项链	KB02	22-@cdfbhhb4		刘茜	美国		579	0	¥0.00	¥0.00
https://www.tiktok.com/@cdfbhhb4/video/7597657061790436621?lang=en	2026/01/21	勇敢项链	KB03	22-@cdfbhhb4		赵雅如	美国		599	0	¥0.00	¥0.00
https://www.tiktok.com/@cdfbhhb4/video/7597657479060720951?lang=en	2026/01/21	钥匙扣	KB01	22-@cdfbhhb4		刘茜	美国		250	0	¥0.00	¥0.00
https://www.tiktok.com/@chen36239/video/7597791540546653495	2026/01/21	玫瑰熊	AI视频	35-@chen36239		邵佳运	美国		168	0	¥0.00	¥0.00
https://www.tiktok.com/@fvpvc681/video/7597671173660413239?lang=en	2026/01/21	磁吸耳钉	test	41-@fvpvc681		谢园园	美国		40	0	¥0.00	¥0.00
https://www.tiktok.com/@fvpvc681/video/7597674419422530829?lang=en	2026/01/21	数字项链	test	41-@fvpvc681		涂欣然	美国		435	0	¥0.00	¥0.00
https://www.tiktok.com/@fvpvc681/video/7597675074023443726?lang=en	2026/01/21	数字项链	test	41-@fvpvc681		谢园园	美国		126	0	¥0.00	¥0.00
https://www.tiktok.com/@glidefreerollers/video/7597792418129317151	2026/01/21	玫瑰熊	AI视频	02-@glidefreerollers		邵佳运	美国		1,200	0	¥0.00	¥0.00
https://www.tiktok.com/@glidespindiaries/video/7597716615987334413	2026/01/21	磁吸耳钉	test	@glidespindiaries（已弃用）		涂欣然	美国		61	0	¥0.00	¥0.00
https://www.tiktok.com/@glidespindiaries/video/7597717334509342007	2026/01/21	数字项链	test	@glidespindiaries（已弃用）		涂欣然	美国		73	0	¥0.00	¥0.00
https://www.tiktok.com/@glidespindiaries/video/7597717629217918221	2026/01/21	数字项链	test	@glidespindiaries（已弃用）		谢园园	美国		283	0	¥0.00	¥0.00
https://www.tiktok.com/@gracefulwheelsgirl/video/7597761007829798158	2026/01/21	玫瑰熊	AI视频	07-@gracefulwheelsgirl		邵佳运	美国		127	0	¥0.00	¥0.00
https://www.tiktok.com/@grindguydiaries/video/7597798297301978398	2026/01/21	信封卡片	AI视频	09-@grindguydiaries		赵永琦	美国		352	0	¥0.00	¥0.00
https://www.tiktok.com/@haihsosh/video/7597695732866354487?lang=en	2026/01/21	勇敢项链	KB02	@haihsosh(已弃用)		刘茜	美国		272	0	¥0.00	¥0.00
https://www.tiktok.com/@haihsosh/video/7597696357285055799?lang=en	2026/01/21	勇敢项链	KB03	@haihsosh(已弃用)		赵雅如	美国		293	0	¥0.00	¥0.00
https://www.tiktok.com/@haihsosh/video/7597697407161224503?lang=en	2026/01/21	钥匙扣	KB02	@haihsosh(已弃用)		赵雅如	美国		264	0	¥0.00	¥0.00
https://www.tiktok.com/@hesonskates/video/7597761628221754638	2026/01/21	玫瑰熊	AI视频	@hesonskates（已弃用）		邵佳运	美国		296	0	¥0.00	¥0.00
https://www.tiktok.com/@hisbdjbi/video/7597669039548157239	2026/01/21	磁吸耳钉	test	37-@hisbdjbi		谢园园	美国		31	0	¥0.00	¥0.00
https://www.tiktok.com/@hisrollerjourneys/video/7597761779782946079	2026/01/21	玫瑰熊	AI视频	05-@hisrollerjourneys		邵佳运	美国		367	0	¥0.00	¥0.00
https://www.tiktok.com/@hisrollroam/video/7597804407799024910	2026/01/21	信封卡片	AI视频	14-@hisrollroam		赵永琦	美国		354	0	¥0.00	¥0.00
https://www.tiktok.com/@icebladefreedom/video/7597796930843839799	2026/01/21	信封卡片	AI视频	12-@icebladefreedom		赵永琦	美国		106	0	¥0.00	¥0.00
https://www.tiktok.com/@iceglidevibes/video/7597760702715104567	2026/01/21	玫瑰熊	AI视频	03-@iceglidevibes		邵佳运	美国		247	0	¥0.00	¥0.00
https://www.tiktok.com/@la.negrita.1/video/7597806559292296503	2026/01/21	信封卡片	AI视频	36-@la.negrita.1		赵永琦	美国		392	0	¥0.00	¥0.00
https://www.tiktok.com/@lowell3162/video/7598062347504078135	2026/01/21	信封卡片	AI视频	@lowell3162（已弃用）		赵永琦	美国		519	0	¥0.00	¥0.00
https://www.tiktok.com/@melvqvs/video/7597654728612285727	2026/01/21	勇敢项链	KB08	10-@melvqvs		刘茜	美国		244	0	¥0.00	¥0.00
https://www.tiktok.com/@melvqvs/video/7597655420810824991	2026/01/21	勇敢项链	KB03	10-@melvqvs		赵雅如	美国		260	0	¥0.00	¥0.00
https://www.tiktok.com/@melvqvs/video/7597655753280867615	2026/01/21	钥匙扣	KB01	10-@melvqvs		刘茜	美国		251	0	¥0.00	¥0.00
https://www.tiktok.com/@nurahyse0su/video/7597698082645626125?lang=en	2026/01/21	勇敢项链	KB08	@irx1sd1（已弃用）		刘茜	美国		289	0	¥0.00	¥0.00
https://www.tiktok.com/@nurahyse0su/video/7597698391954541837?lang=en	2026/01/21	勇敢项链	KB03	@irx1sd1（已弃用）		赵雅如	美国		396	0	¥0.00	¥0.00
https://www.tiktok.com/@nurahyse0su/video/7597698949104880909?lang=en	2026/01/21	钥匙扣	KB01	@irx1sd1（已弃用）		刘茜	美国		248	0	¥0.00	¥0.00
https://www.tiktok.com/@rawrollhisstyle/video/7597797928371047710	2026/01/21	信封卡片	AI视频	08-@rawrollhisstyle		赵永琦	美国		143	0	¥0.00	¥0.00
https://www.tiktok.com/@rollerrebel0/video/7597799806202809655	2026/01/21	信封卡片	AI视频	16-@rollerrebel0		赵永琦	美国		717	0	¥0.00	¥0.00
https://www.tiktok.com/@rollerrush0/video/7597669270553693454	2026/01/21	数字项链	test	@rollerrush0（已弃用）		涂欣然	美国		20	0	¥0.00	¥0.00
https://www.tiktok.com/@rollerrush0/video/7597674553522818318	2026/01/21	数字项链	test	@rollerrush0（已弃用）		谢园园	美国		271	0	¥0.00	¥0.00
https://www.tiktok.com/@rollerrush0/video/7597676880283569463	2026/01/21	磁吸耳钉	test	@rollerrush0（已弃用）		谢园园	美国		835	0	¥0.00	¥0.00
https://www.tiktok.com/@rollervibe2/video/7597790130811817247	2026/01/21	玫瑰熊	AI视频	43-@rollervibe2		邵佳运	美国		553	0	¥0.00	¥0.00
https://www.tiktok.com/@sherollsbright/video/7597807781923573005	2026/01/21	信封卡片	AI视频	27-@sherollsbright		赵永琦	美国		360	0	¥0.00	¥0.00
https://www.tiktok.com/@skateglowonice/video/7597797122775272718	2026/01/21	信封卡片	AI视频	11-@skateglowonice		赵永琦	美国		309	0	¥0.00	¥0.00
https://www.tiktok.com/@skaterollerodyssey/video/7597717228619910430	2026/01/21	磁吸耳钉	test	26-@skaterollerodssey		谢园园	美国		73	0	¥0.00	¥0.00
https://www.tiktok.com/@skaterollerodyssey/video/7597717721685495070	2026/01/21	数字项链	test	26-@skaterollerodssey		谢园园	美国		628	0	¥0.00	¥0.00
https://www.tiktok.com/@skaterollerodyssey/video/7597718049294241054	2026/01/21	数字项链	test	26-@skaterollerodssey		谢园园	美国		162	0	¥0.00	¥0.00
https://www.tiktok.com/@skatestride/video/7597761036053155103	2026/01/21	玫瑰熊	AI视频	@skatestride（已弃用）		邵佳运	美国		106	0	¥0.00	¥0.00
https://www.tiktok.com/@skateunboundtales/video/7597791825226714398	2026/01/21	玫瑰熊	AI视频	42-@skateunboundtales		邵佳运	美国		351	0	¥0.00	¥0.00
https://www.tiktok.com/@skateunboundvibes/video/7597805450184215838	2026/01/21	信封卡片	AI视频	19-@skateunboundvibes		赵永琦	美国		497	0	¥0.00	¥0.00
https://www.tiktok.com/@styleviralfinds/video/7597794622756097310	2026/01/21	玫瑰熊	AI视频	30-@styleviralfinds		邵佳运	美国		35	0	¥0.00	¥0.00
https://www.tiktok.com/@theonkrht35/video/7597696041881799949?lang=en	2026/01/21	勇敢项链	KB08	@akbah68（已弃用）		刘茜	美国		613	0	¥0.00	¥0.00
https://www.tiktok.com/@theonkrht35/video/7597696655151926541?lang=en	2026/01/21	勇敢项链	KB03	@akbah68（已弃用）		赵雅如	美国		276	0	¥0.00	¥0.00
https://www.tiktok.com/@theonkrht35/video/7597697395626904845?lang=en	2026/01/21	钥匙扣	KB02	@akbah68（已弃用）		赵雅如	美国		292	0	¥0.00	¥0.00
https://www.tiktok.com/@user282588296958/video/7597656894320184607?lang=en	2026/01/21	勇敢项链	KB02	31-@user282588296958		刘茜	美国		262	0	¥0.00	¥0.00
https://www.tiktok.com/@user282588296958/video/7597657201519480095?lang=en	2026/01/21	钥匙扣	KB01	31-@user282588296958		赵雅如	美国		44	0	¥0.00	¥0.00
https://www.tiktok.com/@user282588296958/video/7597658340646243614?lang=en	2026/01/21	勇敢项链	KB03	31-@user282588296958		赵雅如	美国		278	0	¥0.00	¥0.00
https://www.tiktok.com/@user47271239130973/video/7597655346433232158?lang=en	2026/01/21	钥匙扣	KB01	@user47271239130973(已弃用)		刘茜	美国		266	0	¥0.00	¥0.00
https://www.tiktok.com/@user47271239130973/video/7597655826756685086?lang=en	2026/01/21	勇敢项链	KB02	@user47271239130973(已弃用)		刘茜	美国		347	0	¥0.00	¥0.00
https://www.tiktok.com/@user47271239130973/video/7597656405293747487?lang=en	2026/01/21	勇敢项链	KB05	@user47271239130973(已弃用)		赵雅如	美国		271	0	¥0.00	¥0.00
https://www.tiktok.com/@cdfbhhb4/video/7598035782045125902?lang=en	2026/01/22	钥匙扣	KB02	22-@cdfbhhb4		刘茜	美国		246	0	¥0.00	¥0.00
https://www.tiktok.com/@cdfbhhb4/video/7598036161310756110?lang=en	2026/01/22	勇敢项链	KB07	22-@cdfbhhb4		涂欣然	美国		321	0	¥0.00	¥0.00
https://www.tiktok.com/@cdfbhhb4/video/7598036519575719182?lang=en	2026/01/22	钥匙扣	KB06	22-@cdfbhhb4		赵雅如	美国		314	0	¥0.00	¥0.00
https://www.tiktok.com/@chen36239/video/7598177780450200845	2026/01/22	玫瑰熊	AI视频	35-@chen36239		邵佳运	美国		192	0	¥0.00	¥0.00
https://www.tiktok.com/@fvpvc681/video/7598093089533742350?lang=en	2026/01/22	数字项链	test	41-@fvpvc681		涂欣然	美国		160	0	¥0.00	¥0.00
https://www.tiktok.com/@fvpvc681/video/7598472192254332173?lang=en	2026/01/22	数字项链	test	41-@fvpvc681		谢园园	美国		2,112	0	¥0.00	¥0.00
https://www.tiktok.com/@fvpvc681/video/7598498917805870391?lang=en	2026/01/22	磁吸耳钉	test	41-@fvpvc681		谢园园	美国		353	0	¥0.00	¥0.00
https://www.tiktok.com/@glidefreerollers/video/7598180107412426014	2026/01/22	玫瑰熊	AI视频	02-@glidefreerollers		邵佳运	美国		411,567	0	¥0.00	¥0.00
https://www.tiktok.com/@glidespindiaries/video/7598042319539014967	2026/01/22	磁吸耳钉	test	@glidespindiaries（已弃用）		涂欣然	美国		30	0	¥0.00	¥0.00
https://www.tiktok.com/@glidespindiaries/video/7598043040049024270	2026/01/22	数字项链	test	@glidespindiaries（已弃用）		涂欣然	美国		125	0	¥0.00	¥0.00
https://www.tiktok.com/@glidespindiaries/video/7598043377510239502	2026/01/22	数字项链	test	@glidespindiaries（已弃用）		谢园园	美国		188	0	¥0.00	¥0.00
https://www.tiktok.com/@gracefulwheelsgirl/video/7598135804472347918	2026/01/22	玫瑰熊	AI视频	07-@gracefulwheelsgirl		邵佳运	美国		77	0	¥0.00	¥0.00
https://www.tiktok.com/@grindguydiaries/video/7598180075174972702	2026/01/22	信封卡片	AI视频	09-@grindguydiaries		赵永琦	美国		171	0	¥0.00	¥0.00
https://www.tiktok.com/@haihsosh/video/7598042532320234807?lang=en	2026/01/22	勇敢项链	KB06	@haihsosh(已弃用)		赵雅如	美国		254	0	¥0.00	¥0.00
https://www.tiktok.com/@haihsosh/video/7598042563588787511?lang=en	2026/01/22	钥匙扣	KB02	@haihsosh(已弃用)		刘茜	美国		264	0	¥0.00	¥0.00
https://www.tiktok.com/@haihsosh/video/7598042749136358670?lang=en	2026/01/22	钥匙扣	KB02	@haihsosh(已弃用)		赵雅如	美国		24	0	¥0.00	¥0.00
https://www.tiktok.com/@hesonskates/video/7598134634093874445	2026/01/22	玫瑰熊	AI视频	@hesonskates（已弃用）		邵佳运	美国		69	0	¥0.00	¥0.00
https://www.tiktok.com/@hisbdjbi/video/7598061910226963725	2026/01/22	数字项链	test	37-@hisbdjbi		涂欣然	美国		282	0	¥0.00	¥0.00
https://www.tiktok.com/@hisrollerjourneys/video/7598134143771315486	2026/01/22	玫瑰熊	AI视频	05-@hisrollerjourneys		邵佳运	美国		185	0	¥0.00	¥0.00
https://www.tiktok.com/@icebladefreedom/video/7598178736600632589	2026/01/22	信封卡片	AI视频	12-@icebladefreedom		赵永琦	美国		51	0	¥0.00	¥0.00
https://www.tiktok.com/@iceglidevibes/video/7598180239986019597	2026/01/22	信封卡片	AI视频	03-@iceglidevibes		赵永琦	美国		81	0	¥0.00	¥0.00
https://www.tiktok.com/@lowell3162/video/7598178496166317326	2026/01/22	信封卡片	AI视频	@lowell3162（已弃用）		赵永琦	美国		240	0	¥0.00	¥0.00
https://www.tiktok.com/@melvqvs/video/7598025040608693534	2026/01/22	勇敢项链	KB02	10-@melvqvs		刘茜	美国		409	0	¥0.00	¥0.00
https://www.tiktok.com/@melvqvs/video/7598025571100118302	2026/01/22	钥匙扣	KB01	10-@melvqvs		刘茜	美国		234	0	¥0.00	¥0.00
https://www.tiktok.com/@melvqvs/video/7598026081811090718	2026/01/22	钥匙扣	KB02	10-@melvqvs		赵雅如	美国		304	0	¥0.00	¥0.00
https://www.tiktok.com/@nurahyse0su/video/7598029135729970487?lang=en	2026/01/22	钥匙扣	KB02	@irx1sd1（已弃用）		刘茜	美国		266	0	¥0.00	¥0.00
https://www.tiktok.com/@nurahyse0su/video/7598029670147214647?lang=en	2026/01/22	勇敢项链	KB06	@irx1sd1（已弃用）		刘茜	美国		280	0	¥0.00	¥0.00
https://www.tiktok.com/@nurahyse0su/video/7598030702302530871?lang=en	2026/01/22	钥匙扣	KB02	@irx1sd1（已弃用）		赵雅如	美国		28	0	¥0.00	¥0.00
https://www.tiktok.com/@rawrollhisstyle/video/7598139199434296607	2026/01/22	玫瑰熊	AI视频	08-@rawrollhisstyle		邵佳运	美国		157	0	¥0.00	¥0.00
https://www.tiktok.com/@rollerrebel0/video/7598177807235042615	2026/01/22	信封卡片	AI视频	16-@rollerrebel0		赵永琦	美国		78	0	¥0.00	¥0.00
https://www.tiktok.com/@rollerrush0/video/7598044717351324983	2026/01/22	磁吸耳钉	test	@rollerrush0（已弃用）		谢园园	美国		30	0	¥0.00	¥0.00
https://www.tiktok.com/@rollerrush0/video/7598045190867209527	2026/01/22	数字项链	test	@rollerrush0（已弃用）		涂欣然	美国		261	0	¥0.00	¥0.00
https://www.tiktok.com/@rollerrush0/video/7598045576927644942	2026/01/22	数字项链	test	@rollerrush0（已弃用）		谢园园	美国		356	0	¥0.00	¥0.00
https://www.tiktok.com/@rollervibe2/video/7598178645529595166	2026/01/22	玫瑰熊	AI视频	43-@rollervibe2		邵佳运	美国		463	0	¥0.00	¥0.00
https://www.tiktok.com/@scvkwvn29752/video/7598129025873153298	2026/01/22	经期按摩器	AI视频	@scvkwvn29752（已弃用）		公司	墨西哥		0	0	¥0.00	¥0.00
https://www.tiktok.com/@scvkwvn29752/video/7598155643811368199	2026/01/22	经期按摩器	test	@scvkwvn29752（已弃用）		刘茜	墨西哥		0	0	¥0.00	¥0.00
https://www.tiktok.com/@scvkwvn29752/video/7598156411075431698	2026/01/22	经期按摩器	test	@scvkwvn29752（已弃用）		刘茜	墨西哥		15	0	¥0.00	¥0.00
https://www.tiktok.com/@scvkwvn29752/video/7598157961541864711	2026/01/22	经期按摩器	test	@scvkwvn29752（已弃用）		赵雅如	墨西哥		0	0	¥0.00	¥0.00
https://www.tiktok.com/@sherollsbright/video/7598182245161061645	2026/01/22	信封卡片	AI视频	27-@sherollsbright		赵永琦	美国		119	0	¥0.00	¥0.00
https://www.tiktok.com/@skateglowonice/video/7598179442216684813	2026/01/22	信封卡片	AI视频	11-@skateglowonice		赵永琦	美国		174	0	¥0.00	¥0.00
https://www.tiktok.com/@skaterollerodyssey/video/7598055912980466975	2026/01/22	磁吸耳钉	test	26-@skaterollerodssey		涂欣然	美国		124	0	¥0.00	¥0.00
https://www.tiktok.com/@skaterollerodyssey/video/7598056414967336223	2026/01/22	数字项链	test	26-@skaterollerodssey		涂欣然	美国		536	0	¥0.00	¥0.00
https://www.tiktok.com/@skaterollerodyssey/video/7598057049490066719	2026/01/22	数字项链	test	26-@skaterollerodssey		谢园园	美国		437	0	¥0.00	¥0.00
https://www.tiktok.com/@skatestride/video/7598131875583937822	2026/01/22	玫瑰熊	AI视频	@skatestride（已弃用）		邵佳运	美国		224	0	¥0.00	¥0.00
https://www.tiktok.com/@skateunboundtales/video/7598176597555809567	2026/01/22	玫瑰熊	AI视频	42-@skateunboundtales		邵佳运	美国		619	0	¥0.00	¥0.00
https://www.tiktok.com/@styleviralfinds/video/7598179551507729694	2026/01/22	玫瑰熊	AI视频	30-@styleviralfinds		邵佳运	美国		182	0	¥0.00	¥0.00
https://www.tiktok.com/@theonkrht35/video/7598026799708146957?lang=en	2026/01/22	钥匙扣	KB02	@akbah68（已弃用）		刘茜	美国		243	0	¥0.00	¥0.00
https://www.tiktok.com/@theonkrht35/video/7598028257388399885?lang=en	2026/01/22	勇敢项链	KB05	@akbah68（已弃用）		赵雅如	美国		266	0	¥0.00	¥0.00
https://www.tiktok.com/@theonkrht35/video/7598028590323649806?lang=en	2026/01/22	钥匙扣	KB02	@akbah68（已弃用）		赵雅如	美国		13	0	¥0.00	¥0.00
https://www.tiktok.com/@user282588296958/video/7598038477883657503?lang=en	2026/01/22	勇敢项链	KB02	31-@user282588296958		刘茜	美国		303	0	¥0.00	¥0.00
https://www.tiktok.com/@user282588296958/video/7598039198653811999?lang=en	2026/01/22	钥匙扣	KB02	31-@user282588296958		刘茜	美国		289	1	¥67.80	¥0.00
https://www.tiktok.com/@user282588296958/video/7598039567060503838?lang=en	2026/01/22	钥匙扣	KB06	31-@user282588296958		赵雅如	美国		269	0	¥0.00	¥0.00
https://www.tiktok.com/@user47271239130973/video/7598064629469777182?lang=en	2026/01/22	钥匙扣	KB02	@user47271239130973(已弃用)		刘茜	美国		282	0	¥0.00	¥0.00
https://www.tiktok.com/@user47271239130973/video/7598065190663359774?lang=en	2026/01/22	钥匙扣	KB06	@user47271239130973(已弃用)		赵雅如	美国		268	0	¥0.00	¥0.00
https://www.tiktok.com/@user47271239130973/video/7598065510223219999?lang=en	2026/01/22	勇敢项链	KB05	@user47271239130973(已弃用)		赵雅如	美国		132	0	¥0.00	¥0.00
https://www.tiktok.com/@user63361127229647/video/7598128142246481159	2026/01/22	经期按摩器	AI视频	@user63361127229647(已弃用)		公司	墨西哥		0	0	¥0.00	¥0.00
https://www.tiktok.com/@user63361127229647/video/7598155514958351623	2026/01/22	经期按摩器	test	@user63361127229647(已弃用)		赵雅如	墨西哥		0	0	¥0.00	¥0.00
https://www.tiktok.com/@user63361127229647/video/7598156669805169927	2026/01/22	经期按摩器	test	@user63361127229647(已弃用)		刘茜	墨西哥		0	0	¥0.00	¥0.00
https://www.tiktok.com/@user63361127229647/video/7598157185754860818	2026/01/22	经期按摩器	test	@user63361127229647(已弃用)		赵雅如	墨西哥		0	0	¥0.00	¥0.00
https://www.tiktok.com/@cdfbhhb4/video/7598442655076437303?lang=en	2026/01/23	勇敢项链	KB02	22-@cdfbhhb4		刘茜	美国		387	0	¥0.00	¥0.00
https://www.tiktok.com/@cdfbhhb4/video/7598442784588238094?lang=en	2026/01/23	钥匙扣	KB06	22-@cdfbhhb4		赵雅如	美国		270	0	¥0.00	¥0.00
https://www.tiktok.com/@cdfbhhb4/video/7598443060862700855?lang=en	2026/01/23	勇敢项链	KB05	22-@cdfbhhb4		赵雅如	美国		71	0	¥0.00	¥0.00
https://www.tiktok.com/@chen36239/video/7598525358807272717	2026/01/23	彩色花束	AI视频	35-@chen36239		邵佳运	美国		6,571	0	¥0.00	¥0.00
https://www.tiktok.com/@fttgyuhji/video/7598540744764263694	2026/01/23	彩色花束	AI视频	@fttgyuhji(已弃用)		赵永琦	美国		1,108	0	¥0.00	¥0.00
https://www.tiktok.com/@fvpvc681/video/7598472663660547383?lang=en	2026/01/23	数字项链	test	41-@fvpvc681		涂欣然	美国		567	0	¥0.00	¥0.00
https://www.tiktok.com/@fvpvc681/video/7598474232485481742?lang=en	2026/01/23	磁吸耳钉	test	41-@fvpvc681		谢园园	美国		585	0	¥0.00	¥0.00
https://www.tiktok.com/@glidefreerollers/video/7598856549066394911	2026/01/23	玫瑰熊	AI视频	02-@glidefreerollers		邵佳运	美国		10,459	0	¥0.00	¥0.00
https://www.tiktok.com/@glidespindiaries/video/7598470158679543054	2026/01/23	磁吸耳钉	test	@glidespindiaries（已弃用）		谢园园	美国		123	0	¥0.00	¥0.00
https://www.tiktok.com/@glidespindiaries/video/7598471161781030158	2026/01/23	数字项链	test	@glidespindiaries（已弃用）		涂欣然	美国		140	0	¥0.00	¥0.00
https://www.tiktok.com/@glidespindiaries/video/7598471374281116942	2026/01/23	数字项链	test	@glidespindiaries（已弃用）		谢园园	美国		69	0	¥0.00	¥0.00
https://www.tiktok.com/@gracefulwheelsgirl/video/7598527360387779895	2026/01/23	彩色花束	AI视频	07-@gracefulwheelsgirl		邵佳运	美国		45	0	¥0.00	¥0.00
https://www.tiktok.com/@grindguydiaries/video/7598855205895064863	2026/01/23	彩色花束	AI视频	09-@grindguydiaries		赵永琦	美国		1,845	0	¥0.00	¥0.00
https://www.tiktok.com/@haihsosh/video/7598440983356919053?lang=en	2026/01/23	钥匙扣	KB07	@haihsosh(已弃用)		谢园园	美国		274	0	¥0.00	¥0.00
https://www.tiktok.com/@haihsosh/video/7598441341617507639?lang=en	2026/01/23	勇敢项链	KB08	@haihsosh(已弃用)		赵雅如	美国		301	0	¥0.00	¥0.00
https://www.tiktok.com/@haihsosh/video/7598441818467896590?lang=en	2026/01/23	钥匙扣	KB04	@haihsosh(已弃用)		赵雅如	美国		42	0	¥0.00	¥0.00
https://www.tiktok.com/@hesonskates/video/7598523741898853645	2026/01/23	彩色花束	AI视频	@hesonskates（已弃用）		邵佳运	美国		287	0	¥0.00	¥0.00
https://www.tiktok.com/@hisbdjbi/video/7598478641042951437	2026/01/23	数字项链	test	37-@hisbdjbi		涂欣然	美国		316	0	¥0.00	¥0.00
https://www.tiktok.com/@hisrollerjourneys/video/7598523356454980894	2026/01/23	彩色花束	AI视频	05-@hisrollerjourneys		邵佳运	美国		540	0	¥0.00	¥0.00
https://www.tiktok.com/@icebladefreedom/video/7598860661640170766	2026/01/23	彩色花束	AI视频	12-@icebladefreedom		赵永琦	美国		1,222	0	¥0.00	¥0.00
https://www.tiktok.com/@iceglidevibes/video/7598854938973752589	2026/01/23	彩色花束	AI视频	03-@iceglidevibes		赵永琦	美国		662	0	¥0.00	¥0.00
https://www.tiktok.com/@lowell3162/video/7598517194686844173	2026/01/23	彩色花束	AI视频	@lowell3162（已弃用）		赵永琦	美国		394	0	¥0.00	¥0.00
https://www.tiktok.com/@melvqvs/video/7598434248751697183	2026/01/23	钥匙扣	KB08	10-@melvqvs		涂欣然	美国		290	0	¥0.00	¥0.00
https://www.tiktok.com/@melvqvs/video/7598434789728849182	2026/01/23	勇敢项链	KB02	10-@melvqvs		赵雅如	美国		299	0	¥0.00	¥0.00
https://www.tiktok.com/@melvqvs/video/7598435090225450270	2026/01/23	钥匙扣	KB06	10-@melvqvs		赵雅如	美国		291	0	¥0.00	¥0.00
https://www.tiktok.com/@nurahyse0su/video/7598439867667844366?lang=en	2026/01/23	钥匙扣	KB07	@irx1sd1（已弃用）		谢园园	美国		292	0	¥0.00	¥0.00
https://www.tiktok.com/@nurahyse0su/video/7598440215480470798?lang=en	2026/01/23	勇敢项链	KB02	@irx1sd1（已弃用）		赵雅如	美国		311	0	¥0.00	¥0.00
https://www.tiktok.com/@nurahyse0su/video/7598440531340922126?lang=en	2026/01/23	钥匙扣	KB03	@irx1sd1（已弃用）		赵雅如	美国		63	0	¥0.00	¥0.00
https://www.tiktok.com/@rawrollhisstyle/video/7598528243943148830	2026/01/23	玫瑰熊	AI视频	08-@rawrollhisstyle		邵佳运	美国		3,238	3	¥348.09	¥45.22
https://www.tiktok.com/@rollerrebel0/video/7598538672580955405	2026/01/23	彩色花束	AI视频	16-@rollerrebel0		赵永琦	美国		350	0	¥0.00	¥0.00
https://www.tiktok.com/@rollerrush0/video/7598479762335501623	2026/01/23	磁吸耳钉	test	@rollerrush0（已弃用）		谢园园	美国		283	0	¥0.00	¥0.00
https://www.tiktok.com/@rollerrush0/video/7598480718552976653	2026/01/23	数字项链	test	@rollerrush0（已弃用）		涂欣然	美国		200	0	¥0.00	¥0.00
https://www.tiktok.com/@rollerrush0/video/7598481544918945037	2026/01/23	数字项链	test	@rollerrush0（已弃用）		谢园园	美国		239	0	¥0.00	¥0.00
https://www.tiktok.com/@rollervibe2/video/7598859230061399326	2026/01/23	玫瑰熊	AI视频	43-@rollervibe2		邵佳运	美国		346	0	¥0.00	¥0.00
https://www.tiktok.com/@scvkwvn29752/video/7598493825794936071	2026/01/23	经期按摩器	test	@scvkwvn29752（已弃用）		刘茜	墨西哥		0	0	¥0.00	¥0.00
https://www.tiktok.com/@scvkwvn29752/video/7598494870235303175	2026/01/23	经期按摩器	test	@scvkwvn29752（已弃用）		赵雅如	墨西哥		0	0	¥0.00	¥0.00
https://www.tiktok.com/@scvkwvn29752/video/7598494917945543943	2026/01/23	经期按摩器	test	@scvkwvn29752（已弃用）		赵雅如	墨西哥		0	0	¥0.00	¥0.00
https://www.tiktok.com/@sherollsbright/video/7598856962482261262	2026/01/23	彩色花束	AI视频	27-@sherollsbright		赵永琦	美国		1,028	0	¥0.00	¥0.00
https://www.tiktok.com/@skateglowonice/video/7598855637539294477	2026/01/23	彩色花束	AI视频	11-@skateglowonice		赵永琦	美国		834	0	¥0.00	¥0.00
https://www.tiktok.com/@skaterollerodyssey/video/7598470334437690655	2026/01/23	磁吸耳钉	test	26-@skaterollerodssey		谢园园	美国		173	0	¥0.00	¥0.00
https://www.tiktok.com/@skaterollerodyssey/video/7598471030021082398	2026/01/23	数字项链	test	26-@skaterollerodssey		涂欣然	美国		486	0	¥0.00	¥0.00
https://www.tiktok.com/@skaterollerodyssey/video/7598471668025150751	2026/01/23	数字项链	test	26-@skaterollerodssey		谢园园	美国		2,802	0	¥0.00	¥0.00
https://www.tiktok.com/@skatestride/video/7598859967621270814	2026/01/23	彩色花束	AI视频	@skatestride（已弃用）		邵佳运	美国		1,158	0	¥0.00	¥0.00
https://www.tiktok.com/@skateunboundtales/video/7598858501552655646	2026/01/23	玫瑰熊	AI视频	42-@skateunboundtales		邵佳运	美国		593	0	¥0.00	¥0.00
https://www.tiktok.com/@skateunboundvibes/video/7598857228828822814	2026/01/23	彩色花束	AI视频	19-@skateunboundvibes		赵永琦	美国		906	0	¥0.00	¥0.00
https://www.tiktok.com/@styleviralfinds/video/7598524848775728414	2026/01/23	彩色花束	AI视频	30-@styleviralfinds		邵佳运	美国		24	0	¥0.00	¥0.00
https://www.tiktok.com/@theonkrht35/video/7598435523681701175?lang=en	2026/01/23	钥匙扣	KB08	@akbah68（已弃用）		涂欣然	美国		272	0	¥0.00	¥0.00
https://www.tiktok.com/@theonkrht35/video/7598438731233643831?lang=en	2026/01/23	勇敢项链	KB01	@akbah68（已弃用）		赵雅如	美国		335	0	¥0.00	¥0.00
https://www.tiktok.com/@theonkrht35/video/7598439095399894285?lang=en	2026/01/23	钥匙扣	KB06	@akbah68（已弃用）		赵雅如	美国		285	0	¥0.00	¥0.00
https://www.tiktok.com/@user282588296958/video/7598464866231258398?lang=en	2026/01/23	勇敢项链	KB06	31-@user282588296958		刘茜	美国		277	0	¥0.00	¥0.00
https://www.tiktok.com/@user282588296958/video/7598465019726122270?lang=en	2026/01/23	钥匙扣	KB16	31-@user282588296958		赵雅如	美国		261	0	¥0.00	¥0.00
https://www.tiktok.com/@user282588296958/video/7598465790479797534?lang=en	2026/01/23	勇敢项链	KB08	31-@user282588296958		赵雅如	美国		4	0	¥0.00	¥0.00
https://www.tiktok.com/@user47271239130973/video/7598457533111569694?lang=en	2026/01/23	勇敢项链	KB06	@user47271239130973(已弃用)		刘茜	美国		282	0	¥0.00	¥0.00
https://www.tiktok.com/@user47271239130973/video/7598457744517008671?lang=en	2026/01/23	钥匙扣	KB16	@user47271239130973(已弃用)		赵雅如	美国		329	0	¥0.00	¥0.00
https://www.tiktok.com/@user47271239130973/video/7598463678349839647?lang=en	2026/01/23	勇敢项链	KB08	@user47271239130973(已弃用)		赵雅如	美国		277	0	¥0.00	¥0.00
https://www.tiktok.com/@user63361127229647/video/7598491486493166855	2026/01/23	经期按摩器	test	@user63361127229647(已弃用)		刘茜	墨西哥		0	0	¥0.00	¥0.00
https://www.tiktok.com/@user63361127229647/video/7598492162006830354	2026/01/23	经期按摩器	test	@user63361127229647(已弃用)		刘茜	墨西哥		0	0	¥0.00	¥0.00
https://www.tiktok.com/@user63361127229647/video/7598492578203421970	2026/01/23	经期按摩器	test	@user63361127229647(已弃用)		赵雅如	墨西哥		0	0	¥0.00	¥0.00
https://www.tiktok.com/@cdfbhhb4/video/7598450268614806797?lang=en	2026/01/24	勇敢项链	KB07	22-@cdfbhhb4		赵雅如	美国		380	0	¥0.00	¥0.00
https://www.tiktok.com/@cdfbhhb4/video/7598450869876624654?lang=en	2026/01/24	钥匙扣	KB01	22-@cdfbhhb4		赵雅如	美国		318	0	¥0.00	¥0.00
https://www.tiktok.com/@cdfbhhb4/video/7598451508975324430?lang=en	2026/01/24	勇敢项链	KB02	22-@cdfbhhb4		赵雅如	美国		0	0	¥0.00	¥0.00
https://www.tiktok.com/@fvpvc681/video/7598475353736088887?lang=en	2026/01/24	磁吸耳钉	test	41-@fvpvc681		谢园园	美国		381	0	¥0.00	¥0.00
https://www.tiktok.com/@fvpvc681/video/7598475860147998007?lang=en	2026/01/24	数字项链	test	41-@fvpvc681		谢园园	美国		457	0	¥0.00	¥0.00
https://www.tiktok.com/@fvpvc681/video/7598477169420946743?lang=en	2026/01/24	数字项链	test	41-@fvpvc681		涂欣然	美国		456	0	¥0.00	¥0.00
https://www.tiktok.com/@glidespindiaries/video/7598473164066213134	2026/01/24	磁吸耳钉	test	@glidespindiaries（已弃用）		涂欣然	美国		50	0	¥0.00	¥0.00
https://www.tiktok.com/@glidespindiaries/video/7598473956781214990	2026/01/24	数字项链	test	@glidespindiaries（已弃用）		涂欣然	美国		1,023	0	¥0.00	¥0.00
https://www.tiktok.com/@glidespindiaries/video/7598474552921885965	2026/01/24	数字项链	test	@glidespindiaries（已弃用）		谢园园	美国		233	0	¥0.00	¥0.00
https://www.tiktok.com/@haihsosh/video/7598449279593696567?lang=en	2026/01/24	勇敢项链	KB08	@haihsosh(已弃用)		谢园园	美国		286	0	¥0.00	¥0.00
https://www.tiktok.com/@haihsosh/video/7598449554970643726?lang=en	2026/01/24	勇敢项链	KB06	@haihsosh(已弃用)		赵雅如	美国		322	0	¥0.00	¥0.00
https://www.tiktok.com/@haihsosh/video/7598449826266762551?lang=en	2026/01/24	钥匙扣	KB01	@haihsosh(已弃用)		赵雅如	美国		312	0	¥0.00	¥0.00
https://www.tiktok.com/@hisbdjbi/video/7598479415386852621	2026/01/24	数字项链	test	37-@hisbdjbi		谢园园	美国		209	0	¥0.00	¥0.00
https://www.tiktok.com/@melvqvs/video/7598444821916798238	2026/01/24	勇敢项链	KB06	10-@melvqvs		刘茜	美国		331	0	¥0.00	¥0.00
https://www.tiktok.com/@melvqvs/video/7598445163391798558	2026/01/24	钥匙扣	KB16	10-@melvqvs		赵雅如	美国		292	0	¥0.00	¥0.00
https://www.tiktok.com/@melvqvs/video/7598445681325493534	2026/01/24	勇敢项链	KB07	10-@melvqvs		赵雅如	美国		362	0	¥0.00	¥0.00
https://www.tiktok.com/@nurahyse0su/video/7598448017917611319?lang=en	2026/01/24	勇敢项链	KB06	@irx1sd1（已弃用）		刘茜	美国		349	0	¥0.00	¥0.00
https://www.tiktok.com/@nurahyse0su/video/7598448512493194510?lang=en	2026/01/24	勇敢项链	KB07	@irx1sd1（已弃用）		赵雅如	美国		383	0	¥0.00	¥0.00
https://www.tiktok.com/@nurahyse0su/video/7598448666285837581?lang=en	2026/01/24	钥匙扣	KB01	@irx1sd1（已弃用）		赵雅如	美国		320	0	¥0.00	¥0.00
https://www.tiktok.com/@rollerrush0/video/7598484048721333517	2026/01/24	磁吸耳钉	test	@rollerrush0（已弃用）		涂欣然	美国		639	0	¥0.00	¥0.00
https://www.tiktok.com/@rollerrush0/video/7598484353580027149	2026/01/24	数字项链	test	@rollerrush0（已弃用）		谢园园	美国		81	0	¥0.00	¥0.00
https://www.tiktok.com/@rollerrush0/video/7598484532886605070	2026/01/24	数字项链	test	@rollerrush0（已弃用）		涂欣然	美国		129	0	¥0.00	¥0.00
https://www.tiktok.com/@scvkwvn29752/video/7598495956857916680	2026/01/24	经期按摩器	test	@scvkwvn29752（已弃用）		刘茜	墨西哥		0	0	¥0.00	¥0.00
https://www.tiktok.com/@scvkwvn29752/video/7598496186919554311	2026/01/24	经期按摩器	test	@scvkwvn29752（已弃用）		刘茜	墨西哥		0	0	¥0.00	¥0.00
https://www.tiktok.com/@scvkwvn29752/video/7598496500255247624	2026/01/24	经期按摩器	test	@scvkwvn29752（已弃用）		赵雅如	墨西哥		0	0	¥0.00	¥0.00
https://www.tiktok.com/@skaterollerodyssey/video/7598475491766504735	2026/01/24	磁吸耳钉	test	26-@skaterollerodssey		涂欣然	美国		125	0	¥0.00	¥0.00
https://www.tiktok.com/@skaterollerodyssey/video/7598476046345817375	2026/01/24	数字项链	test	26-@skaterollerodssey		谢园园	美国		505	0	¥0.00	¥0.00
https://www.tiktok.com/@skaterollerodyssey/video/7598476823579659551	2026/01/24	数字项链	test	26-@skaterollerodssey		涂欣然	美国		275	0	¥0.00	¥0.00
https://www.tiktok.com/@theonkrht35/video/7598446225855204663?lang=en	2026/01/24	勇敢项链	KB06	@akbah68（已弃用）		刘茜	美国		290	0	¥0.00	¥0.00
https://www.tiktok.com/@theonkrht35/video/7598446726483053879?lang=en	2026/01/24	钥匙扣	KB16	@akbah68（已弃用）		赵雅如	美国		359	0	¥0.00	¥0.00
https://www.tiktok.com/@theonkrht35/video/7598447219796200718?lang=en	2026/01/24	勇敢项链	KB07	@akbah68（已弃用）		赵雅如	美国		368	0	¥0.00	¥0.00
https://www.tiktok.com/@user282588296958/video/7598467850042445086?lang=en	2026/01/24	勇敢项链	KB01	31-@user282588296958		赵雅如	美国		339	0	¥0.00	¥0.00
https://www.tiktok.com/@user282588296958/video/7598468754787405087?lang=en	2026/01/24	钥匙扣	KB02	31-@user282588296958		赵雅如	美国		343	0	¥0.00	¥0.00
https://www.tiktok.com/@user282588296958/video/7598469246292593951?lang=en	2026/01/24	勇敢项链	KB02	31-@user282588296958		赵雅如	美国		86	0	¥0.00	¥0.00
https://www.tiktok.com/@user47271239130973/video/7598466051482848542?lang=en	2026/01/24	钥匙扣	KB01	@user47271239130973(已弃用)		赵雅如	美国		352	0	¥0.00	¥0.00
https://www.tiktok.com/@user47271239130973/video/7598467113333886239?lang=en	2026/01/24	勇敢项链	KB01	@user47271239130973(已弃用)		赵雅如	美国		265	0	¥0.00	¥0.00
https://www.tiktok.com/@user47271239130973/video/7598467636590087455?lang=en	2026/01/24	勇敢项链	KB02	@user47271239130973(已弃用)		赵雅如	美国		422	0	¥0.00	¥0.00
https://www.tiktok.com/@user63361127229647/video/7598493393689349383	2026/01/24	经期按摩器	test	@user63361127229647(已弃用)		赵雅如	墨西哥		0	0	¥0.00	¥0.00
https://www.tiktok.com/@user63361127229647/video/7598494661472292114	2026/01/24	经期按摩器	test	@user63361127229647(已弃用)		刘茜	墨西哥		0	0	¥0.00	¥0.00
https://www.tiktok.com/@user63361127229647/video/7598494684624801042	2026/01/24	经期按摩器	test	@user63361127229647(已弃用)		赵雅如	墨西哥		0	0	¥0.00	¥0.00
https://www.tiktok.com/@chen36239/video/7599652978437459230	2026/01/26	床垫	AI视频	35-@chen36239		赵永琦	美国		174	0	¥0.00	¥0.00
https://www.tiktok.com/@grindguydiaries/video/7599651548809006367	2026/01/26	瑜伽内裤	AI视频	09-@grindguydiaries		邵佳运	美国		348	0	¥0.00	¥0.00
https://www.tiktok.com/@hesonskates/video/7599648781591792926	2026/01/26	瑜伽内裤	AI视频	@hesonskates（已弃用）		邵佳运	美国		305	0	¥0.00	¥0.00
https://www.tiktok.com/@hisrollerjourneys/video/7599649291619011870	2026/01/26	瑜伽内裤	AI视频	05-@hisrollerjourneys		邵佳运	美国		143	0	¥0.00	¥0.00
https://www.tiktok.com/@hisrollroam/video/7599652170039840031	2026/01/26	床垫	AI视频	14-@hisrollroam		赵永琦	美国		447	0	¥0.00	¥0.00
https://www.tiktok.com/@icebladefreedom/video/7599650088503250206	2026/01/26	瑜伽内裤	AI视频	12-@icebladefreedom		邵佳运	美国		192	0	¥0.00	¥0.00
https://www.tiktok.com/@iceglidevibes/video/7599653910743158047	2026/01/26	瑜伽内裤	AI视频	03-@iceglidevibes		邵佳运	美国		522	0	¥0.00	¥0.00
https://www.tiktok.com/@rollerrebel0/video/7599653329039412510	2026/01/26	床垫	AI视频	16-@rollerrebel0		赵永琦	美国		263	0	¥0.00	¥0.00
https://www.tiktok.com/@rollervibe2/video/7599654396095401246	2026/01/26	床垫	AI视频	43-@rollervibe2		赵永琦	美国		75	0	¥0.00	¥0.00
https://www.tiktok.com/@sherollsbright/video/7599651652492217631	2026/01/26	床垫	AI视频	27-@sherollsbright		赵永琦	美国		355	0	¥0.00	¥0.00
https://www.tiktok.com/@skateglowonice/video/7599650227250842911	2026/01/26	瑜伽内裤	AI视频	11-@skateglowonice		邵佳运	美国		559	0	¥0.00	¥0.00
https://www.tiktok.com/@skatestride/video/7599653475659681055	2026/01/26	瑜伽内裤	AI视频	@skatestride（已弃用）		邵佳运	美国		43	0	¥0.00	¥0.00
https://www.tiktok.com/@skateunboundtales/video/7599651035472334111	2026/01/26	床垫	AI视频	42-@skateunboundtales		赵永琦	美国		460	0	¥0.00	¥0.00
https://www.tiktok.com/@styleviralfinds/video/7599650430246849823	2026/01/26	床垫	AI视频	30-@styleviralfinds		赵永琦	美国		23	0	¥0.00	¥0.00
https://www.tiktok.com/@c03vfgqsr0/video/7599956018528881928	2026/01/27	经期按摩器	S01	@c03vfgqsr0（已弃用）		刘茜	墨西哥		0	0	¥0.00	¥0.00
https://www.tiktok.com/@c03vfgqsr0/video/7599959516821622024	2026/01/27	经期按摩器	S01	@c03vfgqsr0（已弃用）		刘茜	墨西哥		0	0	¥0.00	¥0.00
https://www.tiktok.com/@c03vfgqsr0/video/7599959951137590546	2026/01/27	经期按摩器	S01	@c03vfgqsr0（已弃用）		赵雅如	墨西哥		0	0	¥0.00	¥0.00
https://www.tiktok.com/@cdfbhhb4/video/7599880985194319134?lang=en	2026/01/27	钥匙扣	KB01	22-@cdfbhhb4		涂欣然	美国		270	0	¥0.00	¥0.00
https://www.tiktok.com/@cdfbhhb4/video/7599881988669000990?lang=en	2026/01/27	勇敢项链	test	22-@cdfbhhb4		谢园园	美国		340	0	¥0.00	¥0.00
https://www.tiktok.com/@cdfbhhb4/video/7599882150577442078?lang=en	2026/01/27	钥匙扣	KB02	22-@cdfbhhb4		赵雅如	美国		232	0	¥0.00	¥0.00
https://www.tiktok.com/@haihsosh/video/7599879911523863839?lang=en	2026/01/27	钥匙扣	KB01	@haihsosh(已弃用)		涂欣然	美国		249	0	¥0.00	¥0.00
https://www.tiktok.com/@haihsosh/video/7599880602803817759?lang=en	2026/01/27	勇敢项链	test	@haihsosh(已弃用)		谢园园	美国		353	0	¥0.00	¥0.00
https://www.tiktok.com/@haihsosh/video/7599881019486915871?lang=en	2026/01/27	钥匙扣	KB02	@haihsosh(已弃用)		赵雅如	美国		118	0	¥0.00	¥0.00
https://www.tiktok.com/@hoo35nini35/video/7599955405468339474	2026/01/27	经期按摩器	S01	@hoo35nini35（已弃用）		刘茜	墨西哥		0	0	¥0.00	¥0.00
https://www.tiktok.com/@hoo35nini35/video/7599959272537001223	2026/01/27	经期按摩器	S01	@hoo35nini35（已弃用）		刘茜	墨西哥		0	0	¥0.00	¥0.00
https://www.tiktok.com/@hoo35nini35/video/7599959495896386823	2026/01/27	经期按摩器	BM1	@hoo35nini35（已弃用）		赵雅如	墨西哥		0	0	¥0.00	¥0.00
https://www.tiktok.com/@hoo35nini35/video/7600051867405585681	2026/01/27	经期按摩器	S01	@hoo35nini35（已弃用）		赵雅如	墨西哥		0	0	¥0.00	¥0.00
https://www.tiktok.com/@melvqvs/video/7599892072056835359	2026/01/27	钥匙扣	KB01	10-@melvqvs		涂欣然	美国		268	0	¥0.00	¥0.00
https://www.tiktok.com/@melvqvs/video/7599892715760815390	2026/01/27	勇敢项链	test	10-@melvqvs		谢园园	美国		330	0	¥0.00	¥0.00
https://www.tiktok.com/@melvqvs/video/7599893032065961246	2026/01/27	钥匙扣	KB03	10-@melvqvs		赵雅如	美国		266	0	¥0.00	¥0.00
https://www.tiktok.com/@nurahyse0su/video/7599878786187939102?lang=en	2026/01/27	钥匙扣	KB01	@irx1sd1（已弃用）		涂欣然	美国		242	0	¥0.00	¥0.00
https://www.tiktok.com/@nurahyse0su/video/7599879421851372830?lang=en	2026/01/27	勇敢项链	test	@irx1sd1（已弃用）		谢园园	美国		321	0	¥0.00	¥0.00
https://www.tiktok.com/@nurahyse0su/video/7599879828803702046?lang=en	2026/01/27	钥匙扣	KB03	@irx1sd1（已弃用）		赵雅如	美国		262	0	¥0.00	¥0.00
https://www.tiktok.com/@theonkrht35/video/7599875986347314463?lang=en	2026/01/27	钥匙扣	KB01	@akbah68（已弃用）		涂欣然	美国		260	0	¥0.00	¥0.00
https://www.tiktok.com/@theonkrht35/video/7599877877185645854?lang=en	2026/01/27	勇敢项链	test	@akbah68（已弃用）		谢园园	美国		39	0	¥0.00	¥0.00
https://www.tiktok.com/@theonkrht35/video/7599878263330065694?lang=en	2026/01/27	钥匙扣	KB03	@akbah68（已弃用）		赵雅如	美国		266	0	¥0.00	¥0.00
https://www.tiktok.com/@user282588296958/video/7599882938263555358?lang=en	2026/01/27	钥匙扣	KB01	31-@user282588296958		涂欣然	美国		307	0	¥0.00	¥0.00
https://www.tiktok.com/@user282588296958/video/7599883825006611743?lang=en	2026/01/27	钥匙扣	KB01	31-@user282588296958		涂欣然	美国		200	0	¥0.00	¥0.00
https://www.tiktok.com/@user282588296958/video/7599884185230167326?lang=en	2026/01/27	勇敢项链	test	31-@user282588296958		谢园园	美国		259	0	¥0.00	¥0.00
https://www.tiktok.com/@user47271239130973/video/7599882368379325726?lang=en	2026/01/27	钥匙扣	KB01	@user47271239130973(已弃用)		涂欣然	美国		42	0	¥0.00	¥0.00
https://www.tiktok.com/@user47271239130973/video/7599883009537346846?lang=en	2026/01/27	勇敢项链	test	@user47271239130973(已弃用)		谢园园	美国		15	0	¥0.00	¥0.00
https://www.tiktok.com/@user47271239130973/video/7599883649449757983?lang=en	2026/01/27	钥匙扣	KB02	@user47271239130973(已弃用)		赵雅如	美国		312	0	¥0.00	¥0.00
https://www.tiktok.com/@c03vfgqsr0/video/7600313176562879765	2026/01/28	经期按摩器	S01	@c03vfgqsr0（已弃用）		刘茜	墨西哥		0	0	¥0.00	¥0.00
https://www.tiktok.com/@c03vfgqsr0/video/7600313669779541268	2026/01/28	经期按摩器	BM1	@c03vfgqsr0（已弃用）		刘茜	墨西哥		0	6	¥410.60	¥15.58
https://www.tiktok.com/@c03vfgqsr0/video/7600314196139543828	2026/01/28	经期按摩器	S01	@c03vfgqsr0（已弃用）		赵雅如	墨西哥		0	0	¥0.00	¥0.00
https://www.tiktok.com/@c03vfgqsr0/video/7600314560611896597	2026/01/28	经期按摩器	BM1	@c03vfgqsr0（已弃用）		赵雅如	墨西哥		0	0	¥0.00	¥0.00
https://www.tiktok.com/@c03vfgqsr0/video/7600314820755262740	2026/01/28	经期按摩器	BM1	@c03vfgqsr0（已弃用）		赵雅如	墨西哥		0	7	¥512.71	¥14.06
https://www.tiktok.com/@cdfbhhb4/video/7600239058039672095?lang=en	2026/01/28	勇敢项链	KB07	22-@cdfbhhb4		涂欣然	美国		578	0	¥0.00	¥0.00
https://www.tiktok.com/@cdfbhhb4/video/7600239362625883423?lang=en	2026/01/28	钥匙扣	test	22-@cdfbhhb4		谢园园	美国		242	0	¥0.00	¥0.00
https://www.tiktok.com/@cdfbhhb4/video/7600242662767201567?lang=en	2026/01/28	钥匙扣	test	22-@cdfbhhb4		谢园园	美国		403	0	¥0.00	¥0.00
https://www.tiktok.com/@haihsosh/video/7600237857457966367?lang=en	2026/01/28	勇敢项链	KB07	@haihsosh(已弃用)		涂欣然	美国		252	0	¥0.00	¥0.00
https://www.tiktok.com/@haihsosh/video/7600238115080523039?lang=en	2026/01/28	钥匙扣	test	@haihsosh(已弃用)		谢园园	美国		222	0	¥0.00	¥0.00
https://www.tiktok.com/@haihsosh/video/7600238515036638494?lang=en	2026/01/28	钥匙扣	test	@haihsosh(已弃用)		谢园园	美国		255	0	¥0.00	¥0.00
https://www.tiktok.com/@hesonskates/video/7600456622342819102	2026/01/28	彩色毛巾	test	@hesonskates（已弃用）		邵佳运	美国		83	0	¥0.00	¥0.00
https://www.tiktok.com/@hisrollerjourneys/video/7600456202836856094	2026/01/28	彩色毛巾	test	05-@hisrollerjourneys		邵佳运	美国		92	0	¥0.00	¥0.00
https://www.tiktok.com/@hoo35nini35/video/7600307929379622160	2026/01/28	经期按摩器	BM1	@hoo35nini35（已弃用）		刘茜	墨西哥		0	3	¥224.57	¥3.58
https://www.tiktok.com/@hoo35nini35/video/7600309149557214481	2026/01/28	经期按摩器	S01	@hoo35nini35（已弃用）		刘茜	墨西哥		0	0	¥0.00	¥0.00
https://www.tiktok.com/@hoo35nini35/video/7600310225790438673	2026/01/28	经期按摩器	BM1	@hoo35nini35（已弃用）		刘茜	墨西哥		0	8	¥508.84	¥27.23
https://www.tiktok.com/@hoo35nini35/video/7600310705841081616	2026/01/28	经期按摩器	BM1	@hoo35nini35（已弃用）		赵雅如	墨西哥		0	2	¥138.65	¥4.12
https://www.tiktok.com/@hoo35nini35/video/7600311183077281025	2026/01/28	经期按摩器	KB2.1	@hoo35nini35（已弃用）		赵雅如	墨西哥		0	34	¥2,217.36	¥82.48
https://www.tiktok.com/@iceglidevibes/video/7600455288868670751	2026/01/28	彩色毛巾	test	03-@iceglidevibes		邵佳运	美国		51	0	¥0.00	¥0.00
https://www.tiktok.com/@melvqvs/video/7600254220624809246	2026/01/28	钥匙扣	KB01	10-@melvqvs		涂欣然	美国		274	0	¥0.00	¥0.00
https://www.tiktok.com/@melvqvs/video/7600254919190252831	2026/01/28	勇敢项链	test	10-@melvqvs		谢园园	美国		275	0	¥0.00	¥0.00
https://www.tiktok.com/@melvqvs/video/7600255535450983711	2026/01/28	钥匙扣	test	10-@melvqvs		谢园园	美国		242	0	¥0.00	¥0.00
https://www.tiktok.com/@nurahyse0su/video/7600236812983880990?lang=en	2026/01/28	勇敢项链	KB07	@irx1sd1（已弃用）		涂欣然	美国		417	0	¥0.00	¥0.00
https://www.tiktok.com/@nurahyse0su/video/7600237311330094367?lang=en	2026/01/28	钥匙扣	test	@irx1sd1（已弃用）		谢园园	美国		91	0	¥0.00	¥0.00
https://www.tiktok.com/@nurahyse0su/video/7600237526934146335?lang=en	2026/01/28	钥匙扣	test	@irx1sd1（已弃用）		谢园园	美国		278	0	¥0.00	¥0.00
https://www.tiktok.com/@rollervibe2/video/7600683169049824542	2026/01/28	彩色毛巾	test	43-@rollervibe2		赵永琦	美国		2,975	3	¥664.75	¥58.61
https://www.tiktok.com/@scvkwvn29752/video/7600346950210194704	2026/01/28	经期按摩器	S01	@scvkwvn29752（已弃用）		刘茜	墨西哥		0	1	¥75.80	¥0.47
https://www.tiktok.com/@scvkwvn29752/video/7600349256578272513	2026/01/28	经期按摩器	BM1	@scvkwvn29752（已弃用）		刘茜	墨西哥		0	1	¥79.60	¥0.47
https://www.tiktok.com/@scvkwvn29752/video/7600350019559886097	2026/01/28	经期按摩器	BM1	@scvkwvn29752（已弃用）		刘茜	墨西哥		0	1	¥75.73	¥0.47
https://www.tiktok.com/@scvkwvn29752/video/7600350272522587409	2026/01/28	经期按摩器	BM1	@scvkwvn29752（已弃用）		赵雅如	墨西哥		0	0	¥0.00	¥0.00
https://www.tiktok.com/@scvkwvn29752/video/7600350798832241936	2026/01/28	经期按摩器	KB2.1	@scvkwvn29752（已弃用）		赵雅如	墨西哥		0	0	¥0.00	¥0.00
https://www.tiktok.com/@skatestride/video/7600455776754240782	2026/01/28	彩色毛巾	test	@skatestride（已弃用）		邵佳运	美国		14	0	¥0.00	¥0.00
https://www.tiktok.com/@theonkrht35/video/7600252332865047839?lang=en	2026/01/28	钥匙扣	KB01	@akbah68（已弃用）		涂欣然	美国		25	0	¥0.00	¥0.00
https://www.tiktok.com/@theonkrht35/video/7600252871946292510?lang=en	2026/01/28	勇敢项链	test	@akbah68（已弃用）		谢园园	美国		296	0	¥0.00	¥0.00
https://www.tiktok.com/@theonkrht35/video/7600253492397100319?lang=en	2026/01/28	钥匙扣	test	@akbah68（已弃用）		谢园园	美国		269	0	¥0.00	¥0.00
https://www.tiktok.com/@user282588296958/video/7600249667217100062?lang=en	2026/01/28	勇敢项链	KB07	31-@user282588296958		涂欣然	美国		256	0	¥0.00	¥0.00
https://www.tiktok.com/@user282588296958/video/7600250158575652126?lang=en	2026/01/28	勇敢项链	KB07	31-@user282588296958		涂欣然	美国		255	0	¥0.00	¥0.00
https://www.tiktok.com/@user282588296958/video/7600251304287456542?lang=en	2026/01/28	钥匙扣	test	31-@user282588296958		谢园园	美国		248	0	¥0.00	¥0.00
https://www.tiktok.com/@user47271239130973/video/7600243131975503135?lang=en	2026/01/28	勇敢项链	KB07	@user47271239130973(已弃用)		涂欣然	美国		314	0	¥0.00	¥0.00
https://www.tiktok.com/@user47271239130973/video/7600243807573003551?lang=en	2026/01/28	勇敢项链	test	@user47271239130973(已弃用)		谢园园	美国		301	0	¥0.00	¥0.00
https://www.tiktok.com/@user47271239130973/video/7600244087047965983?lang=en	2026/01/28	钥匙扣	test	@user47271239130973(已弃用)		谢园园	美国		113	0	¥0.00	¥0.00
https://www.tiktok.com/@c03vfgqsr0/video/7600715827595218197	2026/01/29	经期按摩器	BM1	@c03vfgqsr0（已弃用）		刘茜	墨西哥		0	0	¥0.00	¥0.00
https://www.tiktok.com/@c03vfgqsr0/video/7600716379498499349	2026/01/29	经期按摩器	BM1	@c03vfgqsr0（已弃用）		刘茜	墨西哥		0	0	¥0.00	¥0.00
https://www.tiktok.com/@c03vfgqsr0/video/7600717121483738389	2026/01/29	经期按摩器	KB2.1	@c03vfgqsr0（已弃用）		赵雅如	墨西哥		0	0	¥0.00	¥0.00
https://www.tiktok.com/@c03vfgqsr0/video/7600717471661772053	2026/01/29	经期按摩器	BM1	@c03vfgqsr0（已弃用）		赵雅如	墨西哥		0	0	¥0.00	¥0.00
https://www.tiktok.com/@c03vfgqsr0/video/7600718768108506388	2026/01/29	经期按摩器	BM1	@c03vfgqsr0（已弃用）		赵雅如	墨西哥		0	0	¥0.00	¥0.00
https://www.tiktok.com/@cdfbhhb4/video/7600632866548075807?lang=en	2026/01/29	勇敢项链	KB07	22-@cdfbhhb4		涂欣然	美国		341	0	¥0.00	¥0.00
https://www.tiktok.com/@cdfbhhb4/video/7600633328001223966?lang=en	2026/01/29	钥匙扣	KB03	22-@cdfbhhb4		涂欣然	美国		62	0	¥0.00	¥0.00
https://www.tiktok.com/@cdfbhhb4/video/7600633699159330078?lang=en	2026/01/29	勇敢项链	test	22-@cdfbhhb4		谢园园	美国		298	0	¥0.00	¥0.00
https://www.tiktok.com/@chen36239/video/7600744304847359287	2026/01/29	彩色毛巾	test	35-@chen36239		赵永琦	美国		44	0	¥0.00	¥0.00
https://www.tiktok.com/@fvpvc681/video/7600680497123020063?lang=en	2026/01/29	数字项链	test	41-@fvpvc681		谢园园	美国		471	0	¥0.00	¥0.00
https://www.tiktok.com/@fvpvc681/video/7600681263292222750?lang=en	2026/01/29	数字项链	test	41-@fvpvc681		谢园园	美国		431	0	¥0.00	¥0.00
https://www.tiktok.com/@glidefreerollers/video/7600744194495237407	2026/01/29	彩色毛巾	test	02-@glidefreerollers		赵永琦	美国		39	0	¥0.00	¥0.00
https://www.tiktok.com/@glidespindiaries/video/7600694512314354957	2026/01/29	磁吸耳钉	test	@glidespindiaries（已弃用）		谢园园	美国		167	0	¥0.00	¥0.00
https://www.tiktok.com/@glidespindiaries/video/7600695392660983053	2026/01/29	数字项链	test	@glidespindiaries（已弃用）		谢园园	美国		216	0	¥0.00	¥0.00
https://www.tiktok.com/@glidespindiaries/video/7600696220058701070	2026/01/29	数字项链	test	@glidespindiaries（已弃用）		涂欣然	美国		198	0	¥0.00	¥0.00
https://www.tiktok.com/@gracefulwheelsgirl/video/7600741054886726967	2026/01/29	彩色毛巾	test	07-@gracefulwheelsgirl		邵佳运	美国		34	0	¥0.00	¥0.00
https://www.tiktok.com/@grindguydiaries/video/7600740871046204703	2026/01/29	彩色毛巾	test	09-@grindguydiaries		邵佳运	美国		629	0	¥0.00	¥0.00
https://www.tiktok.com/@haihsosh/video/7600632380776402207?lang=en	2026/01/29	勇敢项链	test	@haihsosh(已弃用)		谢园园	美国		22	0	¥0.00	¥0.00
https://www.tiktok.com/@haihsosh/video/7600632740509256991?lang=en	2026/01/29	钥匙扣	KB03	@haihsosh(已弃用)		涂欣然	美国		232	0	¥0.00	¥0.00
https://www.tiktok.com/@haihsosh/video/7600633243485900062?lang=en	2026/01/29	勇敢项链	KB07	@haihsosh(已弃用)		涂欣然	美国		218	0	¥0.00	¥0.00
https://www.tiktok.com/@hesonskates/video/7600741777305390391	2026/01/29	彩色毛巾	test	@hesonskates（已弃用）		邵佳运	美国		20	0	¥0.00	¥0.00
https://www.tiktok.com/@hisbdjbi/video/7600725581302353166	2026/01/29	数字项链	test	37-@hisbdjbi		涂欣然	美国		109	0	¥0.00	¥0.00
https://www.tiktok.com/@hisrollerjourneys/video/7600742656464997662	2026/01/29	彩色毛巾	test	05-@hisrollerjourneys		邵佳运	美国		80	0	¥0.00	¥0.00
https://www.tiktok.com/@hisrollroam/video/7600744371176099127	2026/01/29	彩色毛巾	test	14-@hisrollroam		赵永琦	美国		864	5	¥905.01	¥86.10
https://www.tiktok.com/@hoo35nini35/video/7600720910135463184	2026/01/29	经期按摩器	BM1	@hoo35nini35（已弃用）		刘茜	墨西哥		0	1	¥77.14	¥0.63
https://www.tiktok.com/@hoo35nini35/video/7600721254085184785	2026/01/29	经期按摩器	KB1	@hoo35nini35（已弃用）		刘茜	墨西哥		0	0	¥0.00	¥0.00
https://www.tiktok.com/@hoo35nini35/video/7600721861701356801	2026/01/29	经期按摩器	KB1	@hoo35nini35（已弃用）		刘茜	墨西哥		0	0	¥0.00	¥0.00
https://www.tiktok.com/@hoo35nini35/video/7600721890675658000	2026/01/29	经期按摩器	BM1	@hoo35nini35（已弃用）		赵雅如	墨西哥		0	0	¥0.00	¥0.00
https://www.tiktok.com/@hoo35nini35/video/7600722762965011713	2026/01/29	经期按摩器	BM1	@hoo35nini35（已弃用）		赵雅如	墨西哥		0	1	¥62.86	¥2.61
https://www.tiktok.com/@icebladefreedom/video/7600742174707174669	2026/01/29	彩色毛巾	test	12-@icebladefreedom		邵佳运	美国		58	0	¥0.00	¥0.00
https://www.tiktok.com/@iceglidevibes/video/7600742986242182431	2026/01/29	彩色毛巾	test	03-@iceglidevibes		邵佳运	美国		26	0	¥0.00	¥0.00
https://www.tiktok.com/@lowell3162/video/7600745035604249886	2026/01/29	彩色毛巾	test	@lowell3162（已弃用）		赵永琦	美国		36	0	¥0.00	¥0.00
https://www.tiktok.com/@melvqvs/video/7600629948839136542	2026/01/29	勇敢项链	KB07	10-@melvqvs		涂欣然	美国		286	0	¥0.00	¥0.00
https://www.tiktok.com/@nurahyse0su/video/7600630975537679629?lang=en	2026/01/29	勇敢项链	KB07	@irx1sd1（已弃用）		涂欣然	美国		286	0	¥0.00	¥0.00
https://www.tiktok.com/@nurahyse0su/video/7600631343583726861?lang=en	2026/01/29	钥匙扣	KB03	@irx1sd1（已弃用）		涂欣然	美国		8	0	¥0.00	¥0.00
https://www.tiktok.com/@nurahyse0su/video/7600631879686982925?lang=en	2026/01/29	勇敢项链	test	@irx1sd1（已弃用）		谢园园	美国		275	0	¥0.00	¥0.00
https://www.tiktok.com/@rawrollhisstyle/video/7600742108730756382	2026/01/29	彩色毛巾	test	08-@rawrollhisstyle		邵佳运	美国		28	0	¥0.00	¥0.00
https://www.tiktok.com/@rollerrebel0/video/7600740508498922766	2026/01/29	彩色毛巾	test	16-@rollerrebel0		邵佳运	美国		608	1	¥238.07	¥17.00
https://www.tiktok.com/@rollerrush0/video/7600697266499833101	2026/01/29	磁吸耳钉	test	@rollerrush0（已弃用）		谢园园	美国		25	0	¥0.00	¥0.00
https://www.tiktok.com/@rollerrush0/video/7600697732063399182	2026/01/29	数字项链	test	@rollerrush0（已弃用）		谢园园	美国		326	0	¥0.00	¥0.00
https://www.tiktok.com/@rollerrush0/video/7600702354559700279	2026/01/29	数字项链	test	@rollerrush0（已弃用）		涂欣然	美国		236	0	¥0.00	¥0.00
https://www.tiktok.com/@rollervibe2/video/7600746750529277215	2026/01/29	彩色毛巾	test	43-@rollervibe2		赵永琦	美国		60	0	¥0.00	¥0.00
https://www.tiktok.com/@scvkwvn29752/video/7600719368934280449	2026/01/29	经期按摩器	BM1	@scvkwvn29752（已弃用）		刘茜	墨西哥		0	0	¥0.00	¥0.00
https://www.tiktok.com/@scvkwvn29752/video/7600719516036893953	2026/01/29	经期按摩器	BM1	@scvkwvn29752（已弃用）		刘茜	墨西哥		0	0	¥0.00	¥0.00
https://www.tiktok.com/@scvkwvn29752/video/7600720078065175809	2026/01/29	经期按摩器	KB2	@scvkwvn29752（已弃用）		刘茜	墨西哥		0	0	¥0.00	¥0.00
https://www.tiktok.com/@scvkwvn29752/video/7600720107903487233	2026/01/29	经期按摩器	BM1	@scvkwvn29752（已弃用）		赵雅如	墨西哥		0	0	¥0.00	¥0.00
https://www.tiktok.com/@scvkwvn29752/video/7600720554999483649	2026/01/29	经期按摩器	BM1	@scvkwvn29752（已弃用）		赵雅如	墨西哥		0	0	¥0.00	¥0.00
https://www.tiktok.com/@skateglowonice/video/7600740389015866637	2026/01/29	彩色毛巾	test	11-@skateglowonice		邵佳运	美国		151	0	¥0.00	¥0.00
https://www.tiktok.com/@skatejoynest/video/7600744614580030733	2026/01/29	彩色毛巾	test	34-@skatejoynest		赵永琦	美国		83	0	¥0.00	¥0.00
https://www.tiktok.com/@skaterollerodyssey/video/7600698299917667614	2026/01/29	磁吸耳钉	test	26-@skaterollerodssey		谢园园	美国		320	0	¥0.00	¥0.00
https://www.tiktok.com/@skaterollerodyssey/video/7600703197845474590	2026/01/29	数字项链	test	26-@skaterollerodssey		涂欣然	美国		450	0	¥0.00	¥0.00
https://www.tiktok.com/@skaterollerodyssey/video/7600703620841032991	2026/01/29	数字项链	test	26-@skaterollerodssey		谢园园	美国		433	0	¥0.00	¥0.00
https://www.tiktok.com/@skatestride/video/7600742103903178039	2026/01/29	彩色毛巾	test	@skatestride（已弃用）		邵佳运	美国		18	0	¥0.00	¥0.00
https://www.tiktok.com/@skateunboundtales/video/7600744584670448927	2026/01/29	彩色毛巾	test	42-@skateunboundtales		赵永琦	美国		725	0	¥0.00	¥0.00
https://www.tiktok.com/@skateunboundvibes/video/7600744304964881695	2026/01/29	彩色毛巾	AI视频	19-@skateunboundvibes		赵永琦	美国		599	0	¥0.00	¥0.00
https://www.tiktok.com/@styleviralfinds/video/7600744760554442014	2026/01/29	彩色毛巾	AI视频	30-@styleviralfinds		赵永琦	美国		78	0	¥0.00	¥0.00
https://www.tiktok.com/@theonkrht35/video/7600630127571127607?lang=en	2026/01/29	钥匙扣	test	@akbah68（已弃用）		谢园园	美国		289	0	¥0.00	¥0.00
https://www.tiktok.com/@theonkrht35/video/7600630997138394381?lang=en	2026/01/29	勇敢项链	KB07	@akbah68（已弃用）		涂欣然	美国		289	0	¥0.00	¥0.00
https://www.tiktok.com/@theonkrht35/video/7600631948469341454?lang=en	2026/01/29	勇敢项链	test	@akbah68（已弃用）		谢园园	美国		295	0	¥0.00	¥0.00
https://www.tiktok.com/@user282588296958/video/7600635440093351199?lang=en	2026/01/29	勇敢项链	test	31-@user282588296958		谢园园	美国		269	0	¥0.00	¥0.00
https://www.tiktok.com/@user282588296958/video/7600636570516933918?lang=en	2026/01/29	勇敢项链	test	31-@user282588296958		谢园园	美国		250	0	¥0.00	¥0.00
https://www.tiktok.com/@user282588296958/video/7600638347358309663?lang=en	2026/01/29	钥匙扣	KB03	31-@user282588296958		涂欣然	美国		0	0	¥0.00	¥0.00
https://www.tiktok.com/@user47271239130973/video/7600633181015903518?lang=en	2026/01/29	钥匙扣	KB03	@user47271239130973(已弃用)		涂欣然	美国		393	0	¥0.00	¥0.00
https://www.tiktok.com/@user47271239130973/video/7600633563213614367?lang=en	2026/01/29	勇敢项链	KB07	@user47271239130973(已弃用)		涂欣然	美国		325	0	¥0.00	¥0.00
https://www.tiktok.com/@user47271239130973/video/7600634095151992095?lang=en	2026/01/29	钥匙扣	test	@user47271239130973(已弃用)		谢园园	美国		246	0	¥0.00	¥0.00
https://www.tiktok.com/@c03vfgqsr0/video/7601046366034496788	2026/01/30	经期按摩器	test	@c03vfgqsr0（已弃用）		刘茜	墨西哥		0	0	¥0.00	¥0.00
https://www.tiktok.com/@c03vfgqsr0/video/7601046768524037396	2026/01/30	经期按摩器	test	@c03vfgqsr0（已弃用）		刘茜	墨西哥		0	1	¥97.86	¥0.47
https://www.tiktok.com/@c03vfgqsr0/video/7601047179033070868	2026/01/30	经期按摩器	test	@c03vfgqsr0（已弃用）		刘茜	墨西哥		0	0	¥0.00	¥0.00
https://www.tiktok.com/@c03vfgqsr0/video/7601047605694532885	2026/01/30	经期按摩器	test	@c03vfgqsr0（已弃用）		赵雅如	墨西哥		0	0	¥0.00	¥0.00
https://www.tiktok.com/@c03vfgqsr0/video/7601047936402771221	2026/01/30	经期按摩器	test	@c03vfgqsr0（已弃用）		赵雅如	墨西哥		0	1	¥72.00	¥1.06
https://www.tiktok.com/@cdfbhhb4/video/7601002599344540959?lang=en	2026/01/30	钥匙扣	KB03	22-@cdfbhhb4		涂欣然	美国		294	0	¥0.00	¥0.00
https://www.tiktok.com/@cdfbhhb4/video/7601003307498278174?lang=en	2026/01/30	钥匙扣	test	22-@cdfbhhb4		谢园园	美国		273	0	¥0.00	¥0.00
https://www.tiktok.com/@cdfbhhb4/video/7601004075844504862?lang=en	2026/01/30	勇敢项链	KB06	22-@cdfbhhb4		涂欣然	美国		290	0	¥0.00	¥0.00
https://www.tiktok.com/@chen36239/video/7601102186310814990	2026/01/30	彩色毛巾	test	35-@chen36239		赵永琦	美国		29	0	¥0.00	¥0.00
https://www.tiktok.com/@fvpvc681/video/7601066450404642079?lang=en	2026/01/30	数字项链	test	41-@fvpvc681		谢园园	美国		54,420	0	¥0.00	¥0.00
https://www.tiktok.com/@glidefreerollers/video/7601101560747134239	2026/01/30	彩色毛巾	test	02-@glidefreerollers		赵永琦	美国		54	0	¥0.00	¥0.00
https://www.tiktok.com/@glidespindiaries/video/7601013585975856439	2026/01/30	磁吸耳钉	test	@glidespindiaries（已弃用）		涂欣然	美国		47	0	¥0.00	¥0.00
https://www.tiktok.com/@glidespindiaries/video/7601014045361163533	2026/01/30	数字项链	test	@glidespindiaries（已弃用）		涂欣然	美国		421	0	¥0.00	¥0.00
https://www.tiktok.com/@glidespindiaries/video/7601014751811947789	2026/01/30	数字项链	test	@glidespindiaries（已弃用）		谢园园	美国		327	0	¥0.00	¥0.00
https://www.tiktok.com/@gracefulwheelsgirl/video/7601096846873726221	2026/01/30	彩色毛巾	test	07-@gracefulwheelsgirl		邵佳运	美国		212	0	¥0.00	¥0.00
https://www.tiktok.com/@grindguydiaries/video/7601113134685818142	2026/01/30	彩色毛巾	test	09-@grindguydiaries		邵佳运	美国		302	0	¥0.00	¥0.00
https://www.tiktok.com/@haihsosh/video/7601000340338543902?lang=en	2026/01/30	勇敢项链	test	@haihsosh(已弃用)		谢园园	美国		264	0	¥0.00	¥0.00
https://www.tiktok.com/@haihsosh/video/7601000956326694175?lang=en	2026/01/30	钥匙扣	KB03	@haihsosh(已弃用)		涂欣然	美国		247	0	¥0.00	¥0.00
https://www.tiktok.com/@haihsosh/video/7601001579436592414?lang=en	2026/01/30	钥匙扣	test	@haihsosh(已弃用)		谢园园	美国		247	0	¥0.00	¥0.00
https://www.tiktok.com/@hesonskates/video/7601061057745947918	2026/01/30	彩色毛巾	test	@hesonskates（已弃用）		邵佳运	美国		39	0	¥0.00	¥0.00
https://www.tiktok.com/@hisbdjbi/video/7601069874193960247	2026/01/30	数字项链	test	37-@hisbdjbi		涂欣然	美国		247	0	¥0.00	¥0.00
https://www.tiktok.com/@hisrollerjourneys/video/7601060631646686494	2026/01/30	彩色毛巾	test	05-@hisrollerjourneys		邵佳运	美国		102	0	¥0.00	¥0.00
https://www.tiktok.com/@hisrollroam/video/7601102172540996919	2026/01/30	彩色毛巾	test	14-@hisrollroam		赵永琦	美国		331	0	¥0.00	¥0.00
https://www.tiktok.com/@hoo35nini35/video/7601054322163551489	2026/01/30	经期按摩器	test	@hoo35nini35（已弃用）		刘茜	墨西哥		0	5	¥350.08	¥8.31
https://www.tiktok.com/@hoo35nini35/video/7601054773684555009	2026/01/30	经期按摩器	test	@hoo35nini35（已弃用）		刘茜	墨西哥		0	1	¥75.79	¥1.51
https://www.tiktok.com/@hoo35nini35/video/7601055082766994689	2026/01/30	经期按摩器	test	@hoo35nini35（已弃用）		刘茜	墨西哥		0	2	¥149.14	¥1.46
https://www.tiktok.com/@hoo35nini35/video/7601055417925487889	2026/01/30	经期按摩器	test	@hoo35nini35（已弃用）		赵雅如	墨西哥		0	0	¥0.00	¥0.00
https://www.tiktok.com/@hoo35nini35/video/7601055715859434753	2026/01/30	经期按摩器	test	@hoo35nini35（已弃用）		赵雅如	墨西哥		0	1	¥74.28	¥1.30
https://www.tiktok.com/@iceglidevibes/video/7601045768698432798	2026/01/30	彩色毛巾	test	03-@iceglidevibes		邵佳运	美国		67	0	¥0.00	¥0.00
https://www.tiktok.com/@lowell3162/video/7601101587968314655	2026/01/30	彩色毛巾	test	@lowell3162（已弃用）		赵永琦	美国		52	0	¥0.00	¥0.00
https://www.tiktok.com/@melvqvs/video/7600630578567761182	2026/01/30	钥匙扣	KB03	10-@melvqvs		涂欣然	美国		259	0	¥0.00	¥0.00
https://www.tiktok.com/@melvqvs/video/7600631311845444894	2026/01/30	勇敢项链	test	10-@melvqvs		谢园园	美国		299	0	¥0.00	¥0.00
https://www.tiktok.com/@melvqvs/video/7601011933822684447	2026/01/30	钥匙扣	KB03	10-@melvqvs		涂欣然	美国		282	0	¥0.00	¥0.00
https://www.tiktok.com/@melvqvs/video/7601012665250532638	2026/01/30	勇敢项链	test	10-@melvqvs		谢园园	美国		299	0	¥0.00	¥0.00
https://www.tiktok.com/@melvqvs/video/7601012977692691742	2026/01/30	钥匙扣	test	10-@melvqvs		谢园园	美国		275	0	¥0.00	¥0.00
https://www.tiktok.com/@nurahyse0su/video/7601011043808202039?lang=en	2026/01/30	钥匙扣	KB03	@irx1sd1（已弃用）		涂欣然	美国		280	0	¥0.00	¥0.00
https://www.tiktok.com/@nurahyse0su/video/7601011458142506254?lang=en	2026/01/30	勇敢项链	test	@irx1sd1（已弃用）		谢园园	美国		288	0	¥0.00	¥0.00
https://www.tiktok.com/@nurahyse0su/video/7601011693233261837?lang=en	2026/01/30	钥匙扣	test	@irx1sd1（已弃用）		谢园园	美国		95	0	¥0.00	¥0.00
https://www.tiktok.com/@rawrollhisstyle/video/7601097131180494110	2026/01/30	彩色毛巾	test	08-@rawrollhisstyle		邵佳运	美国		277	0	¥0.00	¥0.00
https://www.tiktok.com/@rollerrebel0/video/7601113910447574285	2026/01/30	彩色毛巾	test	16-@rollerrebel0		邵佳运	美国		301	0	¥0.00	¥0.00
https://www.tiktok.com/@rollerrush0/video/7601014023135464718	2026/01/30	磁吸耳钉	test	@rollerrush0（已弃用）		谢园园	美国		32	0	¥0.00	¥0.00
https://www.tiktok.com/@rollerrush0/video/7601014643540118798	2026/01/30	数字项链	test	@rollerrush0（已弃用）		涂欣然	美国		144	0	¥0.00	¥0.00
https://www.tiktok.com/@rollerrush0/video/7601032698349620535	2026/01/30	数字项链	test	@rollerrush0（已弃用）		谢园园	美国		112	0	¥0.00	¥0.00
https://www.tiktok.com/@rollervibe2/video/7601102284382047518	2026/01/30	彩色毛巾	test	43-@rollervibe2		赵永琦	美国		6,736	17	¥3,878.50	¥325.03
https://www.tiktok.com/@scvkwvn29752/video/7601048810294381841	2026/01/30	经期按摩器	test	@scvkwvn29752（已弃用）		刘茜	墨西哥		0	1	¥69.83	¥0.47
https://www.tiktok.com/@scvkwvn29752/video/7601049176658431248	2026/01/30	经期按摩器	test	@scvkwvn29752（已弃用）		刘茜	墨西哥		0	0	¥0.00	¥0.00
https://www.tiktok.com/@scvkwvn29752/video/7601049787827244305	2026/01/30	经期按摩器	test	@scvkwvn29752（已弃用）		赵雅如	墨西哥		0	1	¥75.73	¥0.47
https://www.tiktok.com/@scvkwvn29752/video/7601050118120295697	2026/01/30	经期按摩器	test	@scvkwvn29752（已弃用）		赵雅如	墨西哥		0	0	¥0.00	¥0.00
https://www.tiktok.com/@sherollsbright/video/7601102844627832119	2026/01/30	彩色毛巾	test	27-@sherollsbright		赵永琦	美国		611	1	¥267.99	¥22.03
https://www.tiktok.com/@skatejoynest/video/7601100909816433934	2026/01/30	彩色毛巾	test	34-@skatejoynest		赵永琦	美国		230	0	¥0.00	¥0.00
https://www.tiktok.com/@skaterollerodyssey/video/7601013997013306655	2026/01/30	磁吸耳钉	test	26-@skaterollerodssey		谢园园	美国		144	0	¥0.00	¥0.00
https://www.tiktok.com/@skaterollerodyssey/video/7601014473121336606	2026/01/30	数字项链	test	26-@skaterollerodssey		涂欣然	美国		335	0	¥0.00	¥0.00
https://www.tiktok.com/@skaterollerodyssey/video/7601014903536749854	2026/01/30	数字项链	test	26-@skaterollerodssey		谢园园	美国		603	0	¥0.00	¥0.00
https://www.tiktok.com/@skatestride/video/7601045422957759757	2026/01/30	彩色毛巾	test	@skatestride（已弃用）		邵佳运	美国		114	0	¥0.00	¥0.00
https://www.tiktok.com/@skateunboundtales/video/7601114859945643295	2026/01/30	彩色毛巾	test	42-@skateunboundtales		赵永琦	美国		0	533	¥113,470.99	¥9,585.01
https://www.tiktok.com/@skateunboundvibes/video/7601100853725941022	2026/01/30	彩色毛巾	AI视频	19-@skateunboundvibes		赵永琦	美国		60	0	¥0.00	¥0.00
https://www.tiktok.com/@styleviralfinds/video/7601101523803835679	2026/01/30	彩色毛巾	AI视频	30-@styleviralfinds		赵永琦	美国		17	0	¥0.00	¥0.00
https://www.tiktok.com/@theonkrht35/video/7601000290724269367?lang=en	2026/01/30	勇敢项链	test	@akbah68（已弃用）		谢园园	美国		266	0	¥0.00	¥0.00
https://www.tiktok.com/@theonkrht35/video/7601000884205718797?lang=en	2026/01/30	钥匙扣	KB03	@akbah68（已弃用）		涂欣然	美国		240	0	¥0.00	¥0.00
https://www.tiktok.com/@theonkrht35/video/7601001414927666445?lang=en	2026/01/30	钥匙扣	test	@akbah68（已弃用）		谢园园	美国		248	0	¥0.00	¥0.00
https://www.tiktok.com/@user282588296958/video/7601003148584439070?lang=en	2026/01/30	勇敢项链	KB06	31-@user282588296958		涂欣然	美国		224	0	¥0.00	¥0.00
https://www.tiktok.com/@user282588296958/video/7601003379061460254?lang=en	2026/01/30	钥匙扣	test	31-@user282588296958		谢园园	美国		73	0	¥0.00	¥0.00
https://www.tiktok.com/@user282588296958/video/7601010127109360926?lang=en	2026/01/30	钥匙扣	test	31-@user282588296958		谢园园	美国		263	0	¥0.00	¥0.00
https://www.tiktok.com/@user47271239130973/video/7601001844596280606?lang=en	2026/01/30	钥匙扣	KB03	@user47271239130973(已弃用)		涂欣然	美国		284	0	¥0.00	¥0.00
https://www.tiktok.com/@user47271239130973/video/7601002299665730847?lang=en	2026/01/30	勇敢项链	KB06	@user47271239130973(已弃用)		涂欣然	美国		283	0	¥0.00	¥0.00
https://www.tiktok.com/@user47271239130973/video/7601002603803151646?lang=en	2026/01/30	钥匙扣	test	@user47271239130973(已弃用)		谢园园	美国		11	0	¥0.00	¥0.00
https://www.tiktok.com/@c03vfgqsr0/video/7601412587225353493	2026/01/31	经期按摩器	BM	@c03vfgqsr0（已弃用）		刘茜	墨西哥		0	1	¥79.60	¥1.06
https://www.tiktok.com/@c03vfgqsr0/video/7601413343819222292	2026/01/31	经期按摩器	口播	@c03vfgqsr0（已弃用）		刘茜	墨西哥		0	4	¥300.46	¥2.48
https://www.tiktok.com/@c03vfgqsr0/video/7601413710166412565	2026/01/31	经期按摩器	BM	@c03vfgqsr0（已弃用）		涂欣然	墨西哥		11,415	0	¥0.00	¥0.00
https://www.tiktok.com/@c03vfgqsr0/video/7601414098982685973	2026/01/31	经期按摩器	口播	@c03vfgqsr0（已弃用）		谢园园	墨西哥		0	0	¥0.00	¥0.00
https://www.tiktok.com/@c03vfgqsr0/video/7601414478621592852	2026/01/31	经期按摩器	口播	@c03vfgqsr0（已弃用）		赵雅如	墨西哥		0	0	¥0.00	¥0.00
https://www.tiktok.com/@cdfbhhb4/video/7601406439432719646?lang=en	2026/01/31	钥匙扣	test	22-@cdfbhhb4		谢园园	美国		326	0	¥0.00	¥0.00
https://www.tiktok.com/@cdfbhhb4/video/7601407520279776542?lang=en	2026/01/31	勇敢项链	KB06	22-@cdfbhhb4		涂欣然	美国		406	0	¥0.00	¥0.00
https://www.tiktok.com/@cdfbhhb4/video/7601408384931253534?lang=en	2026/01/31	勇敢项链	test	22-@cdfbhhb4		谢园园	美国		305	0	¥0.00	¥0.00
https://www.tiktok.com/@dch6ck6937/video/7601419954721803521	2026/01/31	经期按摩器	BM	@dch6ck6937（已弃用）		刘茜	墨西哥		0	2	¥159.20	¥0.94
https://www.tiktok.com/@dch6ck6937/video/7601420242715233552	2026/01/31	经期按摩器	BM	@dch6ck6937（已弃用）		刘茜	墨西哥		0	0	¥0.00	¥0.00
https://www.tiktok.com/@dch6ck6937/video/7601420883705531649	2026/01/31	经期按摩器	BM	@dch6ck6937（已弃用）		谢园园	墨西哥		0	0	¥0.00	¥0.00
https://www.tiktok.com/@dch6ck6937/video/7601422417692478721	2026/01/31	经期按摩器	BM	@dch6ck6937（已弃用）		赵雅如	墨西哥		0	1	¥64.46	¥0.47
https://www.tiktok.com/@dch6ck6937/video/7601427302135663889	2026/01/31	经期按摩器	BM	@dch6ck6937（已弃用）		赵雅如	墨西哥		0	1	¥79.60	¥0.47
https://www.tiktok.com/@fvpvc681/video/7601068535745432862?lang=en	2026/01/31	数字项链	test	41-@fvpvc681		谢园园	美国		627	0	¥0.00	¥0.00
https://www.tiktok.com/@glidefreerollers/video/7601491486420618526	2026/01/31	彩色毛巾	test	02-@glidefreerollers		赵永琦	美国		408	0	¥0.00	¥0.00
https://www.tiktok.com/@glidespindiaries/video/7601410566061575437	2026/01/31	磁吸耳钉	test	@glidespindiaries（已弃用）		谢园园	美国		164	0	¥0.00	¥0.00
https://www.tiktok.com/@glidespindiaries/video/7601411443262491917	2026/01/31	数字项链	test	@glidespindiaries（已弃用）		涂欣然	美国		228	0	¥0.00	¥0.00
https://www.tiktok.com/@glidespindiaries/video/7601412645962517773	2026/01/31	数字项链	test	@glidespindiaries（已弃用）		谢园园	美国		112	0	¥0.00	¥0.00
https://www.tiktok.com/@gracefulwheelsgirl/video/7601435700520652087	2026/01/31	彩色毛巾	test	07-@gracefulwheelsgirl		邵佳运	美国		105	0	¥0.00	¥0.00
https://www.tiktok.com/@grindguydiaries/video/7601466794414443806	2026/01/31	彩色毛巾	test	09-@grindguydiaries		邵佳运	美国		356	0	¥0.00	¥0.00
https://www.tiktok.com/@haihsosh/video/7601382681917607198?lang=en	2026/01/31	勇敢项链	KB06	@haihsosh(已弃用)		涂欣然	美国		227	0	¥0.00	¥0.00
https://www.tiktok.com/@haihsosh/video/7601384553386741023?lang=en	2026/01/31	钥匙扣	test	@haihsosh(已弃用)		谢园园	美国		277	0	¥0.00	¥0.00
https://www.tiktok.com/@haihsosh/video/7601385788726725919?lang=en	2026/01/31	勇敢项链	test	@haihsosh(已弃用)		谢园园	美国		260	0	¥0.00	¥0.00
https://www.tiktok.com/@hesonskates/video/7601436308988251447	2026/01/31	彩色毛巾	test	@hesonskates（已弃用）		邵佳运	美国		242	0	¥0.00	¥0.00
https://www.tiktok.com/@hisrollerjourneys/video/7601436885545667870	2026/01/31	彩色毛巾	test	05-@hisrollerjourneys		邵佳运	美国		663	2	¥440.91	¥44.06
https://www.tiktok.com/@hisrollroam/video/7601479629483953463	2026/01/31	彩色毛巾	test	14-@hisrollroam		赵永琦	美国		9,255	14	¥3,059.88	¥264.33
https://www.tiktok.com/@hoo35nini35/video/7601430745399233793	2026/01/31	经期按摩器	BM	@hoo35nini35（已弃用）		刘茜	墨西哥		0	5	¥364.51	¥7.93
https://www.tiktok.com/@hoo35nini35/video/7601431195242712336	2026/01/31	经期按摩器	BM	@hoo35nini35（已弃用）		刘茜	墨西哥		0	0	¥0.00	¥0.00
https://www.tiktok.com/@hoo35nini35/video/7601431523648195841	2026/01/31	经期按摩器	BM	@hoo35nini35（已弃用）		涂欣然	墨西哥		0	2	¥142.86	¥3.01
https://www.tiktok.com/@hoo35nini35/video/7601431828536446225	2026/01/31	经期按摩器	BM	@hoo35nini35（已弃用）		赵雅如	墨西哥		0	3	¥227.37	¥4.52
https://www.tiktok.com/@hoo35nini35/video/7601432378044632336	2026/01/31	经期按摩器	BM	@hoo35nini35（已弃用）		赵雅如	墨西哥		0	14	¥1,045.71	¥11.84
https://www.tiktok.com/@icebladefreedom/video/7601467122262215991	2026/01/31	彩色毛巾	test	12-@icebladefreedom		邵佳运	美国		445	0	¥0.00	¥0.00
https://www.tiktok.com/@iceglidevibes/video/7601437531963510046	2026/01/31	彩色毛巾	test	03-@iceglidevibes		邵佳运	美国		117	0	¥0.00	¥0.00
https://www.tiktok.com/@la.negrita.1/video/7601479272926137655	2026/01/31	彩色毛巾	test	36-@la.negrita.1		赵永琦	美国		275	0	¥0.00	¥0.00
https://www.tiktok.com/@lowell3162/video/7601491112024444190	2026/01/31	彩色毛巾	test	@lowell3162（已弃用）		赵永琦	美国		89	0	¥0.00	¥0.00
https://www.tiktok.com/@melvqvs/video/7601373060062596382	2026/01/31	勇敢项链	KB06	10-@melvqvs		涂欣然	美国		324	0	¥0.00	¥0.00
https://www.tiktok.com/@nurahyse0su/video/7601381353556430135?lang=en	2026/01/31	勇敢项链	KB06	@irx1sd1（已弃用）		涂欣然	美国		347	0	¥0.00	¥0.00
https://www.tiktok.com/@nurahyse0su/video/7601381687267790135?lang=en	2026/01/31	钥匙扣	test	@irx1sd1（已弃用）		谢园园	美国		303	0	¥0.00	¥0.00
https://www.tiktok.com/@nurahyse0su/video/7601382029434916151?lang=en	2026/01/31	勇敢项链	test	@irx1sd1（已弃用）		谢园园	美国		305	0	¥0.00	¥0.00
https://www.tiktok.com/@rawrollhisstyle/video/7601466627372240158	2026/01/31	彩色毛巾	test	08-@rawrollhisstyle		邵佳运	美国		305	1	¥76.23	¥5.78
https://www.tiktok.com/@rollerrebel0/video/7601471218520214797	2026/01/31	彩色毛巾	test	16-@rollerrebel0		邵佳运	美国		292	0	¥0.00	¥0.00
https://www.tiktok.com/@rollerrush0/video/7601411189872053518	2026/01/31	磁吸耳钉	test	@rollerrush0（已弃用）		谢园园	美国		119	0	¥0.00	¥0.00
https://www.tiktok.com/@rollerrush0/video/7601412690522819853	2026/01/31	数字项链	test	@rollerrush0（已弃用）		涂欣然	美国		61	0	¥0.00	¥0.00
https://www.tiktok.com/@rollerrush0/video/7601413456893431053	2026/01/31	数字项链	test	@rollerrush0（已弃用）		谢园园	美国		85	0	¥0.00	¥0.00
https://www.tiktok.com/@rollervibe2/video/7601490815260609822	2026/01/31	彩色毛巾	test	43-@rollervibe2		赵永琦	美国		1,363	4	¥903.21	¥71.37
https://www.tiktok.com/@scvkwvn29752/video/7601424091689651457	2026/01/31	经期按摩器	口播	@scvkwvn29752（已弃用）		刘茜	墨西哥		0	0	¥0.00	¥0.00
https://www.tiktok.com/@scvkwvn29752/video/7601426902678506769	2026/01/31	经期按摩器	口播	@scvkwvn29752（已弃用）		涂欣然	墨西哥		0	0	¥0.00	¥0.00
https://www.tiktok.com/@scvkwvn29752/video/7601427235035188496	2026/01/31	经期按摩器	BM	@scvkwvn29752（已弃用）		赵雅如	墨西哥		0	1	¥79.60	¥0.47
https://www.tiktok.com/@scvkwvn29752/video/7601427507774082320	2026/01/31	经期按摩器	BM	@scvkwvn29752（已弃用）		赵雅如	墨西哥		0	2	¥147.73	¥2.72
https://www.tiktok.com/@scvkwvn29752/video/7601430007289892097	2026/01/31	经期按摩器	BM	@scvkwvn29752（已弃用）		刘茜	墨西哥		0	0	¥0.00	¥0.00
https://www.tiktok.com/@sherollsbright/video/7601477856459246861	2026/01/31	彩色毛巾	test	27-@sherollsbright		赵永琦	美国		145	0	¥0.00	¥0.00
https://www.tiktok.com/@skateglowonice/video/7601466885003021623	2026/01/31	彩色毛巾	test	11-@skateglowonice		邵佳运	美国		311	0	¥0.00	¥0.00
https://www.tiktok.com/@skatejoynest/video/7601485062810422541	2026/01/31	彩色毛巾	test	34-@skatejoynest		赵永琦	美国		379	0	¥0.00	¥0.00
https://www.tiktok.com/@skaterollerodyssey/video/7601409786764152094	2026/01/31	磁吸耳钉	test	26-@skaterollerodssey		谢园园	美国		164	0	¥0.00	¥0.00
https://www.tiktok.com/@skaterollerodyssey/video/7601410316676697375	2026/01/31	数字项链	test	26-@skaterollerodssey		涂欣然	美国		274	0	¥0.00	¥0.00
https://www.tiktok.com/@skaterollerodyssey/video/7601410618972851487	2026/01/31	数字项链	test	26-@skaterollerodssey		谢园园	美国		688	0	¥0.00	¥0.00
https://www.tiktok.com/@skatestride/video/7601437173509868814	2026/01/31	彩色毛巾	test	@skatestride（已弃用）		邵佳运	美国		91	0	¥0.00	¥0.00
https://www.tiktok.com/@skateunboundtales/video/7601478196697058591	2026/01/31	彩色毛巾	test	42-@skateunboundtales		赵永琦	美国		446	0	¥0.00	¥0.00
https://www.tiktok.com/@skateunboundvibes/video/7601476754217241886	2026/01/31	彩色毛巾	AI视频	19-@skateunboundvibes		赵永琦	美国		20,019	52	¥10,385.92	¥962.42
https://www.tiktok.com/@styleviralfinds/video/7601479125999602975	2026/01/31	彩色毛巾	AI视频	30-@styleviralfinds		赵永琦	美国		4,027	8	¥1,836.88	¥155.24
https://www.tiktok.com/@theonkrht35/video/7601375009247907086?lang=en	2026/01/31	勇敢项链	KB06	@akbah68（已弃用）		涂欣然	美国		301	0	¥0.00	¥0.00
https://www.tiktok.com/@theonkrht35/video/7601375522412580151?lang=en	2026/01/31	钥匙扣	test	@akbah68（已弃用）		谢园园	美国		22	0	¥0.00	¥0.00
https://www.tiktok.com/@theonkrht35/video/7601375812465560887?lang=en	2026/01/31	勇敢项链	test	@akbah68（已弃用）		谢园园	美国		310	0	¥0.00	¥0.00
https://www.tiktok.com/@user282588296958/video/7601407439346421023?lang=en	2026/01/31	勇敢项链	KB06	31-@user282588296958		涂欣然	美国		266	0	¥0.00	¥0.00
https://www.tiktok.com/@user282588296958/video/7601409209397267743?lang=en	2026/01/31	勇敢项链	KB06	31-@user282588296958		涂欣然	美国		84	0	¥0.00	¥0.00
https://www.tiktok.com/@user282588296958/video/7601409615112178974?lang=en	2026/01/31	勇敢项链	test	31-@user282588296958		谢园园	美国		294	0	¥0.00	¥0.00
https://www.tiktok.com/@user47271239130973/video/7601406348789665055?lang=en	2026/01/31	勇敢项链	KB06	@user47271239130973(已弃用)		涂欣然	美国		244	0	¥0.00	¥0.00
https://www.tiktok.com/@user47271239130973/video/7601406521175543071?lang=en	2026/01/31	勇敢项链	KB06	@user47271239130973(已弃用)		涂欣然	美国		252	0	¥0.00	¥0.00
https://www.tiktok.com/@user47271239130973/video/7601406915469495582?lang=en	2026/01/31	勇敢项链	test	@user47271239130973(已弃用)		谢园园	美国		291	0	¥0.00	¥0.00
https://www.tiktok.com/@xfjb8xuel5/video/7601419951903231239	2026/01/31	经期按摩器	BM	@xfjb8xuel5（已弃用）		刘茜	墨西哥		0	1	¥75.00	¥0.47
https://www.tiktok.com/@xfjb8xuel5/video/7601420818387586311	2026/01/31	经期按摩器	BM	@xfjb8xuel5（已弃用）		谢园园	墨西哥		0	3	¥238.80	¥1.42
https://www.tiktok.com/@xfjb8xuel5/video/7601421902355238151	2026/01/31	经期按摩器	BM	@xfjb8xuel5（已弃用）		刘茜	墨西哥		0	0	¥0.00	¥0.00
https://www.tiktok.com/@xfjb8xuel5/video/7601422148527197458	2026/01/31	经期按摩器	BM	@xfjb8xuel5（已弃用）		赵雅如	墨西哥		0	1	¥79.60	¥0.47
https://www.tiktok.com/@xfjb8xuel5/video/7601422420334972178	2026/01/31	经期按摩器	BM	@xfjb8xuel5（已弃用）		赵雅如	墨西哥		0	1	¥74.40	¥0.47
https://www.tiktok.com/@melvqvs/video/7601374892847566110	2026/02/01	钥匙扣	test	10-@melvqvs		谢园园	美国		283	0	¥0.00	¥0.00
https://www.tiktok.com/@melvqvs/video/7601375472252914974	2026/02/01	勇敢项链	test	10-@melvqvs		谢园园	美国		2,632	0	¥0.00	¥0.00
https://www.tiktok.com/@c03vfgqsr0/video/7602175089026583829	2026/02/02	经期按摩器	test	@c03vfgqsr0（已弃用）		刘茜	墨西哥		0	0	¥0.00	¥0.00
https://www.tiktok.com/@c03vfgqsr0/video/7602175613532654868	2026/02/02	经期按摩器	test	@c03vfgqsr0（已弃用）		刘茜	墨西哥		0	1	¥72.90	¥0.47
https://www.tiktok.com/@c03vfgqsr0/video/7602176057411669269	2026/02/02	经期按摩器	test	@c03vfgqsr0（已弃用）		涂欣然	墨西哥		0	0	¥0.00	¥0.00
https://www.tiktok.com/@c03vfgqsr0/video/7602176456277380373	2026/02/02	经期按摩器	test	@c03vfgqsr0（已弃用）		谢园园	墨西哥		0	1	¥72.90	¥0.47
https://www.tiktok.com/@c03vfgqsr0/video/7602176796980956437	2026/02/02	经期按摩器	test	@c03vfgqsr0（已弃用）		赵雅如	墨西哥		0	0	¥0.00	¥0.00
https://www.tiktok.com/@cdfbhhb4/video/7602155060310576397?lang=en	2026/02/02	钥匙扣	KB01	22-@cdfbhhb4		涂欣然	美国		276	0	¥0.00	¥0.00
https://www.tiktok.com/@cdfbhhb4/video/7602156318731799821?lang=en	2026/02/02	钥匙扣	KB01	22-@cdfbhhb4		涂欣然	美国		81	0	¥0.00	¥0.00
https://www.tiktok.com/@chen36239/video/7602223033146690830	2026/02/02	彩色毛巾	test	35-@chen36239		赵永琦	美国		42	0	¥0.00	¥0.00
https://www.tiktok.com/@dch6ck6937/video/7602188275410799888	2026/02/02	经期按摩器	test	@dch6ck6937（已弃用）		刘茜	墨西哥		0	0	¥0.00	¥0.00
https://www.tiktok.com/@dch6ck6937/video/7602188715905142032	2026/02/02	经期按摩器	test	@dch6ck6937（已弃用）		刘茜	墨西哥		0	0	¥0.00	¥0.00
https://www.tiktok.com/@dch6ck6937/video/7602188850135436561	2026/02/02	经期按摩器	test	@dch6ck6937（已弃用）		涂欣然	墨西哥		0	0	¥0.00	¥0.00
https://www.tiktok.com/@dch6ck6937/video/7602189501594750225	2026/02/02	经期按摩器	test	@dch6ck6937（已弃用）		谢园园	墨西哥		0	0	¥0.00	¥0.00
https://www.tiktok.com/@dch6ck6937/video/7602189764942466305	2026/02/02	经期按摩器	test	@dch6ck6937（已弃用）		赵雅如	墨西哥		0	0	¥0.00	¥0.00
https://www.tiktok.com/@glidespindiaries/video/7602157780451036471	2026/02/02	磁吸耳钉	test	@glidespindiaries（已弃用）		谢园园	美国		27	0	¥0.00	¥0.00
https://www.tiktok.com/@glidespindiaries/video/7602158204209958158	2026/02/02	数字项链	test	@glidespindiaries（已弃用）		涂欣然	美国		124	0	¥0.00	¥0.00
https://www.tiktok.com/@glidespindiaries/video/7602158926657834295	2026/02/02	数字项链	test	@glidespindiaries（已弃用）		谢园园	美国		122	0	¥0.00	¥0.00
https://www.tiktok.com/@grindguydiaries/video/7602223031687138591	2026/02/02	彩色毛巾	test	09-@grindguydiaries		赵永琦	美国		142	0	¥0.00	¥0.00
https://www.tiktok.com/@haihsosh/video/7602153499954187575?lang=en	2026/02/02	钥匙扣	KB01	@haihsosh(已弃用)		涂欣然	美国		37	0	¥0.00	¥0.00
https://www.tiktok.com/@haihsosh/video/7602153683693866253?lang=en	2026/02/02	钥匙扣	KB01	@haihsosh(已弃用)		涂欣然	美国		246	0	¥0.00	¥0.00
https://www.tiktok.com/@hisrollerjourneys/video/7602199426681113887	2026/02/02	彩色毛巾	test	05-@hisrollerjourneys		邵佳运	美国		113	0	¥0.00	¥0.00
https://www.tiktok.com/@hisrollroam/video/7602228448882445623	2026/02/02	彩色毛巾	test	14-@hisrollroam		邵佳运	美国		215,831	268	¥58,756.23	¥5,062.11
https://www.tiktok.com/@hoo35nini35/video/7602180282673794305	2026/02/02	经期按摩器	test	@hoo35nini35（已弃用）		刘茜	墨西哥		0	0	¥0.00	¥0.00
https://www.tiktok.com/@hoo35nini35/video/7602180523619831057	2026/02/02	经期按摩器	test	@hoo35nini35（已弃用）		涂欣然	墨西哥		0	0	¥0.00	¥0.00
https://www.tiktok.com/@hoo35nini35/video/7602180942127516944	2026/02/02	经期按摩器	test	@hoo35nini35（已弃用）		谢园园	墨西哥		0	5	¥355.74	¥6.28
https://www.tiktok.com/@hoo35nini35/video/7602181142728510721	2026/02/02	经期按摩器	test	@hoo35nini35（已弃用）		谢园园	墨西哥		0	1	¥76.00	¥0.97
https://www.tiktok.com/@hoo35nini35/video/7602181604164832528	2026/02/02	经期按摩器	test	@hoo35nini35（已弃用）		赵雅如	墨西哥		0	0	¥0.00	¥0.00
https://www.tiktok.com/@icebladefreedom/video/7602197163808001293	2026/02/02	彩色毛巾	test	12-@icebladefreedom		邵佳运	美国		139	0	¥0.00	¥0.00
https://www.tiktok.com/@la.negrita.1/video/7602200705603996942	2026/02/02	彩色毛巾	test	36-@la.negrita.1		邵佳运	美国		140	0	¥0.00	¥0.00
https://www.tiktok.com/@lowell3162/video/7602222974434954509	2026/02/02	彩色毛巾	test	@lowell3162（已弃用）		赵永琦	美国		83	0	¥0.00	¥0.00
https://www.tiktok.com/@melvqvs/video/7602149780415925534	2026/02/02	勇敢项链	test	10-@melvqvs		谢园园	美国		301	0	¥0.00	¥0.00
https://www.tiktok.com/@melvqvs/video/7602150023412927775	2026/02/02	钥匙扣	KB01	10-@melvqvs		涂欣然	美国		341	0	¥0.00	¥0.00
https://www.tiktok.com/@nurahyse0su/video/7602151990663089422?lang=en	2026/02/02	勇敢项链	test	@irx1sd1（已弃用）		谢园园	美国		310	0	¥0.00	¥0.00
https://www.tiktok.com/@nurahyse0su/video/7602152494432652557?lang=en	2026/02/02	钥匙扣	KB01	@irx1sd1（已弃用）		涂欣然	美国		277	0	¥0.00	¥0.00
https://www.tiktok.com/@rawrollhisstyle/video/7602222447202503967	2026/02/02	彩色毛巾	test	08-@rawrollhisstyle		赵永琦	美国		122	0	¥0.00	¥0.00
https://www.tiktok.com/@rollerrebel0/video/7602229073712090423	2026/02/02	彩色毛巾	test	16-@rollerrebel0		邵佳运	美国		67	0	¥0.00	¥0.00
https://www.tiktok.com/@rollerrush0/video/7602157793453296951	2026/02/02	磁吸耳钉	test	@rollerrush0（已弃用）		谢园园	美国		37	0	¥0.00	¥0.00
https://www.tiktok.com/@rollerrush0/video/7602158282966322446	2026/02/02	数字项链	test	@rollerrush0（已弃用）		谢园园	美国		43	0	¥0.00	¥0.00
https://www.tiktok.com/@rollerrush0/video/7602158672604564750	2026/02/02	数字项链	test	@rollerrush0（已弃用）		涂欣然	美国		90	0	¥0.00	¥0.00
https://www.tiktok.com/@rollervibe2/video/7602198625971752222	2026/02/02	彩色毛巾	test	43-@rollervibe2		邵佳运	美国		630	0	¥0.00	¥0.00
https://www.tiktok.com/@scvkwvn29752/video/7602177215610113297	2026/02/02	经期按摩器	test	@scvkwvn29752（已弃用）		刘茜	墨西哥		0	0	¥0.00	¥0.00
https://www.tiktok.com/@scvkwvn29752/video/7602177607366413584	2026/02/02	经期按摩器	test	@scvkwvn29752（已弃用）		涂欣然	墨西哥		0	1	¥75.60	¥0.47
https://www.tiktok.com/@scvkwvn29752/video/7602178265842830593	2026/02/02	经期按摩器	test	@scvkwvn29752（已弃用）		涂欣然	墨西哥		0	0	¥0.00	¥0.00
https://www.tiktok.com/@scvkwvn29752/video/7602178580625329424	2026/02/02	经期按摩器	test	@scvkwvn29752（已弃用）		谢园园	墨西哥		0	0	¥0.00	¥0.00
https://www.tiktok.com/@scvkwvn29752/video/7602179104481365265	2026/02/02	经期按摩器	test	@scvkwvn29752（已弃用）		赵雅如	墨西哥		0	0	¥0.00	¥0.00
https://www.tiktok.com/@sherollsbright/video/7602228017124937015	2026/02/02	彩色毛巾	test	27-@sherollsbright		邵佳运	美国		4,112	15	¥3,323.23	¥298.10
https://www.tiktok.com/@skateglowonice/video/7602223005523053837	2026/02/02	彩色毛巾	test	11-@skateglowonice		赵永琦	美国		121	0	¥0.00	¥0.00
https://www.tiktok.com/@skatejoynest/video/7602199644906573111	2026/02/02	彩色毛巾	test	34-@skatejoynest		邵佳运	美国		313	0	¥0.00	¥0.00
https://www.tiktok.com/@skaterollerodyssey/video/7602159202148044062	2026/02/02	磁吸耳钉	test	26-@skaterollerodssey		谢园园	美国		153	0	¥0.00	¥0.00
https://www.tiktok.com/@skaterollerodyssey/video/7602159579526352158	2026/02/02	数字项链	test	26-@skaterollerodssey		涂欣然	美国		148	0	¥0.00	¥0.00
https://www.tiktok.com/@skaterollerodyssey/video/7602160027192872222	2026/02/02	数字项链	test	26-@skaterollerodssey		谢园园	美国		122	0	¥0.00	¥0.00
https://www.tiktok.com/@skateunboundtales/video/7602173533027962142	2026/02/02	彩色毛巾	test	42-@skateunboundtales		赵永琦	美国		140	0	¥0.00	¥0.00
https://www.tiktok.com/@skateunboundvibes/video/7602229279002266910	2026/02/02	彩色毛巾	AI视频	19-@skateunboundvibes		赵永琦	美国		7,608	12	¥2,733.43	¥227.70
https://www.tiktok.com/@styleviralfinds/video/7602228260189015327	2026/02/02	彩色毛巾	AI视频	30-@styleviralfinds		邵佳运	美国		15	0	¥0.00	¥0.00
https://www.tiktok.com/@theonkrht35/video/7602150713128439095?lang=en	2026/02/02	勇敢项链	test	@akbah68（已弃用）		谢园园	美国		303	0	¥0.00	¥0.00
https://www.tiktok.com/@theonkrht35/video/7602151008407424269?lang=en	2026/02/02	钥匙扣	KB01	@akbah68（已弃用）		涂欣然	美国		255	0	¥0.00	¥0.00
https://www.tiktok.com/@theonkrht35/video/7602151275874012471?lang=en	2026/02/02	钥匙扣	KB01	@akbah68（已弃用）		涂欣然	美国		278	0	¥0.00	¥0.00
https://www.tiktok.com/@xfjb8xuel5/video/7602182364256554258	2026/02/02	经期按摩器	test	@xfjb8xuel5（已弃用）		刘茜	墨西哥		0	0	¥0.00	¥0.00
https://www.tiktok.com/@xfjb8xuel5/video/7602182625918192903	2026/02/02	经期按摩器	test	@xfjb8xuel5（已弃用）		涂欣然	墨西哥		0	0	¥0.00	¥0.00
https://www.tiktok.com/@xfjb8xuel5/video/7602182994610130194	2026/02/02	经期按摩器	test	@xfjb8xuel5（已弃用）		谢园园	墨西哥		0	2	¥159.20	¥0.94
https://www.tiktok.com/@xfjb8xuel5/video/7602186525606022418	2026/02/02	经期按摩器	test	@xfjb8xuel5（已弃用）		赵雅如	墨西哥		0	0	¥0.00	¥0.00
https://www.tiktok.com/@xfjb8xuel5/video/7602187031715892498	2026/02/02	经期按摩器	test	@xfjb8xuel5（已弃用）		赵雅如	墨西哥		0	1	¥79.60	¥0.47
https://www.tiktok.com/@c03vfgqsr0/video/7602473389923519765	2026/02/03	经期按摩器	BM	@c03vfgqsr0（已弃用）		刘茜	墨西哥		0	0	¥0.00	¥0.00
https://www.tiktok.com/@c03vfgqsr0/video/7602474054854905108	2026/02/03	经期按摩器	KB	@c03vfgqsr0（已弃用）		刘茜	墨西哥		0	0	¥0.00	¥0.00
https://www.tiktok.com/@c03vfgqsr0/video/7602474474969124117	2026/02/03	经期按摩器	KB	@c03vfgqsr0（已弃用）		涂欣然	墨西哥		0	0	¥0.00	¥0.00
https://www.tiktok.com/@c03vfgqsr0/video/7602474704925887764	2026/02/03	经期按摩器	KB	@c03vfgqsr0（已弃用）		谢园园	墨西哥		0	1	¥72.90	¥0.47
https://www.tiktok.com/@c03vfgqsr0/video/7602475157466189076	2026/02/03	经期按摩器	KB	@c03vfgqsr0（已弃用）		赵雅如	墨西哥		0	0	¥0.00	¥0.00
https://www.tiktok.com/@dch6ck6937/video/7602485317253336336	2026/02/03	经期按摩器	KB	@dch6ck6937（已弃用）		刘茜	墨西哥		0	0	¥0.00	¥0.00
https://www.tiktok.com/@dch6ck6937/video/7602485756807875841	2026/02/03	经期按摩器	BM	@dch6ck6937（已弃用）		涂欣然	墨西哥		0	0	¥0.00	¥0.00
https://www.tiktok.com/@dch6ck6937/video/7602486360510975248	2026/02/03	经期按摩器	KB	@dch6ck6937（已弃用）		谢园园	墨西哥		0	0	¥0.00	¥0.00
https://www.tiktok.com/@dch6ck6937/video/7602486404563684625	2026/02/03	经期按摩器	BM	@dch6ck6937（已弃用）		赵雅如	墨西哥		0	0	¥0.00	¥0.00
https://www.tiktok.com/@dch6ck6937/video/7602486659044756737	2026/02/03	经期按摩器	KB	@dch6ck6937（已弃用）		赵雅如	墨西哥		0	0	¥0.00	¥0.00
https://www.tiktok.com/@glidefreerollers/video/7602573550297386270	2026/02/03	彩色毛巾	test	02-@glidefreerollers		赵永琦	美国		982	0	¥0.00	¥0.00
https://www.tiktok.com/@glidefreerollers/video/7602573856544541982	2026/02/03	彩色毛巾	test	02-@glidefreerollers		赵永琦	美国		2,653	2	¥374.27	¥37.40
https://www.tiktok.com/@glidespindiaries/video/7602550171481722126	2026/02/03	磁吸耳钉	test	@glidespindiaries（已弃用）		谢园园	美国		60	0	¥0.00	¥0.00
https://www.tiktok.com/@glidespindiaries/video/7602550435001437454	2026/02/03	数字项链	test	@glidespindiaries（已弃用）		谢园园	美国		108	0	¥0.00	¥0.00
https://www.tiktok.com/@glidespindiaries/video/7602550868797361422	2026/02/03	数字项链	test	@glidespindiaries（已弃用）		涂欣然	美国		160	0	¥0.00	¥0.00
https://www.tiktok.com/@grindguydiaries/video/7602572638539566367	2026/02/03	彩色毛巾	test	09-@grindguydiaries		赵永琦	美国		856	0	¥0.00	¥0.00
https://www.tiktok.com/@grindguydiaries/video/7602572990470982942	2026/02/03	彩色毛巾	test	09-@grindguydiaries		赵永琦	美国		549	0	¥0.00	¥0.00
https://www.tiktok.com/@hisrollerjourneys/video/7602569777512467743	2026/02/03	彩色毛巾	test	05-@hisrollerjourneys		邵佳运	美国		495	0	¥0.00	¥0.00
https://www.tiktok.com/@hisrollerjourneys/video/7602570236084210975	2026/02/03	彩色毛巾	test	05-@hisrollerjourneys		邵佳运	美国		721	0	¥0.00	¥0.00
https://www.tiktok.com/@hisrollroam/video/7602567308665556237	2026/02/03	彩色毛巾	test	14-@hisrollroam		邵佳运	美国		1,848	1	¥241.28	¥18.72
https://www.tiktok.com/@hisrollroam/video/7602567929304976654	2026/02/03	彩色毛巾	test	14-@hisrollroam		邵佳运	美国		1,379	1	¥241.28	¥18.72
https://www.tiktok.com/@hoo35nini35/video/7602480745851997457	2026/02/03	经期按摩器	KB	@hoo35nini35（已弃用）		刘茜	墨西哥		0	0	¥0.00	¥0.00
https://www.tiktok.com/@hoo35nini35/video/7602480964727590160	2026/02/03	经期按摩器	KB	@hoo35nini35（已弃用）		涂欣然	墨西哥		0	0	¥0.00	¥0.00
https://www.tiktok.com/@hoo35nini35/video/7602481406287072513	2026/02/03	经期按摩器	BM	@hoo35nini35（已弃用）		谢园园	墨西哥		0	1	¥77.14	¥0.63
https://www.tiktok.com/@hoo35nini35/video/7602481717370309905	2026/02/03	经期按摩器	KB	@hoo35nini35（已弃用）		谢园园	墨西哥		0	0	¥0.00	¥0.00
https://www.tiktok.com/@hoo35nini35/video/7602482655967399169	2026/02/03	经期按摩器	KB	@hoo35nini35（已弃用）		赵雅如	墨西哥		0	4	¥305.71	¥3.20
https://www.tiktok.com/@icebladefreedom/video/7602575318167096589	2026/02/03	彩色毛巾	test	12-@icebladefreedom		赵永琦	美国		534	0	¥0.00	¥0.00
https://www.tiktok.com/@icebladefreedom/video/7602575484005731597	2026/02/03	彩色毛巾	test	12-@icebladefreedom		赵永琦	美国		433	0	¥0.00	¥0.00
https://www.tiktok.com/@lowell3162/video/7602571470341999886	2026/02/03	彩色毛巾	test	@lowell3162（已弃用）		邵佳运	美国		600	0	¥0.00	¥0.00
https://www.tiktok.com/@lowell3162/video/7602572027815316749	2026/02/03	彩色毛巾	test	@lowell3162（已弃用）		邵佳运	美国		545	0	¥0.00	¥0.00
https://www.tiktok.com/@melvqvs/video/7602150321942531358	2026/02/03	钥匙扣	KB01	10-@melvqvs		涂欣然	美国		282	0	¥0.00	¥0.00
https://www.tiktok.com/@rawrollhisstyle/video/7602570807650372895	2026/02/03	彩色毛巾	test	08-@rawrollhisstyle		邵佳运	美国		530	0	¥0.00	¥0.00
https://www.tiktok.com/@rawrollhisstyle/video/7602571152619343134	2026/02/03	彩色毛巾	test	08-@rawrollhisstyle		邵佳运	美国		912	0	¥0.00	¥0.00
https://www.tiktok.com/@rollerrush0/video/7602551231516527885	2026/02/03	磁吸耳钉	test	@rollerrush0（已弃用）		谢园园	美国		56	0	¥0.00	¥0.00
https://www.tiktok.com/@rollerrush0/video/7602551712846548238	2026/02/03	数字项链	test	@rollerrush0（已弃用）		谢园园	美国		42	0	¥0.00	¥0.00
https://www.tiktok.com/@rollerrush0/video/7602551854739901751	2026/02/03	数字项链	test	@rollerrush0（已弃用）		涂欣然	美国		126	0	¥0.00	¥0.00
https://www.tiktok.com/@rollervibe2/video/7602574475900603678	2026/02/03	彩色毛巾	test	43-@rollervibe2		赵永琦	美国		831	0	¥0.00	¥0.00
https://www.tiktok.com/@rollervibe2/video/7602574589377482014	2026/02/03	彩色毛巾	test	43-@rollervibe2		赵永琦	美国		8,170	10	¥2,263.24	¥186.59
https://www.tiktok.com/@scvkwvn29752/video/7602475630294207745	2026/02/03	经期按摩器	KB	@scvkwvn29752（已弃用）		刘茜	墨西哥		0	0	¥0.00	¥0.00
https://www.tiktok.com/@scvkwvn29752/video/7602478083144174865	2026/02/03	经期按摩器	BM	@scvkwvn29752（已弃用）		涂欣然	墨西哥		0	0	¥0.00	¥0.00
https://www.tiktok.com/@scvkwvn29752/video/7602478537831943441	2026/02/03	经期按摩器	KB	@scvkwvn29752（已弃用）		涂欣然	墨西哥		0	0	¥0.00	¥0.00
https://www.tiktok.com/@scvkwvn29752/video/7602479037176352017	2026/02/03	经期按摩器	KB	@scvkwvn29752（已弃用）		谢园园	墨西哥		0	2	¥149.60	¥0.94
https://www.tiktok.com/@scvkwvn29752/video/7602479563519560977	2026/02/03	经期按摩器	KB	@scvkwvn29752（已弃用）		赵雅如	墨西哥		0	2	¥169.87	¥0.94
https://www.tiktok.com/@sherollsbright/video/7602568498597907726	2026/02/03	彩色毛巾	test	27-@sherollsbright		邵佳运	美国		805	1	¥216.51	¥18.72
https://www.tiktok.com/@sherollsbright/video/7602568816941468983	2026/02/03	彩色毛巾	test	27-@sherollsbright		邵佳运	美国		839	0	¥0.00	¥0.00
https://www.tiktok.com/@skatejoynest/video/7602575648384716046	2026/02/03	彩色毛巾	test	34-@skatejoynest		赵永琦	美国		823	0	¥0.00	¥0.00
https://www.tiktok.com/@skatejoynest/video/7602575777770654989	2026/02/03	彩色毛巾	test	34-@skatejoynest		赵永琦	美国		880	0	¥0.00	¥0.00
https://www.tiktok.com/@skaterollerodyssey/video/7602552672817843487	2026/02/03	磁吸耳钉	test	26-@skaterollerodssey		涂欣然	美国		92	0	¥0.00	¥0.00
https://www.tiktok.com/@skaterollerodyssey/video/7602553084002323742	2026/02/03	数字项链	test	26-@skaterollerodssey		涂欣然	美国		70	0	¥0.00	¥0.00
https://www.tiktok.com/@skaterollerodyssey/video/7602553422776159518	2026/02/03	数字项链	test	26-@skaterollerodssey		谢园园	美国		126	0	¥0.00	¥0.00
https://www.tiktok.com/@xfjb8xuel5/video/7602483828904725778	2026/02/03	经期按摩器	KB	@xfjb8xuel5（已弃用）		刘茜	墨西哥		0	0	¥0.00	¥0.00
https://www.tiktok.com/@xfjb8xuel5/video/7602484119070674194	2026/02/03	经期按摩器	KB	@xfjb8xuel5（已弃用）		涂欣然	墨西哥		0	1	¥75.00	¥0.47
https://www.tiktok.com/@xfjb8xuel5/video/7602484295982238984	2026/02/03	经期按摩器	KB	@xfjb8xuel5（已弃用）		谢园园	墨西哥		0	0	¥0.00	¥0.00
https://www.tiktok.com/@xfjb8xuel5/video/7602484600790699271	2026/02/03	经期按摩器	BM	@xfjb8xuel5（已弃用）		赵雅如	墨西哥		0	0	¥0.00	¥0.00
https://www.tiktok.com/@xfjb8xuel5/video/7602485969413049618	2026/02/03	经期按摩器	KB	@xfjb8xuel5（已弃用）		赵雅如	墨西哥		0	2	¥159.20	¥0.94
https://www.tiktok.com/@c03vfgqsr0/video/7602907574119173397	2026/02/04	经期按摩器	test	@c03vfgqsr0（已弃用）		刘茜	墨西哥		0	1	¥75.60	¥0.47
https://www.tiktok.com/@c03vfgqsr0/video/7602908509193243924	2026/02/04	经期按摩器	test	@c03vfgqsr0（已弃用）		刘茜	墨西哥		0	0	¥0.00	¥0.00
https://www.tiktok.com/@c03vfgqsr0/video/7602908730916916501	2026/02/04	经期按摩器	test	@c03vfgqsr0（已弃用）		涂欣然	墨西哥		0	0	¥0.00	¥0.00
https://www.tiktok.com/@c03vfgqsr0/video/7602909039319584021	2026/02/04	经期按摩器	test	@c03vfgqsr0（已弃用）		谢园园	墨西哥		0	2	¥138.13	¥3.04
https://www.tiktok.com/@c03vfgqsr0/video/7602909666422574356	2026/02/04	经期按摩器	test	@c03vfgqsr0（已弃用）		赵雅如	墨西哥		0	0	¥0.00	¥0.00
https://www.tiktok.com/@chen36239/video/7602598883708931341	2026/02/04	彩色毛巾	AI视频	35-@chen36239		邵佳运	美国		474	0	¥0.00	¥0.00
https://www.tiktok.com/@chen36239/video/7602982896013446414	2026/02/04	彩色毛巾	AI视频	35-@chen36239		邵佳运	美国		514	0	¥0.00	¥0.00
https://www.tiktok.com/@dch6ck6937/video/7602913169543073040	2026/02/04	经期按摩器	test	@dch6ck6937（已弃用）		刘茜	墨西哥		0	1	¥68.57	¥0.47
https://www.tiktok.com/@dch6ck6937/video/7602913452536990993	2026/02/04	经期按摩器	test	@dch6ck6937（已弃用）		刘茜	墨西哥		0	0	¥0.00	¥0.00
https://www.tiktok.com/@dch6ck6937/video/7602913772453334288	2026/02/04	经期按摩器	test	@dch6ck6937（已弃用）		涂欣然	墨西哥		0	0	¥0.00	¥0.00
https://www.tiktok.com/@dch6ck6937/video/7602913943710944528	2026/02/04	经期按摩器	test	@dch6ck6937（已弃用）		谢园园	墨西哥		0	1	¥71.63	¥0.47
https://www.tiktok.com/@dch6ck6937/video/7602914261987265793	2026/02/04	经期按摩器	test	@dch6ck6937（已弃用）		赵雅如	墨西哥		0	0	¥0.00	¥0.00
https://www.tiktok.com/@glidefreerollers/video/7602961572167765278	2026/02/04	彩色毛巾	AI视频	02-@glidefreerollers		邵佳运	美国		586	0	¥0.00	¥0.00
https://www.tiktok.com/@glidefreerollers/video/7602994988359748894	2026/02/04	彩色毛巾	AI视频	02-@glidefreerollers		邵佳运	美国		972	0	¥0.00	¥0.00
https://www.tiktok.com/@glidefreerollers/video/7602995002649677087	2026/02/04	彩色毛巾	AI视频	02-@glidefreerollers		邵佳运	美国		800	0	¥0.00	¥0.00
https://www.tiktok.com/@glidespindiaries/video/7602903443035983118	2026/02/04	磁吸耳钉	test	@glidespindiaries（已弃用）		涂欣然	美国		53	0	¥0.00	¥0.00
https://www.tiktok.com/@glidespindiaries/video/7602903876936715534	2026/02/04	数字项链	test	@glidespindiaries（已弃用）		涂欣然	美国		148	0	¥0.00	¥0.00
https://www.tiktok.com/@glidespindiaries/video/7602904208395750670	2026/02/04	数字项链	test	@glidespindiaries（已弃用）		谢园园	美国		139	0	¥0.00	¥0.00
https://www.tiktok.com/@grindguydiaries/video/7602980342236007711	2026/02/04	彩色毛巾	AI视频	09-@grindguydiaries		邵佳运	美国		508	0	¥0.00	¥0.00
https://www.tiktok.com/@grindguydiaries/video/7602980728426482975	2026/02/04	彩色毛巾	AI视频	09-@grindguydiaries		邵佳运	美国		626	0	¥0.00	¥0.00
https://www.tiktok.com/@hisrollerjourneys/video/7602951721333181726	2026/02/04	彩色毛巾	AI视频	05-@hisrollerjourneys		邵佳运	美国		419	0	¥0.00	¥0.00
https://www.tiktok.com/@hisrollerjourneys/video/7602951915613310238	2026/02/04	彩色毛巾	AI视频	05-@hisrollerjourneys		邵佳运	美国		634	0	¥0.00	¥0.00
https://www.tiktok.com/@hisrollroam/video/7602955614582525197	2026/02/04	彩色毛巾	AI视频	14-@hisrollroam		邵佳运	美国		792	0	¥0.00	¥0.00
https://www.tiktok.com/@hisrollroam/video/7602955780416982286	2026/02/04	彩色毛巾	AI视频	14-@hisrollroam		邵佳运	美国		825	0	¥0.00	¥0.00
https://www.tiktok.com/@hoo35nini35/video/7602910111362747665	2026/02/04	经期按摩器	test	@hoo35nini35（已弃用）		刘茜	墨西哥		0	2	¥152.94	¥1.10
https://www.tiktok.com/@hoo35nini35/video/7602910549571030273	2026/02/04	经期按摩器	test	@hoo35nini35（已弃用）		涂欣然	墨西哥		0	0	¥0.00	¥0.00
https://www.tiktok.com/@hoo35nini35/video/7602910765598690577	2026/02/04	经期按摩器	test	@hoo35nini35（已弃用）		谢园园	墨西哥		0	1	¥72.00	¥0.83
https://www.tiktok.com/@hoo35nini35/video/7602911072084938001	2026/02/04	经期按摩器	test	@hoo35nini35（已弃用）		谢园园	墨西哥		0	0	¥0.00	¥0.00
https://www.tiktok.com/@hoo35nini35/video/7602911371189030161	2026/02/04	经期按摩器	test	@hoo35nini35（已弃用）		赵雅如	墨西哥		0	0	¥0.00	¥0.00
https://www.tiktok.com/@icebladefreedom/video/7602961675402153230	2026/02/04	彩色毛巾	AI视频	12-@icebladefreedom		邵佳运	美国		491	0	¥0.00	¥0.00
https://www.tiktok.com/@la.negrita.1/video/7602599353647107341	2026/02/04	彩色毛巾	AI视频	36-@la.negrita.1		邵佳运	美国		451	0	¥0.00	¥0.00
https://www.tiktok.com/@la.negrita.1/video/7602960316917386509	2026/02/04	彩色毛巾	AI视频	36-@la.negrita.1		邵佳运	美国		501	0	¥0.00	¥0.00
https://www.tiktok.com/@lowell3162/video/7602954159742143758	2026/02/04	彩色毛巾	AI视频	@lowell3162（已弃用）		邵佳运	美国		588	0	¥0.00	¥0.00
https://www.tiktok.com/@lowell3162/video/7602954321461923086	2026/02/04	彩色毛巾	AI视频	@lowell3162（已弃用）		邵佳运	美国		538	0	¥0.00	¥0.00
https://www.tiktok.com/@rawrollhisstyle/video/7602993698749615391	2026/02/04	彩色毛巾	AI视频	08-@rawrollhisstyle		邵佳运	美国		605	0	¥0.00	¥0.00
https://www.tiktok.com/@rawrollhisstyle/video/7602994527959256351	2026/02/04	彩色毛巾	AI视频	08-@rawrollhisstyle		邵佳运	美国		575	0	¥0.00	¥0.00
https://www.tiktok.com/@rollerrebel0/video/7602595427833171214	2026/02/04	彩色毛巾	AI视频	16-@rollerrebel0		邵佳运	美国		577	0	¥0.00	¥0.00
https://www.tiktok.com/@rollerrebel0/video/7602952396490181902	2026/02/04	彩色毛巾	AI视频	16-@rollerrebel0		邵佳运	美国		487	0	¥0.00	¥0.00
https://www.tiktok.com/@rollerrebel0/video/7602952545421626638	2026/02/04	彩色毛巾	AI视频	16-@rollerrebel0		邵佳运	美国		550	0	¥0.00	¥0.00
https://www.tiktok.com/@rollerrush0/video/7602904526508674318	2026/02/04	磁吸耳钉	test	@rollerrush0（已弃用）		涂欣然	美国		45	0	¥0.00	¥0.00
https://www.tiktok.com/@rollerrush0/video/7602904904935509261	2026/02/04	数字项链	test	@rollerrush0（已弃用）		涂欣然	美国		117	0	¥0.00	¥0.00
https://www.tiktok.com/@rollerrush0/video/7602905229461294349	2026/02/04	数字项链	test	@rollerrush0（已弃用）		谢园园	美国		51	0	¥0.00	¥0.00
https://www.tiktok.com/@rollervibe2/video/7602961627037584670	2026/02/04	彩色毛巾	AI视频	43-@rollervibe2		邵佳运	美国		504	0	¥0.00	¥0.00
https://www.tiktok.com/@rollervibe2/video/7602995456393710879	2026/02/04	彩色毛巾	AI视频	43-@rollervibe2		邵佳运	美国		778	0	¥0.00	¥0.00
https://www.tiktok.com/@sherollsbright/video/7602952998674779405	2026/02/04	彩色毛巾	AI视频	27-@sherollsbright		邵佳运	美国		908	1	¥230.11	¥17.61
https://www.tiktok.com/@sherollsbright/video/7602953179063454989	2026/02/04	彩色毛巾	AI视频	27-@sherollsbright		邵佳运	美国		763	1	¥248.29	¥18.70
https://www.tiktok.com/@skateglowonice/video/7602595630535429390	2026/02/04	彩色毛巾	AI视频	11-@skateglowonice		邵佳运	美国		487	0	¥0.00	¥0.00
https://www.tiktok.com/@skateglowonice/video/7602953578256354574	2026/02/04	彩色毛巾	AI视频	11-@skateglowonice		邵佳运	美国		579	0	¥0.00	¥0.00
https://www.tiktok.com/@skateglowonice/video/7602953763942386958	2026/02/04	彩色毛巾	AI视频	11-@skateglowonice		邵佳运	美国		573	0	¥0.00	¥0.00
https://www.tiktok.com/@skatejoynest/video/7602960161635847438	2026/02/04	彩色毛巾	AI视频	34-@skatejoynest		邵佳运	美国		806	1	¥243.71	¥17.61
https://www.tiktok.com/@skaterollerodyssey/video/7602905633775455519	2026/02/04	磁吸耳钉	test	26-@skaterollerodssey		涂欣然	美国		135	0	¥0.00	¥0.00
https://www.tiktok.com/@skaterollerodyssey/video/7602905929855667487	2026/02/04	数字项链	test	26-@skaterollerodssey		涂欣然	美国		104	0	¥0.00	¥0.00
https://www.tiktok.com/@skaterollerodyssey/video/7602906458895781151	2026/02/04	数字项链	test	26-@skaterollerodssey		谢园园	美国		90	0	¥0.00	¥0.00
https://www.tiktok.com/@skatestride/video/7602598683313474846	2026/02/04	彩色毛巾	AI视频	@skatestride（已弃用）		邵佳运	美国		552	0	¥0.00	¥0.00
https://www.tiktok.com/@skatestride/video/7602981447812582686	2026/02/04	彩色毛巾	AI视频	@skatestride（已弃用）		邵佳运	美国		521	0	¥0.00	¥0.00
https://www.tiktok.com/@skatestride/video/7602982400355732767	2026/02/04	彩色毛巾	AI视频	@skatestride（已弃用）		邵佳运	美国		803	0	¥0.00	¥0.00
https://www.tiktok.com/@skateunboundtales/video/7602596197546675486	2026/02/04	彩色毛巾	AI视频	42-@skateunboundtales		邵佳运	美国		910	0	¥0.00	¥0.00
https://www.tiktok.com/@skateunboundtales/video/7602956343716138270	2026/02/04	彩色毛巾	AI视频	42-@skateunboundtales		邵佳运	美国		526	0	¥0.00	¥0.00
https://www.tiktok.com/@skateunboundtales/video/7602956554190507295	2026/02/04	彩色毛巾	AI视频	42-@skateunboundtales		邵佳运	美国		936	0	¥0.00	¥0.00
https://www.tiktok.com/@skateunboundvibes/video/7602595889898622238	2026/02/04	彩色毛巾	AI视频	19-@skateunboundvibes		邵佳运	美国		519	0	¥0.00	¥0.00
https://www.tiktok.com/@skateunboundvibes/video/7602954827546594591	2026/02/04	彩色毛巾	AI视频	19-@skateunboundvibes		邵佳运	美国		712	0	¥0.00	¥0.00
https://www.tiktok.com/@skateunboundvibes/video/7602955007868112159	2026/02/04	彩色毛巾	AI视频	19-@skateunboundvibes		邵佳运	美国		820	0	¥0.00	¥0.00
https://www.tiktok.com/@styleviralfinds/video/7602596113991929119	2026/02/04	彩色毛巾	AI视频	30-@styleviralfinds		邵佳运	美国		825	0	¥0.00	¥0.00
https://www.tiktok.com/@styleviralfinds/video/7602994340381674782	2026/02/04	彩色毛巾	AI视频	30-@styleviralfinds		邵佳运	美国		1,087	0	¥0.00	¥0.00
https://www.tiktok.com/@styleviralfinds/video/7602995397115596063	2026/02/04	彩色毛巾	AI视频	30-@styleviralfinds		邵佳运	美国		1,106	0	¥0.00	¥0.00
https://www.tiktok.com/@xfjb8xuel5/video/7602911815105907986	2026/02/04	经期按摩器	test	@xfjb8xuel5（已弃用）		刘茜	墨西哥		0	0	¥0.00	¥0.00
https://www.tiktok.com/@xfjb8xuel5/video/7602912181256047890	2026/02/04	经期按摩器	test	@xfjb8xuel5（已弃用）		涂欣然	墨西哥		0	0	¥0.00	¥0.00
https://www.tiktok.com/@xfjb8xuel5/video/7602912570453839122	2026/02/04	经期按摩器	test	@xfjb8xuel5（已弃用）		谢园园	墨西哥		0	0	¥0.00	¥0.00
https://www.tiktok.com/@xfjb8xuel5/video/7602912919826779400	2026/02/04	经期按摩器	test	@xfjb8xuel5（已弃用）		赵雅如	墨西哥		0	4	¥333.60	¥1.96
https://www.tiktok.com/@xfjb8xuel5/video/7602913376431377672	2026/02/04	经期按摩器	test	@xfjb8xuel5（已弃用）		赵雅如	墨西哥		0	0	¥0.00	¥0.00
https://www.tiktok.com/@akbah68/video/7603341260723719425	2026/02/05	经期按摩器	BM	@akbah68（已弃用）		刘茜	墨西哥		0	0	¥0.00	¥0.00
https://www.tiktok.com/@akbah68/video/7603341607072468240	2026/02/05	经期按摩器	KB	@akbah68（已弃用）		刘茜	墨西哥		0	0	¥0.00	¥0.00
https://www.tiktok.com/@akbah68/video/7603341871045283088	2026/02/05	经期按摩器	KB	@akbah68（已弃用）		涂欣然	墨西哥		0	0	¥0.00	¥0.00
https://www.tiktok.com/@akbah68/video/7603342512371125521	2026/02/05	经期按摩器	KB	@akbah68（已弃用）		谢园园	墨西哥		0	0	¥0.00	¥0.00
https://www.tiktok.com/@akbah68/video/7603342776419241232	2026/02/05	经期按摩器	KB	@akbah68（已弃用）		赵雅如	墨西哥		0	0	¥0.00	¥0.00
https://www.tiktok.com/@chen36239/video/7603376130355170573	2026/02/05	彩色毛巾	AI视频	35-@chen36239		邵佳运	美国		524	0	¥0.00	¥0.00
https://www.tiktok.com/@chen36239/video/7603376394395045134	2026/02/05	彩色毛巾	AI视频	35-@chen36239		邵佳运	美国		486	0	¥0.00	¥0.00
https://www.tiktok.com/@dch6ck6937/video/7603233069662833937	2026/02/05	经期按摩器	KB	@dch6ck6937（已弃用）		刘茜	墨西哥		0	0	¥0.00	¥0.00
https://www.tiktok.com/@dch6ck6937/video/7603233368389569809	2026/02/05	经期按摩器	KB	@dch6ck6937（已弃用）		涂欣然	墨西哥		0	0	¥0.00	¥0.00
https://www.tiktok.com/@dch6ck6937/video/7603233965683559696	2026/02/05	经期按摩器	KB	@dch6ck6937（已弃用）		谢园园	墨西哥		0	0	¥0.00	¥0.00
https://www.tiktok.com/@dch6ck6937/video/7603234214443502849	2026/02/05	经期按摩器	BM	@dch6ck6937（已弃用）		赵雅如	墨西哥		0	0	¥0.00	¥0.00
https://www.tiktok.com/@dch6ck6937/video/7603234619961396481	2026/02/05	经期按摩器	KB	@dch6ck6937（已弃用）		赵雅如	墨西哥		0	0	¥0.00	¥0.00
https://www.tiktok.com/@e7qbf7/video/7603342366023388432	2026/02/05	经期按摩器	KB	@e7qbf7（已弃用）		刘茜	墨西哥		0	1	¥79.60	¥0.47
https://www.tiktok.com/@e7qbf7/video/7603342799999618320	2026/02/05	经期按摩器	KB	@e7qbf7（已弃用）		刘茜	墨西哥		0	0	¥0.00	¥0.00
https://www.tiktok.com/@e7qbf7/video/7603343440851635472	2026/02/05	经期按摩器	KB	@e7qbf7（已弃用）		涂欣然	墨西哥		0	0	¥0.00	¥0.00
https://www.tiktok.com/@e7qbf7/video/7603343843508964625	2026/02/05	经期按摩器	KB	@e7qbf7（已弃用）		谢园园	墨西哥		0	0	¥0.00	¥0.00
https://www.tiktok.com/@e7qbf7/video/7603344102423399697	2026/02/05	经期按摩器	KB	@e7qbf7（已弃用）		赵雅如	墨西哥		0	0	¥0.00	¥0.00
https://www.tiktok.com/@glidefreerollers/video/7603372833376423198	2026/02/05	彩色毛巾	AI视频	02-@glidefreerollers		邵佳运	美国		975	0	¥0.00	¥0.00
https://www.tiktok.com/@glidespindiaries/video/7603224642228096269	2026/02/05	磁吸耳钉	test	@glidespindiaries（已弃用）		涂欣然	美国		55	0	¥0.00	¥0.00
https://www.tiktok.com/@glidespindiaries/video/7603225056453430541	2026/02/05	数字项链	test	@glidespindiaries（已弃用）		谢园园	美国		49	0	¥0.00	¥0.00
https://www.tiktok.com/@glidespindiaries/video/7603227511098526990	2026/02/05	数字项链	test	@glidespindiaries（已弃用）		涂欣然	美国		87	0	¥0.00	¥0.00
https://www.tiktok.com/@grindguydiaries/video/7603333579145301278	2026/02/05	彩色毛巾	AI视频	09-@grindguydiaries		邵佳运	美国		844	0	¥0.00	¥0.00
https://www.tiktok.com/@hisrollerjourneys/video/7603334943061691679	2026/02/05	彩色毛巾	AI视频	05-@hisrollerjourneys		邵佳运	美国		681	0	¥0.00	¥0.00
https://www.tiktok.com/@hisrollroam/video/7603371598669810958	2026/02/05	彩色毛巾	AI视频	14-@hisrollroam		邵佳运	美国		746	0	¥0.00	¥0.00
https://www.tiktok.com/@hoo35nini35/video/7603220545458507024	2026/02/05	经期按摩器	KB	@hoo35nini35（已弃用）		涂欣然	墨西哥		0	0	¥0.00	¥0.00
https://www.tiktok.com/@hoo35nini35/video/7603222319137443088	2026/02/05	经期按摩器	BM	@hoo35nini35（已弃用）		谢园园	墨西哥		0	0	¥0.00	¥0.00
https://www.tiktok.com/@hoo35nini35/video/7603224139301719297	2026/02/05	经期按摩器	KB	@hoo35nini35（已弃用）		刘茜	墨西哥		0	0	¥0.00	¥0.00
https://www.tiktok.com/@hoo35nini35/video/7603229328960261377	2026/02/05	经期按摩器	KB	@hoo35nini35（已弃用）		谢园园	墨西哥		0	0	¥0.00	¥0.00
https://www.tiktok.com/@hoo35nini35/video/7603229483918740752	2026/02/05	经期按摩器	KB	@hoo35nini35（已弃用）		赵雅如	墨西哥		0	0	¥0.00	¥0.00
https://www.tiktok.com/@irx1sd1/video/7603338222021692673	2026/02/05	经期按摩器	KB	@irx1sd1（已弃用）		刘茜	墨西哥		0	0	¥0.00	¥0.00
https://www.tiktok.com/@irx1sd1/video/7603338846717103377?_r=1&_t=ZS-93gTmfC2oPY	2026/02/05	经期按摩器	BM	@irx1sd1（已弃用）		涂欣然	墨西哥		0	3	¥235.07	¥1.45
https://www.tiktok.com/@irx1sd1/video/7603339328131026193	2026/02/05	经期按摩器	KB	@irx1sd1（已弃用）		涂欣然	墨西哥		0	1	¥77.80	¥0.48
https://www.tiktok.com/@irx1sd1/video/7603340041254866177?_r=1&_t=ZS-93gToZYCAR0	2026/02/05	经期按摩器	KB	@irx1sd1（已弃用）		谢园园	墨西哥		0	0	¥0.00	¥0.00
https://www.tiktok.com/@irx1sd1/video/7603340294284659985	2026/02/05	经期按摩器	KB	@irx1sd1（已弃用）		赵雅如	墨西哥		0	1	¥75.60	¥0.47
https://www.tiktok.com/@rawrollhisstyle/video/7603381142057733407	2026/02/05	彩色毛巾	AI视频	08-@rawrollhisstyle		邵佳运	美国		537	0	¥0.00	¥0.00
https://www.tiktok.com/@rawrollhisstyle/video/7603381495541026079	2026/02/05	彩色毛巾	AI视频	08-@rawrollhisstyle		邵佳运	美国		537	0	¥0.00	¥0.00
https://www.tiktok.com/@rollerrebel0/video/7603377349840702733	2026/02/05	彩色毛巾	AI视频	16-@rollerrebel0		邵佳运	美国		795	0	¥0.00	¥0.00
https://www.tiktok.com/@rollerrebel0/video/7603377765009591566	2026/02/05	彩色毛巾	AI视频	16-@rollerrebel0		邵佳运	美国		949	0	¥0.00	¥0.00
https://www.tiktok.com/@rollerrush0/video/7603225302889762062	2026/02/05	磁吸耳钉	test	@rollerrush0（已弃用）		涂欣然	美国		59	0	¥0.00	¥0.00
https://www.tiktok.com/@rollerrush0/video/7603226410773204237	2026/02/05	数字项链	test	@rollerrush0（已弃用）		涂欣然	美国		81	0	¥0.00	¥0.00
https://www.tiktok.com/@rollerrush0/video/7603226821630364941	2026/02/05	数字项链	test	@rollerrush0（已弃用）		谢园园	美国		64	0	¥0.00	¥0.00
https://www.tiktok.com/@rollervibe2/video/7603334118419500319	2026/02/05	彩色毛巾	AI视频	43-@rollervibe2		邵佳运	美国		3,286	7	¥1,446.58	¥129.06
https://www.tiktok.com/@rollervibe2/video/7603382662052482334	2026/02/05	彩色毛巾	AI视频	43-@rollervibe2		邵佳运	美国		1,157	2	¥429.69	¥36.86
https://www.tiktok.com/@sherollsbright/video/7603376662444641549	2026/02/05	彩色毛巾	AI视频	27-@sherollsbright		邵佳运	美国		1,091	0	¥0.00	¥0.00
https://www.tiktok.com/@sherollsbright/video/7603376845895093518	2026/02/05	彩色毛巾	AI视频	27-@sherollsbright		邵佳运	美国		1,178	0	¥0.00	¥0.00
https://www.tiktok.com/@skateglowonice/video/7603334339346058510	2026/02/05	彩色毛巾	AI视频	11-@skateglowonice		邵佳运	美国		643	0	¥0.00	¥0.00
https://www.tiktok.com/@skatejoynest/video/7603372236321426701	2026/02/05	彩色毛巾	AI视频	34-@skatejoynest		邵佳运	美国		794	0	¥0.00	¥0.00
https://www.tiktok.com/@skaterollerodyssey/video/7603227824425667871	2026/02/05	磁吸耳钉	test	26-@skaterollerodssey		涂欣然	美国		130	0	¥0.00	¥0.00
https://www.tiktok.com/@skaterollerodyssey/video/7603228649193622814	2026/02/05	数字项链	test	26-@skaterollerodssey		谢园园	美国		96	0	¥0.00	¥0.00
https://www.tiktok.com/@skaterollerodyssey/video/7603229046628945182	2026/02/05	数字项链	test	26-@skaterollerodssey		涂欣然	美国		105	0	¥0.00	¥0.00
https://www.tiktok.com/@skatestride/video/7603377169888185630	2026/02/05	彩色毛巾	AI视频	@skatestride（已弃用）		邵佳运	美国		733	0	¥0.00	¥0.00
https://www.tiktok.com/@skateunboundtales/video/7603371072272010527	2026/02/05	彩色毛巾	AI视频	42-@skateunboundtales		邵佳运	美国		1,337	0	¥0.00	¥0.00
https://www.tiktok.com/@skateunboundvibes/video/7603370385135963423	2026/02/05	彩色毛巾	AI视频	19-@skateunboundvibes		邵佳运	美国		836	0	¥0.00	¥0.00
https://www.tiktok.com/@styleviralfinds/video/7603333864634846495	2026/02/05	彩色毛巾	AI视频	30-@styleviralfinds		邵佳运	美国		1,887	0	¥0.00	¥0.00
https://www.tiktok.com/@xfjb8xuel5/video/7603230348595465479	2026/02/05	经期按摩器	KB	@xfjb8xuel5（已弃用）		刘茜	墨西哥		0	0	¥0.00	¥0.00
https://www.tiktok.com/@xfjb8xuel5/video/7603230956492819730	2026/02/05	经期按摩器	KB	@xfjb8xuel5（已弃用）		涂欣然	墨西哥		0	0	¥0.00	¥0.00
https://www.tiktok.com/@xfjb8xuel5/video/7603231375012957448	2026/02/05	经期按摩器	KB	@xfjb8xuel5（已弃用）		谢园园	墨西哥		0	0	¥0.00	¥0.00
https://www.tiktok.com/@xfjb8xuel5/video/7603231642886556936	2026/02/05	经期按摩器	KB	@xfjb8xuel5（已弃用）		赵雅如	墨西哥		0	0	¥0.00	¥0.00
https://www.tiktok.com/@xfjb8xuel5/video/7603231858767219986	2026/02/05	经期按摩器	KB	@xfjb8xuel5（已弃用）		赵雅如	墨西哥		0	1	¥75.00	¥0.47
https://www.tiktok.com/@akbah68/video/7603609798306778369	2026/02/06	经期按摩器	KB	@akbah68（已弃用）		刘茜	墨西哥		0	0	¥0.00	¥0.00
https://www.tiktok.com/@akbah68/video/7603610290407738640	2026/02/06	经期按摩器	BM	@akbah68（已弃用）		刘茜	墨西哥		0	0	¥0.00	¥0.00
https://www.tiktok.com/@akbah68/video/7603610693782326545	2026/02/06	经期按摩器	BM	@akbah68（已弃用）		涂欣然	墨西哥		0	0	¥0.00	¥0.00
https://www.tiktok.com/@akbah68/video/7603611012780150033	2026/02/06	经期按摩器	BM	@akbah68（已弃用）		谢园园	墨西哥		0	0	¥0.00	¥0.00
https://www.tiktok.com/@akbah68/video/7603611587810741505	2026/02/06	经期按摩器	BM	@akbah68（已弃用）		赵雅如	墨西哥		0	0	¥0.00	¥0.00
https://www.tiktok.com/@chen36239/video/7604035762039934221	2026/02/06	兔毛毯	AI视频	35-@chen36239		邵佳运	美国		45	0	¥0.00	¥0.00
https://www.tiktok.com/@dch6ck6937/video/7603641319688326401	2026/02/06	经期按摩器	BM	@dch6ck6937（已弃用）		刘茜	墨西哥		0	7	¥508.91	¥3.30
https://www.tiktok.com/@dch6ck6937/video/7603641776225914128	2026/02/06	经期按摩器	BM	@dch6ck6937（已弃用）		涂欣然	墨西哥		0	0	¥0.00	¥0.00
https://www.tiktok.com/@dch6ck6937/video/7603642312610106625	2026/02/06	经期按摩器	BM	@dch6ck6937（已弃用）		谢园园	墨西哥		0	0	¥0.00	¥0.00
https://www.tiktok.com/@dch6ck6937/video/7603642626105003280	2026/02/06	经期按摩器	BM	@dch6ck6937（已弃用）		赵雅如	墨西哥		0	2	¥148.00	¥0.94
https://www.tiktok.com/@dch6ck6937/video/7603642901490437392	2026/02/06	经期按摩器	BM	@dch6ck6937（已弃用）		赵雅如	墨西哥		0	0	¥0.00	¥0.00
https://www.tiktok.com/@e7qbf7/video/7603637820384644353	2026/02/06	经期按摩器	BM	@e7qbf7（已弃用）		刘茜	墨西哥		0	0	¥0.00	¥0.00
https://www.tiktok.com/@e7qbf7/video/7603638215169297680	2026/02/06	经期按摩器	BM	@e7qbf7（已弃用）		涂欣然	墨西哥		0	0	¥0.00	¥0.00
https://www.tiktok.com/@e7qbf7/video/7603638696927055121	2026/02/06	经期按摩器	BM	@e7qbf7（已弃用）		谢园园	墨西哥		0	0	¥0.00	¥0.00
https://www.tiktok.com/@e7qbf7/video/7603638938363776257	2026/02/06	经期按摩器	BM	@e7qbf7（已弃用）		谢园园	墨西哥		0	0	¥0.00	¥0.00
https://www.tiktok.com/@e7qbf7/video/7603639058765532417	2026/02/06	经期按摩器	BM	@e7qbf7（已弃用）		赵雅如	墨西哥		0	1	¥72.00	¥0.47
https://www.tiktok.com/@glidefreerollers/video/7603708636300430623	2026/02/06	彩色毛巾	AI视频	02-@glidefreerollers		邵佳运	美国		442	0	¥0.00	¥0.00
https://www.tiktok.com/@glidefreerollers/video/7603745436712668447	2026/02/06	彩色毛巾	AI视频	02-@glidefreerollers		邵佳运	美国		367	0	¥0.00	¥0.00
https://www.tiktok.com/@glidespindiaries/video/7603589164809948430	2026/02/06	磁吸耳钉	test	@glidespindiaries（已弃用）		涂欣然	美国		82	0	¥0.00	¥0.00
https://www.tiktok.com/@glidespindiaries/video/7603589476421553422	2026/02/06	数字项链	test	@glidespindiaries（已弃用）		涂欣然	美国		90	0	¥0.00	¥0.00
https://www.tiktok.com/@glidespindiaries/video/7603589967230586126	2026/02/06	数字项链	test	@glidespindiaries（已弃用）		谢园园	美国		85	0	¥0.00	¥0.00
https://www.tiktok.com/@gracefulwheelsgirl/video/7603745456417443085	2026/02/06	兔毛毯	AI视频	07-@gracefulwheelsgirl		邵佳运	美国		45	0	¥0.00	¥0.00
https://www.tiktok.com/@grindguydiaries/video/7603708728646356255	2026/02/06	兔毛毯	AI视频	09-@grindguydiaries		邵佳运	美国		290	0	¥0.00	¥0.00
https://www.tiktok.com/@grindguydiaries/video/7603726452856573215	2026/02/06	彩色毛巾	AI视频	09-@grindguydiaries		邵佳运	美国		160	0	¥0.00	¥0.00
https://www.tiktok.com/@hesonskates/video/7603745889898794254	2026/02/06	兔毛毯	AI视频	@hesonskates（已弃用）		邵佳运	美国		199	0	¥0.00	¥0.00
https://www.tiktok.com/@hisrollerjourneys/video/7603729380396846366	2026/02/06	兔毛毯	AI视频	05-@hisrollerjourneys		邵佳运	美国		191	0	¥0.00	¥0.00
https://www.tiktok.com/@hisrollroam/video/7603708467588779277	2026/02/06	兔毛毯	AI视频	14-@hisrollroam		邵佳运	美国		257	0	¥0.00	¥0.00
https://www.tiktok.com/@hisrollroam/video/7603725772271996173	2026/02/06	兔毛毯	AI视频	14-@hisrollroam		邵佳运	美国		15,020	12	¥2,269.78	¥207.90
https://www.tiktok.com/@hoo35nini35/video/7603635601157475600	2026/02/06	经期按摩器	BM	@hoo35nini35（已弃用）		刘茜	墨西哥		0	1	¥72.00	¥0.83
https://www.tiktok.com/@hoo35nini35/video/7603635953055452433	2026/02/06	经期按摩器	BM	@hoo35nini35（已弃用）		涂欣然	墨西哥		0	0	¥0.00	¥0.00
https://www.tiktok.com/@hoo35nini35/video/7603636501053836560	2026/02/06	经期按摩器	BM	@hoo35nini35（已弃用）		涂欣然	墨西哥		0	0	¥0.00	¥0.00
https://www.tiktok.com/@hoo35nini35/video/7603636710445976848	2026/02/06	经期按摩器	BM	@hoo35nini35（已弃用）		谢园园	墨西哥		0	3	¥225.70	¥1.77
https://www.tiktok.com/@hoo35nini35/video/7603636986125061377	2026/02/06	经期按摩器	BM	@hoo35nini35（已弃用）		赵雅如	墨西哥		0	2	¥148.85	¥1.30
https://www.tiktok.com/@icebladefreedom/video/7603727438157204750	2026/02/06	兔毛毯	AI视频	12-@icebladefreedom		邵佳运	美国		74	0	¥0.00	¥0.00
https://www.tiktok.com/@iceglidevibes/video/7603746427273039118	2026/02/06	兔毛毯	AI视频	03-@iceglidevibes		邵佳运	美国		114	0	¥0.00	¥0.00
https://www.tiktok.com/@irx1sd1/video/7603634030738722049	2026/02/06	经期按摩器	BM	@irx1sd1（已弃用）		刘茜	墨西哥		0	0	¥0.00	¥0.00
https://www.tiktok.com/@irx1sd1/video/7603634227493555473	2026/02/06	经期按摩器	BM	@irx1sd1（已弃用）		刘茜	墨西哥		0	0	¥0.00	¥0.00
https://www.tiktok.com/@irx1sd1/video/7603634694537645313	2026/02/06	经期按摩器	BM	@irx1sd1（已弃用）		涂欣然	墨西哥		0	0	¥0.00	¥0.00
https://www.tiktok.com/@irx1sd1/video/7603635045168893201	2026/02/06	经期按摩器	BM	@irx1sd1（已弃用）		谢园园	墨西哥		2,982	0	¥0.00	¥0.00
https://www.tiktok.com/@irx1sd1/video/7603635331644083472	2026/02/06	经期按摩器	BM	@irx1sd1（已弃用）		赵雅如	墨西哥		0	0	¥0.00	¥0.00
https://www.tiktok.com/@la.negrita.1/video/7603728742795480334	2026/02/06	兔毛毯	AI视频	36-@la.negrita.1		邵佳运	美国		163	0	¥0.00	¥0.00
https://www.tiktok.com/@rawrollhisstyle/video/7603745024097979679	2026/02/06	兔毛毯	AI视频	08-@rawrollhisstyle		邵佳运	美国		57	0	¥0.00	¥0.00
https://www.tiktok.com/@rollerrebel0/video/7603728192439913742	2026/02/06	兔毛毯	AI视频	16-@rollerrebel0		邵佳运	美国		111	0	¥0.00	¥0.00
https://www.tiktok.com/@rollerrush0/video/7603588902137384206	2026/02/06	磁吸耳钉	test	@rollerrush0（已弃用）		谢园园	美国		152	0	¥0.00	¥0.00
https://www.tiktok.com/@rollerrush0/video/7603590529057639694	2026/02/06	数字项链	test	@rollerrush0（已弃用）		涂欣然	美国		76	0	¥0.00	¥0.00
https://www.tiktok.com/@rollerrush0/video/7603591255678897421	2026/02/06	数字项链	test	@rollerrush0（已弃用）		谢园园	美国		35	0	¥0.00	¥0.00
https://www.tiktok.com/@rollervibe2/video/7603727862151105822	2026/02/06	兔毛毯	AI视频	43-@rollervibe2		邵佳运	美国		107	0	¥0.00	¥0.00
https://www.tiktok.com/@sherollsbright/video/7603726921968520462	2026/02/06	兔毛毯	AI视频	27-@sherollsbright		邵佳运	美国		554	0	¥0.00	¥0.00
https://www.tiktok.com/@skateglowonice/video/7603708562350591245	2026/02/06	兔毛毯	AI视频	11-@skateglowonice		邵佳运	美国		329	0	¥0.00	¥0.00
https://www.tiktok.com/@skateglowonice/video/7603744829356494093	2026/02/06	兔毛毯	AI视频	11-@skateglowonice		邵佳运	美国		133	0	¥0.00	¥0.00
https://www.tiktok.com/@skatejoynest/video/7603709200308374797	2026/02/06	兔毛毯	AI视频	34-@skatejoynest		邵佳运	美国		383	0	¥0.00	¥0.00
https://www.tiktok.com/@skatejoynest/video/7603744301457214734	2026/02/06	兔毛毯	AI视频	34-@skatejoynest		邵佳运	美国		396	0	¥0.00	¥0.00
https://www.tiktok.com/@skaterollerodyssey/video/7603588715662920990	2026/02/06	磁吸耳钉	test	26-@skaterollerodssey		涂欣然	美国		82	0	¥0.00	¥0.00
https://www.tiktok.com/@skaterollerodyssey/video/7603592181814676766	2026/02/06	数字项链	test	26-@skaterollerodssey		涂欣然	美国		112	0	¥0.00	¥0.00
https://www.tiktok.com/@skaterollerodyssey/video/7603592617200274718	2026/02/06	数字项链	test	26-@skaterollerodssey		谢园园	美国		95	0	¥0.00	¥0.00
https://www.tiktok.com/@skatestride/video/7603377553016999198	2026/02/06	彩色毛巾	AI视频	@skatestride（已弃用）		邵佳运	美国		539	0	¥0.00	¥0.00
https://www.tiktok.com/@skateunboundtales/video/7603726251567729951	2026/02/06	兔毛毯	AI视频	42-@skateunboundtales		邵佳运	美国		97	0	¥0.00	¥0.00
https://www.tiktok.com/@skateunboundvibes/video/7603708739203435806	2026/02/06	兔毛毯	AI视频	19-@skateunboundvibes		邵佳运	美国		133	0	¥0.00	¥0.00
https://www.tiktok.com/@skateunboundvibes/video/7603746243470265631	2026/02/06	兔毛毯	AI视频	19-@skateunboundvibes		邵佳运	美国		651	0	¥0.00	¥0.00
https://www.tiktok.com/@styleviralfinds/video/7603729479122308383	2026/02/06	兔毛毯	AI视频	30-@styleviralfinds		邵佳运	美国		24	0	¥0.00	¥0.00
https://www.tiktok.com/@styleviralfinds/video/7604036340749028639	2026/02/06	兔毛毯	AI视频	30-@styleviralfinds		邵佳运	美国		9	0	¥0.00	¥0.00
https://www.tiktok.com/@xfjb8xuel5/video/7603639796661013767	2026/02/06	经期按摩器	BM	@xfjb8xuel5（已弃用）		刘茜	墨西哥		0	1	¥75.00	¥0.47
https://www.tiktok.com/@xfjb8xuel5/video/7603640158340009234	2026/02/06	经期按摩器	BM	@xfjb8xuel5（已弃用）		涂欣然	墨西哥		0	0	¥0.00	¥0.00
https://www.tiktok.com/@xfjb8xuel5/video/7603640625350642962	2026/02/06	经期按摩器	BM	@xfjb8xuel5（已弃用）		谢园园	墨西哥		0	0	¥0.00	¥0.00
https://www.tiktok.com/@xfjb8xuel5/video/7603640928959483154	2026/02/06	经期按摩器	BM	@xfjb8xuel5（已弃用）		赵雅如	墨西哥		0	0	¥0.00	¥0.00
https://www.tiktok.com/@xfjb8xuel5/video/7603641204235848968	2026/02/06	经期按摩器	BM	@xfjb8xuel5（已弃用）		赵雅如	墨西哥		0	1	¥86.06	¥0.47
https://www.tiktok.com/@akbah68/video/7603653078511783184	2026/02/07	经期按摩器	KB	@akbah68（已弃用）		刘茜	墨西哥		0	0	¥0.00	¥0.00
https://www.tiktok.com/@akbah68/video/7603654067851726097	2026/02/07	经期按摩器	BM	@akbah68（已弃用）		刘茜	墨西哥		0	0	¥0.00	¥0.00
https://www.tiktok.com/@akbah68/video/7603654371800354065	2026/02/07	经期按摩器	BM	@akbah68（已弃用）		涂欣然	墨西哥		0	0	¥0.00	¥0.00
https://www.tiktok.com/@akbah68/video/7603654845937028368	2026/02/07	经期按摩器	KB	@akbah68（已弃用）		谢园园	墨西哥		0	0	¥0.00	¥0.00
https://www.tiktok.com/@akbah68/video/7603655165790407952	2026/02/07	经期按摩器	BM	@akbah68（已弃用）		赵雅如	墨西哥		0	0	¥0.00	¥0.00
https://www.tiktok.com/@dch6ck6937/video/7603661443707194625	2026/02/07	经期按摩器	KB	@dch6ck6937（已弃用）		刘茜	墨西哥		0	1	¥75.60	¥0.47
https://www.tiktok.com/@dch6ck6937/video/7603661450309127425	2026/02/07	经期按摩器	BM	@dch6ck6937（已弃用）		涂欣然	墨西哥		0	0	¥0.00	¥0.00
https://www.tiktok.com/@dch6ck6937/video/7603661566709370113	2026/02/07	经期按摩器	KB	@dch6ck6937（已弃用）		赵雅如	墨西哥		0	0	¥0.00	¥0.00
https://www.tiktok.com/@dch6ck6937/video/7603661734318050577	2026/02/07	经期按摩器	KB	@dch6ck6937（已弃用）		谢园园	墨西哥		0	1	¥68.57	¥0.47
https://www.tiktok.com/@dch6ck6937/video/7603661799929449745	2026/02/07	经期按摩器	BM	@dch6ck6937（已弃用）		赵雅如	墨西哥		0	1	¥76.37	¥0.47
https://www.tiktok.com/@e7qbf7/video/7603659138186448145	2026/02/07	经期按摩器	KB	@e7qbf7（已弃用）		涂欣然	墨西哥		0	0	¥0.00	¥0.00
https://www.tiktok.com/@e7qbf7/video/7603659167244537089	2026/02/07	经期按摩器	KB	@e7qbf7（已弃用）		刘茜	墨西哥		0	0	¥0.00	¥0.00
https://www.tiktok.com/@e7qbf7/video/7603659245317360912	2026/02/07	经期按摩器	BM	@e7qbf7（已弃用）		谢园园	墨西哥		0	1	¥75.60	¥0.47
https://www.tiktok.com/@e7qbf7/video/7603660276029852929	2026/02/07	经期按摩器	KB	@e7qbf7（已弃用）		赵雅如	墨西哥		0	0	¥0.00	¥0.00
https://www.tiktok.com/@e7qbf7/video/7603660532704349457	2026/02/07	经期按摩器	KB	@e7qbf7（已弃用）		谢园园	墨西哥		0	0	¥0.00	¥0.00
https://www.tiktok.com/@glidefreerollers/video/7604034093122129182	2026/02/07	彩色毛巾	AI视频	02-@glidefreerollers		邵佳运	美国		631	0	¥0.00	¥0.00
https://www.tiktok.com/@glidespindiaries/video/7603594230316928269	2026/02/07	磁吸耳钉	test	@glidespindiaries（已弃用）		涂欣然	美国		59	0	¥0.00	¥0.00
https://www.tiktok.com/@glidespindiaries/video/7603597228501978382	2026/02/07	数字项链	test	@glidespindiaries（已弃用）		涂欣然	美国		104	0	¥0.00	¥0.00
https://www.tiktok.com/@glidespindiaries/video/7603597853876931853	2026/02/07	数字项链	test	@glidespindiaries（已弃用）		谢园园	美国		142	0	¥0.00	¥0.00
https://www.tiktok.com/@gracefulwheelsgirl/video/7604033667383430413	2026/02/07	兔毛毯	AI视频	07-@gracefulwheelsgirl		邵佳运	美国		64	0	¥0.00	¥0.00
https://www.tiktok.com/@grindguydiaries/video/7604033480086834463	2026/02/07	兔毛毯	AI视频	09-@grindguydiaries		邵佳运	美国		225	0	¥0.00	¥0.00
https://www.tiktok.com/@hesonskates/video/7604032843840228621	2026/02/07	兔毛毯	AI视频	@hesonskates（已弃用）		邵佳运	美国		93	0	¥0.00	¥0.00
https://www.tiktok.com/@hisrollerjourneys/video/7604034476074650910	2026/02/07	兔毛毯	AI视频	05-@hisrollerjourneys		邵佳运	美国		126	0	¥0.00	¥0.00
https://www.tiktok.com/@hisrollroam/video/7604034952920845581	2026/02/07	兔毛毯	AI视频	14-@hisrollroam		邵佳运	美国		67	0	¥0.00	¥0.00
https://www.tiktok.com/@hoo35nini35/video/7603657525359136001	2026/02/07	经期按摩器	BM	@hoo35nini35（已弃用）		刘茜	墨西哥		0	0	¥0.00	¥0.00
https://www.tiktok.com/@hoo35nini35/video/7603658044525907201	2026/02/07	经期按摩器	BM	@hoo35nini35（已弃用）		涂欣然	墨西哥		0	0	¥0.00	¥0.00
https://www.tiktok.com/@hoo35nini35/video/7603658135584247057	2026/02/07	经期按摩器	BM	@hoo35nini35（已弃用）		赵雅如	墨西哥		0	0	¥0.00	¥0.00
https://www.tiktok.com/@hoo35nini35/video/7603658142823582977	2026/02/07	经期按摩器	KB	@hoo35nini35（已弃用）		涂欣然	墨西哥		0	0	¥0.00	¥0.00
https://www.tiktok.com/@hoo35nini35/video/7603658154764733697	2026/02/07	经期按摩器	KB	@hoo35nini35（已弃用）		谢园园	墨西哥		0	0	¥0.00	¥0.00
https://www.tiktok.com/@icebladefreedom/video/7604032294109613326	2026/02/07	兔毛毯	AI视频	12-@icebladefreedom		邵佳运	美国		58	0	¥0.00	¥0.00
https://www.tiktok.com/@iceglidevibes/video/7604031407635139854	2026/02/07	兔毛毯	AI视频	03-@iceglidevibes		邵佳运	美国		41	0	¥0.00	¥0.00
https://www.tiktok.com/@irx1sd1/video/7603655689214414081	2026/02/07	经期按摩器	BM	@irx1sd1（已弃用）		刘茜	墨西哥		0	0	¥0.00	¥0.00
https://www.tiktok.com/@irx1sd1/video/7603656049995828481	2026/02/07	经期按摩器	BM	@irx1sd1（已弃用）		刘茜	墨西哥		0	0	¥0.00	¥0.00
https://www.tiktok.com/@irx1sd1/video/7603656299049438480	2026/02/07	经期按摩器	BM	@irx1sd1（已弃用）		涂欣然	墨西哥		0	0	¥0.00	¥0.00
https://www.tiktok.com/@irx1sd1/video/7603656720182807809	2026/02/07	经期按摩器	KB	@irx1sd1（已弃用）		谢园园	墨西哥		0	2	¥157.53	¥0.97
https://www.tiktok.com/@irx1sd1/video/7603656955265142032	2026/02/07	经期按摩器	BM	@irx1sd1（已弃用）		赵雅如	墨西哥		0	0	¥0.00	¥0.00
https://www.tiktok.com/@la.negrita.1/video/7604042793278917902	2026/02/07	兔毛毯	AI视频	36-@la.negrita.1		邵佳运	美国		82	0	¥0.00	¥0.00
https://www.tiktok.com/@rawrollhisstyle/video/7604033819007520030	2026/02/07	兔毛毯	AI视频	08-@rawrollhisstyle		邵佳运	美国		61	0	¥0.00	¥0.00
https://www.tiktok.com/@rollerrebel0/video/7604033234942364941	2026/02/07	兔毛毯	AI视频	16-@rollerrebel0		邵佳运	美国		116	0	¥0.00	¥0.00
https://www.tiktok.com/@rollerrebel0/video/7604033598739516685	2026/02/07	兔毛毯	AI视频	16-@rollerrebel0		邵佳运	美国		79	0	¥0.00	¥0.00
https://www.tiktok.com/@rollerrush0/video/7603594240882412814	2026/02/07	磁吸耳钉	test	@rollerrush0（已弃用）		谢园园	美国		150	0	¥0.00	¥0.00
https://www.tiktok.com/@rollerrush0/video/7603598426097421581	2026/02/07	数字项链	test	@rollerrush0（已弃用）		涂欣然	美国		67	0	¥0.00	¥0.00
https://www.tiktok.com/@rollervibe2/video/7604034659688664350	2026/02/07	兔毛毯	AI视频	43-@rollervibe2		邵佳运	美国		620	0	¥0.00	¥0.00
https://www.tiktok.com/@sherollsbright/video/7604033591470853389	2026/02/07	兔毛毯	AI视频	27-@sherollsbright		邵佳运	美国		90	0	¥0.00	¥0.00
https://www.tiktok.com/@skateglowonice/video/7604031450463210766	2026/02/07	兔毛毯	AI视频	11-@skateglowonice		邵佳运	美国		114	0	¥0.00	¥0.00
https://www.tiktok.com/@skaterollerodyssey/video/7603594309740268830	2026/02/07	磁吸耳钉	test	26-@skaterollerodssey		涂欣然	美国		158	0	¥0.00	¥0.00
https://www.tiktok.com/@skaterollerodyssey/video/7603599614486269215	2026/02/07	数字项链	test	26-@skaterollerodssey		涂欣然	美国		97	0	¥0.00	¥0.00
https://www.tiktok.com/@skaterollerodyssey/video/7603599948273192222	2026/02/07	数字项链	test	26-@skaterollerodssey		谢园园	美国		112	0	¥0.00	¥0.00
https://www.tiktok.com/@skatestride/video/7604032824252828959	2026/02/07	兔毛毯	AI视频	@skatestride（已弃用）		邵佳运	美国		35	0	¥0.00	¥0.00
https://www.tiktok.com/@skatestride/video/7604033126888770847	2026/02/07	兔毛毯	AI视频	@skatestride（已弃用）		邵佳运	美国		70	0	¥0.00	¥0.00
https://www.tiktok.com/@skateunboundtales/video/7604033048002235679	2026/02/07	兔毛毯	AI视频	42-@skateunboundtales		邵佳运	美国		654	0	¥0.00	¥0.00
https://www.tiktok.com/@skateunboundtales/video/7604033676850072863	2026/02/07	兔毛毯	AI视频	42-@skateunboundtales		邵佳运	美国		393	0	¥0.00	¥0.00
https://www.tiktok.com/@skateunboundvibes/video/7604035373156535582	2026/02/07	兔毛毯	AI视频	19-@skateunboundvibes		邵佳运	美国		247	0	¥0.00	¥0.00
https://www.tiktok.com/@styleviralfinds/video/7604036993630113055	2026/02/07	兔毛毯	AI视频	30-@styleviralfinds		邵佳运	美国		30	0	¥0.00	¥0.00
https://www.tiktok.com/@xfjb8xuel5/video/7603660548433038610	2026/02/07	经期按摩器	KB	@xfjb8xuel5（已弃用）		刘茜	墨西哥		0	0	¥0.00	¥0.00
https://www.tiktok.com/@xfjb8xuel5/video/7603660653592612114	2026/02/07	经期按摩器	KB	@xfjb8xuel5（已弃用）		涂欣然	墨西哥		0	0	¥0.00	¥0.00
https://www.tiktok.com/@xfjb8xuel5/video/7603661589346143506	2026/02/07	经期按摩器	KB	@xfjb8xuel5（已弃用）		谢园园	墨西哥		0	0	¥0.00	¥0.00
https://www.tiktok.com/@xfjb8xuel5/video/7603661626507578642	2026/02/07	经期按摩器	BM	@xfjb8xuel5（已弃用）		赵雅如	墨西哥		0	0	¥0.00	¥0.00
https://www.tiktok.com/@xfjb8xuel5/video/7603661668232563986	2026/02/07	经期按摩器	KB	@xfjb8xuel5（已弃用）		赵雅如	墨西哥		0	1	¥75.00	¥0.47
https://www.tiktok.com/@akbah68/video/7603663043217657104	2026/02/08	经期按摩器	BM	@akbah68（已弃用）		谢园园	墨西哥		0	0	¥0.00	¥0.00
https://www.tiktok.com/@akbah68/video/7603663121013640464	2026/02/08	经期按摩器	BM	@akbah68（已弃用）		赵雅如	墨西哥		4,464	0	¥0.00	¥0.00
https://www.tiktok.com/@akbah68/video/7603663222339554577	2026/02/08	经期按摩器	BM	@akbah68（已弃用）		刘茜	墨西哥		0	0	¥0.00	¥0.00
https://www.tiktok.com/@akbah68/video/7603663236625435921	2026/02/08	经期按摩器	BM	@akbah68（已弃用）		涂欣然	墨西哥		0	0	¥0.00	¥0.00
https://www.tiktok.com/@akbah68/video/7603664429149932816	2026/02/08	经期按摩器	KB	@akbah68（已弃用）		赵雅如	墨西哥		0	0	¥0.00	¥0.00
https://www.tiktok.com/@dch6ck6937/video/7603668906552675585	2026/02/08	经期按摩器	BM	@dch6ck6937（已弃用）		刘茜	墨西哥		0	0	¥0.00	¥0.00
https://www.tiktok.com/@dch6ck6937/video/7603669016053304593	2026/02/08	经期按摩器	BM	@dch6ck6937（已弃用）		谢园园	墨西哥		0	0	¥0.00	¥0.00
https://www.tiktok.com/@dch6ck6937/video/7603669055521737985	2026/02/08	经期按摩器	KB	@dch6ck6937（已弃用）		赵雅如	墨西哥		0	0	¥0.00	¥0.00
https://www.tiktok.com/@dch6ck6937/video/7603669103290699009	2026/02/08	经期按摩器	BM	@dch6ck6937（已弃用）		涂欣然	墨西哥		0	0	¥0.00	¥0.00
https://www.tiktok.com/@dch6ck6937/video/7603669220441804048	2026/02/08	经期按摩器	BM	@dch6ck6937（已弃用）		谢园园	墨西哥		0	1	¥68.57	¥0.47
https://www.tiktok.com/@e7qbf7/video/7603666887569935633	2026/02/08	经期按摩器	BM	@e7qbf7（已弃用）		涂欣然	墨西哥		0	0	¥0.00	¥0.00
https://www.tiktok.com/@e7qbf7/video/7603666924593073424	2026/02/08	经期按摩器	BM	@e7qbf7（已弃用）		赵雅如	墨西哥		0	0	¥0.00	¥0.00
https://www.tiktok.com/@e7qbf7/video/7603667090465115409	2026/02/08	经期按摩器	BM	@e7qbf7（已弃用）		刘茜	墨西哥		0	1	¥72.73	¥0.47
https://www.tiktok.com/@e7qbf7/video/7603667145813216528	2026/02/08	经期按摩器	BM	@e7qbf7（已弃用）		涂欣然	墨西哥		0	0	¥0.00	¥0.00
https://www.tiktok.com/@e7qbf7/video/7603667170677099777	2026/02/08	经期按摩器	BM	@e7qbf7（已弃用）		谢园园	墨西哥		0	1	¥72.73	¥0.47
https://www.tiktok.com/@glidespindiaries/video/7603601914848234765	2026/02/08	磁吸耳钉	test	@glidespindiaries（已弃用）		涂欣然	美国		66	0	¥0.00	¥0.00
https://www.tiktok.com/@glidespindiaries/video/7603602445939264782	2026/02/08	数字项链	test	@glidespindiaries（已弃用）		谢园园	美国		100	0	¥0.00	¥0.00
https://www.tiktok.com/@hoo35nini35/video/7603665534848208129	2026/02/08	经期按摩器	BM	@hoo35nini35（已弃用）		刘茜	墨西哥		0	1	¥76.85	¥0.47
https://www.tiktok.com/@hoo35nini35/video/7603665584269577488	2026/02/08	经期按摩器	BM	@hoo35nini35（已弃用）		刘茜	墨西哥		0	0	¥0.00	¥0.00
https://www.tiktok.com/@hoo35nini35/video/7603665611394239761	2026/02/08	经期按摩器	BM	@hoo35nini35（已弃用）		谢园园	墨西哥		0	0	¥0.00	¥0.00
https://www.tiktok.com/@hoo35nini35/video/7603665638967495953	2026/02/08	经期按摩器	BM	@hoo35nini35（已弃用）		涂欣然	墨西哥		0	0	¥0.00	¥0.00
https://www.tiktok.com/@hoo35nini35/video/7603665645930122512	2026/02/08	经期按摩器	BM	@hoo35nini35（已弃用）		赵雅如	墨西哥		0	0	¥0.00	¥0.00
https://www.tiktok.com/@irx1sd1/video/7603664379636124945	2026/02/08	经期按摩器	BM	@irx1sd1（已弃用）		刘茜	墨西哥		0	0	¥0.00	¥0.00
https://www.tiktok.com/@irx1sd1/video/7603664386347060481	2026/02/08	经期按摩器	BM	@irx1sd1（已弃用）		涂欣然	墨西哥		0	1	¥73.80	¥0.47
https://www.tiktok.com/@irx1sd1/video/7603664429665848592	2026/02/08	经期按摩器	BM	@irx1sd1（已弃用）		涂欣然	墨西哥		0	1	¥79.60	¥0.47
https://www.tiktok.com/@irx1sd1/video/7603664450901576961	2026/02/08	经期按摩器	BM	@irx1sd1（已弃用）		谢园园	墨西哥		0	0	¥0.00	¥0.00
https://www.tiktok.com/@irx1sd1/video/7603664580274867472	2026/02/08	经期按摩器	BM	@irx1sd1（已弃用）		赵雅如	墨西哥		0	0	¥0.00	¥0.00
https://www.tiktok.com/@rollerrush0/video/7603601884024212750	2026/02/08	磁吸耳钉	test	@rollerrush0（已弃用）		谢园园	美国		44	0	¥0.00	¥0.00
https://www.tiktok.com/@rollerrush0/video/7603603148401397006	2026/02/08	数字项链	test	@rollerrush0（已弃用）		涂欣然	美国		69	0	¥0.00	¥0.00
https://www.tiktok.com/@rollerrush0/video/7603604679251086605	2026/02/08	数字项链	test	@rollerrush0（已弃用）		谢园园	美国		44	0	¥0.00	¥0.00
https://www.tiktok.com/@skaterollerodyssey/video/7603601970129079583	2026/02/08	磁吸耳钉	test	26-@skaterollerodssey		谢园园	美国		104	0	¥0.00	¥0.00
https://www.tiktok.com/@skaterollerodyssey/video/7603604464221555999	2026/02/08	数字项链	test	26-@skaterollerodssey		谢园园	美国		111	0	¥0.00	¥0.00
https://www.tiktok.com/@skaterollerodyssey/video/7603605013637729566	2026/02/08	数字项链	test	26-@skaterollerodssey		涂欣然	美国		108	0	¥0.00	¥0.00
https://www.tiktok.com/@xfjb8xuel5/video/7603668171832216850	2026/02/08	经期按摩器	BM	@xfjb8xuel5（已弃用）		刘茜	墨西哥		0	3	¥247.80	¥1.48
https://www.tiktok.com/@xfjb8xuel5/video/7603668202819734791	2026/02/08	经期按摩器	BM	@xfjb8xuel5（已弃用）		涂欣然	墨西哥		0	0	¥0.00	¥0.00
https://www.tiktok.com/@xfjb8xuel5/video/7603668230447648007	2026/02/08	经期按摩器	BM	@xfjb8xuel5（已弃用）		谢园园	墨西哥		0	1	¥86.06	¥0.47
https://www.tiktok.com/@xfjb8xuel5/video/7603668256775261448	2026/02/08	经期按摩器	BM	@xfjb8xuel5（已弃用）		谢园园	墨西哥		0	0	¥0.00	¥0.00
https://www.tiktok.com/@xfjb8xuel5/video/7603668289369165064	2026/02/08	经期按摩器	BM	@xfjb8xuel5（已弃用）		赵雅如	墨西哥		0	0	¥0.00	¥0.00
https://www.tiktok.com/@akbah68/video/7604686577301753089	2026/02/09	经期按摩器	KB	@akbah68（已弃用）		刘茜	墨西哥		0	0	¥0.00	¥0.00
https://www.tiktok.com/@akbah68/video/7604687181818514704	2026/02/09	经期按摩器	KB	@akbah68（已弃用）		刘茜	墨西哥		0	0	¥0.00	¥0.00
https://www.tiktok.com/@akbah68/video/7604687695188741392	2026/02/09	经期按摩器	BM	@akbah68（已弃用）		涂欣然	墨西哥		0	0	¥0.00	¥0.00
https://www.tiktok.com/@akbah68/video/7604689666108853520	2026/02/09	经期按摩器	KB	@akbah68（已弃用）		谢园园	墨西哥		0	0	¥0.00	¥0.00
https://www.tiktok.com/@akbah68/video/7604689802163752193	2026/02/09	经期按摩器	KB	@akbah68（已弃用）		赵雅如	墨西哥		0	1	¥87.60	¥0.52
https://www.tiktok.com/@c03vfgqsr0/video/7604690760771865877	2026/02/09	经期按摩器	KB	@c03vfgqsr0（已弃用）		刘茜	墨西哥		0	0	¥0.00	¥0.00
https://www.tiktok.com/@c03vfgqsr0/video/7604691125923745045	2026/02/09	经期按摩器	KB	@c03vfgqsr0（已弃用）		刘茜	墨西哥		0	0	¥0.00	¥0.00
https://www.tiktok.com/@c03vfgqsr0/video/7604691442937662741	2026/02/09	经期按摩器	BM	@c03vfgqsr0（已弃用）		涂欣然	墨西哥		0	0	¥0.00	¥0.00
https://www.tiktok.com/@c03vfgqsr0/video/7604692117771898132	2026/02/09	经期按摩器	KB	@c03vfgqsr0（已弃用）		谢园园	墨西哥		0	0	¥0.00	¥0.00
https://www.tiktok.com/@c03vfgqsr0/video/7604692343354133780	2026/02/09	经期按摩器	KB	@c03vfgqsr0（已弃用）		赵雅如	墨西哥		0	0	¥0.00	¥0.00
https://www.tiktok.com/@chen36239/video/7604834065568533773	2026/02/09	兔毛毯	AI视频	35-@chen36239		邵佳运	美国		38	0	¥0.00	¥0.00
https://www.tiktok.com/@dch6ck6937/video/7604703899500481809	2026/02/09	经期按摩器	BM	@dch6ck6937（已弃用）		刘茜	墨西哥		0	0	¥0.00	¥0.00
https://www.tiktok.com/@dch6ck6937/video/7604704324442230032	2026/02/09	经期按摩器	BM	@dch6ck6937（已弃用）		涂欣然	墨西哥		0	0	¥0.00	¥0.00
https://www.tiktok.com/@dch6ck6937/video/7604704937510980865	2026/02/09	经期按摩器	BM	@dch6ck6937（已弃用）		谢园园	墨西哥		1,521	0	¥0.00	¥0.00
https://www.tiktok.com/@dch6ck6937/video/7604705195150331137	2026/02/09	经期按摩器	KB	@dch6ck6937（已弃用）		赵雅如	墨西哥		0	0	¥0.00	¥0.00
https://www.tiktok.com/@dch6ck6937/video/7604705441733709073	2026/02/09	经期按摩器	BM	@dch6ck6937（已弃用）		赵雅如	墨西哥		0	0	¥0.00	¥0.00
https://www.tiktok.com/@e7qbf7/video/7604699115468967184	2026/02/09	经期按摩器	KB	@e7qbf7（已弃用）		刘茜	墨西哥		0	1	¥72.73	¥0.47
https://www.tiktok.com/@e7qbf7/video/7604699511742598416	2026/02/09	经期按摩器	BM	@e7qbf7（已弃用）		涂欣然	墨西哥		0	0	¥0.00	¥0.00
https://www.tiktok.com/@e7qbf7/video/7604700799033167120	2026/02/09	经期按摩器	BM	@e7qbf7（已弃用）		谢园园	墨西哥		0	9	¥668.57	¥4.33
https://www.tiktok.com/@e7qbf7/video/7604701420826168592	2026/02/09	经期按摩器	KB	@e7qbf7（已弃用）		谢园园	墨西哥		0	2	¥145.33	¥0.98
https://www.tiktok.com/@e7qbf7/video/7604701753228938512	2026/02/09	经期按摩器	KB	@e7qbf7（已弃用）		赵雅如	墨西哥		0	0	¥0.00	¥0.00
https://www.tiktok.com/@ggrtyr1/video/7604824739739241748	2026/02/09	经期按摩器	BM	40-@ggrtyr1		刘茜	墨西哥		0	0	¥0.00	¥0.00
https://www.tiktok.com/@ggrtyr1/video/7604825197098568980	2026/02/09	经期按摩器	BM	40-@ggrtyr1		涂欣然	墨西哥		0	0	¥0.00	¥0.00
https://www.tiktok.com/@ggrtyr1/video/7604825567292181781	2026/02/09	经期按摩器	BM	40-@ggrtyr1		谢园园	墨西哥		0	0	¥0.00	¥0.00
https://www.tiktok.com/@ggrtyr1/video/7604825904279309589	2026/02/09	经期按摩器	BM	40-@ggrtyr1		谢园园	墨西哥		0	1	¥79.60	¥0.47
https://www.tiktok.com/@ggrtyr1/video/7604826121909128469	2026/02/09	经期按摩器	BM	40-@ggrtyr1		赵雅如	墨西哥		0	0	¥0.00	¥0.00
https://www.tiktok.com/@glidespindiaries/video/7604706771445222670	2026/02/09	数字项链	test	@glidespindiaries（已弃用）		谢园园	美国		293	0	¥0.00	¥0.00
https://www.tiktok.com/@glidespindiaries/video/7604707341405097229	2026/02/09	数字项链	test	@glidespindiaries（已弃用）		谢园园	美国		288	0	¥0.00	¥0.00
https://www.tiktok.com/@glidespindiaries/video/7604707663137541389	2026/02/09	数字项链	test	@glidespindiaries（已弃用）		涂欣然	美国		99	0	¥0.00	¥0.00
https://www.tiktok.com/@gracefulwheelsgirl/video/7604820287141547278	2026/02/09	兔毛毯	AI视频	07-@gracefulwheelsgirl		邵佳运	美国		109	0	¥0.00	¥0.00
https://www.tiktok.com/@hesonskates/video/7604819790674316558	2026/02/09	兔毛毯	AI视频	@hesonskates（已弃用）		邵佳运	美国		84	0	¥0.00	¥0.00
https://www.tiktok.com/@hhytrg0/video/7604826985264663829	2026/02/09	经期按摩器	KB	39-@hhytrg0		刘茜	墨西哥		0	0	¥0.00	¥0.00
https://www.tiktok.com/@hhytrg0/video/7604827710078143764	2026/02/09	经期按摩器	BM	39-@hhytrg0		涂欣然	墨西哥		0	0	¥0.00	¥0.00
https://www.tiktok.com/@hhytrg0/video/7604828011044556053	2026/02/09	经期按摩器	BM	39-@hhytrg0		涂欣然	墨西哥		0	0	¥0.00	¥0.00
https://www.tiktok.com/@hhytrg0/video/7604828360610467093	2026/02/09	经期按摩器	BM	39-@hhytrg0		谢园园	墨西哥		623	0	¥0.00	¥0.00
https://www.tiktok.com/@hhytrg0/video/7604828569910430997	2026/02/09	经期按摩器	KB	39-@hhytrg0		赵雅如	墨西哥		1,638	0	¥0.00	¥0.00
https://www.tiktok.com/@hisrollerjourneys/video/7604821378176535839	2026/02/09	兔毛毯	AI视频	05-@hisrollerjourneys		邵佳运	美国		368	0	¥0.00	¥0.00
https://www.tiktok.com/@hisrollroam/video/7604828744422788366	2026/02/09	兔毛毯	AI视频	14-@hisrollroam		邵佳运	美国		451	0	¥0.00	¥0.00
https://www.tiktok.com/@icebladefreedom/video/7604830927017020686	2026/02/09	兔毛毯	AI视频	12-@icebladefreedom		邵佳运	美国		319	0	¥0.00	¥0.00
https://www.tiktok.com/@iceglidevibes/video/7604829414878104846	2026/02/09	兔毛毯	AI视频	03-@iceglidevibes		邵佳运	美国		136	0	¥0.00	¥0.00
https://www.tiktok.com/@irx1sd1/video/7604692628390595856	2026/02/09	经期按摩器	KB	@irx1sd1（已弃用）		刘茜	墨西哥		0	0	¥0.00	¥0.00
https://www.tiktok.com/@irx1sd1/video/7604693152687033601	2026/02/09	经期按摩器	KB	@irx1sd1（已弃用）		涂欣然	墨西哥		0	0	¥0.00	¥0.00
https://www.tiktok.com/@irx1sd1/video/7604693482199895312	2026/02/09	经期按摩器	BM	@irx1sd1（已弃用）		涂欣然	墨西哥		0	0	¥0.00	¥0.00
https://www.tiktok.com/@irx1sd1/video/7604696559183285520	2026/02/09	经期按摩器	KB	@irx1sd1（已弃用）		谢园园	墨西哥		1,465	0	¥0.00	¥0.00
https://www.tiktok.com/@irx1sd1/video/7604696772207742224	2026/02/09	经期按摩器	KB	@irx1sd1（已弃用）		赵雅如	墨西哥		0	1	¥75.60	¥0.47
https://www.tiktok.com/@kkuytr0/video/7604824579084733717	2026/02/09	经期按摩器	BM	@kkuytr0（已弃用）		刘茜	墨西哥		0	0	¥0.00	¥0.00
https://www.tiktok.com/@kkuytr0/video/7604824901534469397	2026/02/09	经期按摩器	BM	@kkuytr0（已弃用）		涂欣然	墨西哥		0	0	¥0.00	¥0.00
https://www.tiktok.com/@kkuytr0/video/7604825235388419348	2026/02/09	经期按摩器	BM	@kkuytr0（已弃用）		谢园园	墨西哥		0	1	¥75.60	¥0.47
https://www.tiktok.com/@kkuytr0/video/7604825551894859028	2026/02/09	经期按摩器	KB	@kkuytr0（已弃用）		赵雅如	墨西哥		0	0	¥0.00	¥0.00
https://www.tiktok.com/@kkuytr0/video/7604825914685394197	2026/02/09	经期按摩器	BM	@kkuytr0（已弃用）		赵雅如	墨西哥		0	0	¥0.00	¥0.00
https://www.tiktok.com/@kkytr00/video/7604821882197642516	2026/02/09	经期按摩器	BM	@kkytr00（已弃用）		刘茜	墨西哥		0	0	¥0.00	¥0.00
https://www.tiktok.com/@kkytr00/video/7604822670009437460	2026/02/09	经期按摩器	BM	@kkytr00（已弃用）		涂欣然	墨西哥		0	0	¥0.00	¥0.00
https://www.tiktok.com/@kkytr00/video/7604822948687449364	2026/02/09	经期按摩器	BM	@kkytr00（已弃用）		谢园园	墨西哥		0	0	¥0.00	¥0.00
https://www.tiktok.com/@kkytr00/video/7604823657365490964	2026/02/09	经期按摩器	KB	@kkytr00（已弃用）		谢园园	墨西哥		0	0	¥0.00	¥0.00
https://www.tiktok.com/@kkytr00/video/7604824123939753237	2026/02/09	经期按摩器	KB	@kkytr00（已弃用）		赵雅如	墨西哥		0	0	¥0.00	¥0.00
https://www.tiktok.com/@la.negrita.1/video/7604820512400805134	2026/02/09	兔毛毯	AI视频	36-@la.negrita.1		邵佳运	美国		307	0	¥0.00	¥0.00
https://www.tiktok.com/@rawrollhisstyle/video/7604819728598584607	2026/02/09	兔毛毯	AI视频	08-@rawrollhisstyle		邵佳运	美国		187	0	¥0.00	¥0.00
https://www.tiktok.com/@rollerrebel0/video/7604830012063091981	2026/02/09	兔毛毯	AI视频	16-@rollerrebel0		邵佳运	美国		202	1	¥138.45	¥13.87
https://www.tiktok.com/@rollerrush0/video/7604708287082188045	2026/02/09	数字项链	test	@rollerrush0（已弃用）		谢园园	美国		305	0	¥0.00	¥0.00
https://www.tiktok.com/@rollerrush0/video/7604708643044379917	2026/02/09	数字项链	test	@rollerrush0（已弃用）		谢园园	美国		322	0	¥0.00	¥0.00
https://www.tiktok.com/@rollerrush0/video/7604708942177897741	2026/02/09	数字项链	test	@rollerrush0（已弃用）		涂欣然	美国		311	0	¥0.00	¥0.00
https://www.tiktok.com/@rollervibe2/video/7604825463055338782	2026/02/09	兔毛毯	AI视频	43-@rollervibe2		邵佳运	美国		999	1	¥103.97	¥16.32
https://www.tiktok.com/@rollervibe2/video/7604825994083585311	2026/02/09	兔毛毯	AI视频	43-@rollervibe2		邵佳运	美国		696	0	¥0.00	¥0.00
https://www.tiktok.com/@scvkwvn29752/video/7604697145077288208	2026/02/09	经期按摩器	KB	@scvkwvn29752（已弃用）		刘茜	墨西哥		0	1	¥72.00	¥2.25
https://www.tiktok.com/@scvkwvn29752/video/7604697763778956561	2026/02/09	经期按摩器	KB	@scvkwvn29752（已弃用）		涂欣然	墨西哥		0	0	¥0.00	¥0.00
https://www.tiktok.com/@scvkwvn29752/video/7604697917554838801	2026/02/09	经期按摩器	BM	@scvkwvn29752（已弃用）		涂欣然	墨西哥		0	0	¥0.00	¥0.00
https://www.tiktok.com/@scvkwvn29752/video/7604698425371806993	2026/02/09	经期按摩器	BM	@scvkwvn29752（已弃用）		谢园园	墨西哥		0	0	¥0.00	¥0.00
https://www.tiktok.com/@scvkwvn29752/video/7604698511279475969	2026/02/09	经期按摩器	KB	@scvkwvn29752（已弃用）		赵雅如	墨西哥		0	0	¥0.00	¥0.00
https://www.tiktok.com/@sherollsbright/video/7604832648929856781	2026/02/09	兔毛毯	AI视频	27-@sherollsbright		邵佳运	美国		151	0	¥0.00	¥0.00
https://www.tiktok.com/@sherollsbright/video/7604833266905910542	2026/02/09	兔毛毯	AI视频	27-@sherollsbright		邵佳运	美国		342	0	¥0.00	¥0.00
https://www.tiktok.com/@skateglowonice/video/7604819051830906125	2026/02/09	兔毛毯	AI视频	11-@skateglowonice		邵佳运	美国		319	0	¥0.00	¥0.00
https://www.tiktok.com/@skatejoynest/video/7604828288283970829	2026/02/09	兔毛毯	AI视频	34-@skatejoynest		邵佳运	美国		1,615	0	¥0.00	¥0.00
https://www.tiktok.com/@skaterollerodyssey/video/7604709527119777055	2026/02/09	数字项链	test	26-@skaterollerodssey		谢园园	美国		275	0	¥0.00	¥0.00
https://www.tiktok.com/@skaterollerodyssey/video/7604709979395853599	2026/02/09	数字项链	test	26-@skaterollerodssey		谢园园	美国		272	0	¥0.00	¥0.00
https://www.tiktok.com/@skaterollerodyssey/video/7604710307868708126	2026/02/09	数字项链	test	26-@skaterollerodssey		涂欣然	美国		340	0	¥0.00	¥0.00
https://www.tiktok.com/@skatestride/video/7604831819401317662	2026/02/09	兔毛毯	AI视频	@skatestride（已弃用）		邵佳运	美国		418	0	¥0.00	¥0.00
https://www.tiktok.com/@skateunboundtales/video/7604818564608052511	2026/02/09	兔毛毯	AI视频	42-@skateunboundtales		邵佳运	美国		1,231	0	¥0.00	¥0.00
https://www.tiktok.com/@skateunboundvibes/video/7604827238432918814	2026/02/09	兔毛毯	AI视频	19-@skateunboundvibes		邵佳运	美国		434	0	¥0.00	¥0.00
https://www.tiktok.com/@skateunboundvibes/video/7604827864671751454	2026/02/09	兔毛毯	AI视频	19-@skateunboundvibes		邵佳运	美国		472	0	¥0.00	¥0.00
https://www.tiktok.com/@styleviralfinds/video/7604818970637602079	2026/02/09	兔毛毯	AI视频	30-@styleviralfinds		邵佳运	美国		77	0	¥0.00	¥0.00
https://www.tiktok.com/@xfjb8xuel5/video/7604702506731490568	2026/02/09	经期按摩器	BM	@xfjb8xuel5（已弃用）		刘茜	墨西哥		0	0	¥0.00	¥0.00
https://www.tiktok.com/@xfjb8xuel5/video/7604702824361987335	2026/02/09	经期按摩器	BM	@xfjb8xuel5（已弃用）		涂欣然	墨西哥		0	0	¥0.00	¥0.00
https://www.tiktok.com/@xfjb8xuel5/video/7604703199932534024	2026/02/09	经期按摩器	BM	@xfjb8xuel5（已弃用）		谢园园	墨西哥		0	1	¥79.80	¥0.50
https://www.tiktok.com/@xfjb8xuel5/video/7604703458196753672	2026/02/09	经期按摩器	KB	@xfjb8xuel5（已弃用）		赵雅如	墨西哥		0	0	¥0.00	¥0.00
https://www.tiktok.com/@xfjb8xuel5/video/7604703673771461895	2026/02/09	经期按摩器	BM	@xfjb8xuel5（已弃用）		赵雅如	墨西哥		0	0	¥0.00	¥0.00
https://www.tiktok.com/@akbah68/video/7605072817394158864	2026/02/10	经期按摩器	KB	@akbah68（已弃用）		刘茜	墨西哥		0	0	¥0.00	¥0.00
https://www.tiktok.com/@akbah68/video/7605073179043810577	2026/02/10	经期按摩器	BM	@akbah68（已弃用）		涂欣然	墨西哥		0	0	¥0.00	¥0.00
https://www.tiktok.com/@akbah68/video/7605075435361242369	2026/02/10	经期按摩器	BM	@akbah68（已弃用）		谢园园	墨西哥		0	0	¥0.00	¥0.00
https://www.tiktok.com/@c03vfgqsr0/video/7605077531707952405	2026/02/10	经期按摩器	KB	@c03vfgqsr0（已弃用）		刘茜	墨西哥		0	0	¥0.00	¥0.00
https://www.tiktok.com/@c03vfgqsr0/video/7605077999368604948	2026/02/10	经期按摩器	BM	@c03vfgqsr0（已弃用）		涂欣然	墨西哥		0	0	¥0.00	¥0.00
https://www.tiktok.com/@c03vfgqsr0/video/7605078232567778580	2026/02/10	经期按摩器	KB	@c03vfgqsr0（已弃用）		赵雅如	墨西哥		0	0	¥0.00	¥0.00
https://www.tiktok.com/@chen36239/video/7605218627565980942	2026/02/10	驱鼠球	AI视频	35-@chen36239		邵佳运	美国		965	1	¥142.73	¥0.00
https://www.tiktok.com/@dch6ck6937/video/7605084715032333585	2026/02/10	经期按摩器	BM	@dch6ck6937（已弃用）		公司	墨西哥		0	0	¥0.00	¥0.00
https://www.tiktok.com/@dch6ck6937/video/7605085050220186897	2026/02/10	经期按摩器	KB	@dch6ck6937（已弃用）		谢园园	墨西哥		0	0	¥0.00	¥0.00
https://www.tiktok.com/@dch6ck6937/video/7605085617965321488	2026/02/10	经期按摩器	KB	@dch6ck6937（已弃用）		赵雅如	墨西哥		0	0	¥0.00	¥0.00
https://www.tiktok.com/@e7qbf7/video/7605081241217469712	2026/02/10	经期按摩器	KB	@e7qbf7（已弃用）		刘茜	墨西哥		0	0	¥0.00	¥0.00
https://www.tiktok.com/@e7qbf7/video/7605081514937797889	2026/02/10	经期按摩器	BM	@e7qbf7（已弃用）		涂欣然	墨西哥		0	0	¥0.00	¥0.00
https://www.tiktok.com/@e7qbf7/video/7605081795717090576	2026/02/10	经期按摩器	KB	@e7qbf7（已弃用）		赵雅如	墨西哥		0	0	¥0.00	¥0.00
https://www.tiktok.com/@ggrtyr1/video/7605090044881161492	2026/02/10	经期按摩器	BM	40-@ggrtyr1		公司	墨西哥		0	0	¥0.00	¥0.00
https://www.tiktok.com/@ggrtyr1/video/7605090395822787860	2026/02/10	经期按摩器	BM	40-@ggrtyr1		谢园园	墨西哥		0	0	¥0.00	¥0.00
https://www.tiktok.com/@ggrtyr1/video/7605090582221917460	2026/02/10	经期按摩器	KB	40-@ggrtyr1		赵雅如	墨西哥		0	0	¥0.00	¥0.00
https://www.tiktok.com/@glidespindiaries/video/7605091559800835342	2026/02/10	数字项链	test	@glidespindiaries（已弃用）		谢园园	美国		310	1	¥217.46	¥1.77
https://www.tiktok.com/@glidespindiaries/video/7605092214884060430	2026/02/10	数字项链	test	@glidespindiaries（已弃用）		涂欣然	美国		310	0	¥0.00	¥0.00
https://www.tiktok.com/@hesonskates/video/7605190194463034637	2026/02/10	驱鼠球	AI视频	@hesonskates（已弃用）		邵佳运	美国		146	0	¥0.00	¥0.00
https://www.tiktok.com/@hhytrg0/video/7605089024205868309	2026/02/10	经期按摩器	BM	39-@hhytrg0		公司	墨西哥		0	0	¥0.00	¥0.00
https://www.tiktok.com/@hhytrg0/video/7605089376309087508	2026/02/10	经期按摩器	BM	39-@hhytrg0		谢园园	墨西哥		0	0	¥0.00	¥0.00
https://www.tiktok.com/@hhytrg0/video/7605089624880467220	2026/02/10	经期按摩器	KB	39-@hhytrg0		赵雅如	墨西哥		0	0	¥0.00	¥0.00
https://www.tiktok.com/@hisrollerjourneys/video/7605162718844275999	2026/02/10	驱鼠球	AI视频	05-@hisrollerjourneys		邵佳运	美国		1,439	0	¥0.00	¥0.00
https://www.tiktok.com/@hisrollroam/video/7605212368418704653	2026/02/10	驱鼠球	AI视频	14-@hisrollroam		邵佳运	美国		507	0	¥0.00	¥0.00
https://www.tiktok.com/@icebladefreedom/video/7605219681875528974	2026/02/10	驱鼠球	AI视频	12-@icebladefreedom		邵佳运	美国		1,584	1	¥169.93	¥20.40
https://www.tiktok.com/@iceglidevibes/video/7605219264055758094	2026/02/10	驱鼠球	AI视频	03-@iceglidevibes		邵佳运	美国		587	0	¥0.00	¥0.00
https://www.tiktok.com/@irx1sd1/video/7605078418866146561	2026/02/10	经期按摩器	BM	@irx1sd1（已弃用）		刘茜	墨西哥		0	0	¥0.00	¥0.00
https://www.tiktok.com/@irx1sd1/video/7605078817132055825	2026/02/10	经期按摩器	KB	@irx1sd1（已弃用）		刘茜	墨西哥		0	0	¥0.00	¥0.00
https://www.tiktok.com/@irx1sd1/video/7605079451818347792	2026/02/10	经期按摩器	BM	@irx1sd1（已弃用）		涂欣然	墨西哥		0	0	¥0.00	¥0.00
https://www.tiktok.com/@jsbclm7/video/7605181778797595921	2026/02/10	经期按摩器	BM	@jsbclm7（已弃用）		刘茜	墨西哥		0	0	¥0.00	¥0.00
https://www.tiktok.com/@jsbclm7/video/7605181889128828177	2026/02/10	经期按摩器	BM	@jsbclm7（已弃用）		涂欣然	墨西哥		0	0	¥0.00	¥0.00
https://www.tiktok.com/@jsbclm7/video/7605182343338396945	2026/02/10	经期按摩器	BM	@jsbclm7（已弃用）		谢园园	墨西哥		0	0	¥0.00	¥0.00
https://www.tiktok.com/@kkuytr0/video/7605076147298192661	2026/02/10	经期按摩器	KB	@kkuytr0（已弃用）		刘茜	墨西哥		0	0	¥0.00	¥0.00
https://www.tiktok.com/@kkuytr0/video/7605076392920993045	2026/02/10	经期按摩器	BM	@kkuytr0（已弃用）		涂欣然	墨西哥		0	0	¥0.00	¥0.00
https://www.tiktok.com/@kkuytr0/video/7605076657380035861	2026/02/10	经期按摩器	KB	@kkuytr0（已弃用）		赵雅如	墨西哥		0	0	¥0.00	¥0.00
https://www.tiktok.com/@kkytr00/video/7605083399530761493	2026/02/10	经期按摩器	BM	@kkytr00（已弃用）		刘茜	墨西哥		0	0	¥0.00	¥0.00
https://www.tiktok.com/@kkytr00/video/7605083755421748501	2026/02/10	经期按摩器	KB	@kkytr00（已弃用）		谢园园	墨西哥		0	0	¥0.00	¥0.00
https://www.tiktok.com/@kkytr00/video/7605083938519813397	2026/02/10	经期按摩器	KB	@kkytr00（已弃用）		赵雅如	墨西哥		0	0	¥0.00	¥0.00
https://www.tiktok.com/@la.negrita.1/video/7605212953641487629	2026/02/10	驱鼠球	AI视频	36-@la.negrita.1		邵佳运	美国		478	0	¥0.00	¥0.00
https://www.tiktok.com/@rawrollhisstyle/video/7605183454782704926	2026/02/10	驱鼠球	AI视频	08-@rawrollhisstyle		邵佳运	美国		608	0	¥0.00	¥0.00
https://www.tiktok.com/@rollerrebel0/video/7605220511005658381	2026/02/10	驱鼠球	AI视频	16-@rollerrebel0		邵佳运	美国		804	3	¥494.63	¥61.20
https://www.tiktok.com/@rollerrush0/video/7605092764472053005	2026/02/10	数字项链	test	@rollerrush0（已弃用）		谢园园	美国		295	0	¥0.00	¥0.00
https://www.tiktok.com/@rollerrush0/video/7605093217792544014	2026/02/10	数字项链	test	@rollerrush0（已弃用）		涂欣然	美国		378	0	¥0.00	¥0.00
https://www.tiktok.com/@rollerrush0/video/7605094399944445197	2026/02/10	数字项链	test	@rollerrush0（已弃用）		涂欣然	美国		375	0	¥0.00	¥0.00
https://www.tiktok.com/@rollervibe2/video/7605212680768572703	2026/02/10	驱鼠球	AI视频	43-@rollervibe2		邵佳运	美国		11,182	3	¥518.87	¥61.17
https://www.tiktok.com/@scvkwvn29752/video/7605079852978359568	2026/02/10	经期按摩器	KB	@scvkwvn29752（已弃用）		刘茜	墨西哥		0	0	¥0.00	¥0.00
https://www.tiktok.com/@scvkwvn29752/video/7605080161796525313	2026/02/10	经期按摩器	BM	@scvkwvn29752（已弃用）		涂欣然	墨西哥		0	0	¥0.00	¥0.00
https://www.tiktok.com/@scvkwvn29752/video/7605080779378461968	2026/02/10	经期按摩器	BM	@scvkwvn29752（已弃用）		谢园园	墨西哥		0	0	¥0.00	¥0.00
https://www.tiktok.com/@sherollsbright/video/7605163315043650830	2026/02/10	驱鼠球	AI视频	27-@sherollsbright		邵佳运	美国		2,983	2	¥367.06	¥44.06
https://www.tiktok.com/@skatejoynest/video/7605163395079261454	2026/02/10	驱鼠球	AI视频	34-@skatejoynest		邵佳运	美国		2,323	4	¥706.93	¥84.26
https://www.tiktok.com/@skaterollerodyssey/video/7605093381005446430	2026/02/10	数字项链	test	26-@skaterollerodssey		谢园园	美国		330	0	¥0.00	¥0.00
https://www.tiktok.com/@skaterollerodyssey/video/7605093702331125023	2026/02/10	数字项链	test	26-@skaterollerodssey		涂欣然	美国		307	0	¥0.00	¥0.00
https://www.tiktok.com/@skaterollerodyssey/video/7605094249842904351	2026/02/10	数字项链	test	26-@skaterollerodssey		涂欣然	美国		302	0	¥0.00	¥0.00
https://www.tiktok.com/@skateunboundtales/video/7605163406924041503	2026/02/10	驱鼠球	AI视频	42-@skateunboundtales		邵佳运	美国		1,487	0	¥0.00	¥0.00
https://www.tiktok.com/@skateunboundtales/video/7605219245500255519	2026/02/10	驱鼠球	AI视频	42-@skateunboundtales		邵佳运	美国		857	0	¥0.00	¥0.00
https://www.tiktok.com/@skateunboundvibes/video/7605218610088348958	2026/02/10	驱鼠球	AI视频	19-@skateunboundvibes		邵佳运	美国		97,336	59	¥9,652.68	¥1,208.07
https://www.tiktok.com/@styleviralfinds/video/7605220905920351518	2026/02/10	驱鼠球	AI视频	30-@styleviralfinds		邵佳运	美国		87	0	¥0.00	¥0.00
https://www.tiktok.com/@xfjb8xuel5/video/7605082511751777554	2026/02/10	经期按摩器	BM	@xfjb8xuel5（已弃用）		涂欣然	墨西哥		0	0	¥0.00	¥0.00
https://www.tiktok.com/@xfjb8xuel5/video/7605082893915917576	2026/02/10	经期按摩器	BM	@xfjb8xuel5（已弃用）		谢园园	墨西哥		0	0	¥0.00	¥0.00
https://www.tiktok.com/@xfjb8xuel5/video/7605083052036902151	2026/02/10	经期按摩器	KB	@xfjb8xuel5（已弃用）		赵雅如	墨西哥		0	0	¥0.00	¥0.00
https://www.tiktok.com/@akbah68/video/7605446465078512912	2026/02/11	经期按摩器	BM	@akbah68（已弃用）		刘茜	墨西哥		0	0	¥0.00	¥0.00
https://www.tiktok.com/@akbah68/video/7605446486066875665	2026/02/11	经期按摩器	BM	@akbah68（已弃用）		涂欣然	墨西哥		0	0	¥0.00	¥0.00
https://www.tiktok.com/@akbah68/video/7605446540102012177	2026/02/11	经期按摩器	BM	@akbah68（已弃用）		谢园园	墨西哥		0	0	¥0.00	¥0.00
https://www.tiktok.com/@c03vfgqsr0/video/7605447959727082773	2026/02/11	经期按摩器	BM	@c03vfgqsr0（已弃用）		刘茜	墨西哥		0	0	¥0.00	¥0.00
https://www.tiktok.com/@c03vfgqsr0/video/7605448019642780949	2026/02/11	经期按摩器	BM	@c03vfgqsr0（已弃用）		涂欣然	墨西哥		0	0	¥0.00	¥0.00
https://www.tiktok.com/@c03vfgqsr0/video/7605448051167235348	2026/02/11	经期按摩器	BM	@c03vfgqsr0（已弃用）		谢园园	墨西哥		0	0	¥0.00	¥0.00
https://www.tiktok.com/@dch6ck6937/video/7605454536320240897	2026/02/11	经期按摩器	BM	@dch6ck6937（已弃用）		涂欣然	墨西哥		0	0	¥0.00	¥0.00
https://www.tiktok.com/@dch6ck6937/video/7605454580226247937	2026/02/11	经期按摩器	BM	@dch6ck6937（已弃用）		谢园园	墨西哥		0	0	¥0.00	¥0.00
https://www.tiktok.com/@dch6ck6937/video/7605454906123668737	2026/02/11	经期按摩器	KB	@dch6ck6937（已弃用）		赵雅如	墨西哥		0	0	¥0.00	¥0.00
https://www.tiktok.com/@e7qbf7/video/7605450750965157137	2026/02/11	经期按摩器	KB	@e7qbf7（已弃用）		刘茜	墨西哥		0	0	¥0.00	¥0.00
https://www.tiktok.com/@e7qbf7/video/7605450784997723393	2026/02/11	经期按摩器	BM	@e7qbf7（已弃用）		谢园园	墨西哥		0	0	¥0.00	¥0.00
https://www.tiktok.com/@e7qbf7/video/7605450807516908816	2026/02/11	经期按摩器	KB	@e7qbf7（已弃用）		赵雅如	墨西哥		0	0	¥0.00	¥0.00
https://www.tiktok.com/@ggrtyr1/video/7605457076302794005	2026/02/11	经期按摩器	BM	40-@ggrtyr1		涂欣然	墨西哥		0	0	¥0.00	¥0.00
https://www.tiktok.com/@ggrtyr1/video/7605457099518119188	2026/02/11	经期按摩器	BM	40-@ggrtyr1		谢园园	墨西哥		0	0	¥0.00	¥0.00
https://www.tiktok.com/@ggrtyr1/video/7605457127838174485	2026/02/11	经期按摩器	KB	40-@ggrtyr1		赵雅如	墨西哥		0	0	¥0.00	¥0.00
https://www.tiktok.com/@glidespindiaries/video/7605091932213087502	2026/02/11	数字项链	test	@glidespindiaries（已弃用）		谢园园	美国		56	0	¥0.00	¥0.00
https://www.tiktok.com/@hhytrg0/video/7605456269226298644	2026/02/11	经期按摩器	BM	39-@hhytrg0		涂欣然	墨西哥		0	0	¥0.00	¥0.00
https://www.tiktok.com/@hhytrg0/video/7605456284913011989	2026/02/11	经期按摩器	BM	39-@hhytrg0		谢园园	墨西哥		0	0	¥0.00	¥0.00
https://www.tiktok.com/@hhytrg0/video/7605456315430866196	2026/02/11	经期按摩器	KB	39-@hhytrg0		赵雅如	墨西哥		0	0	¥0.00	¥0.00
https://www.tiktok.com/@hisrollroam/video/7605851041401146637	2026/02/11	驱鼠球	AI视频	14-@hisrollroam		邵佳运	美国		4,874	1	¥169.93	¥20.40
https://www.tiktok.com/@irx1sd1/video/7605448752219966721	2026/02/11	经期按摩器	BM	@irx1sd1（已弃用）		刘茜	墨西哥		0	0	¥0.00	¥0.00
https://www.tiktok.com/@irx1sd1/video/7605448795291192593	2026/02/11	经期按摩器	BM	@irx1sd1（已弃用）		涂欣然	墨西哥		0	0	¥0.00	¥0.00
https://www.tiktok.com/@irx1sd1/video/7605448796616658193	2026/02/11	经期按摩器	BM	@irx1sd1（已弃用）		赵雅如	墨西哥		0	0	¥0.00	¥0.00
https://www.tiktok.com/@jsbclm7/video/7605449407210720529	2026/02/11	经期按摩器	KB	@jsbclm7（已弃用）		刘茜	墨西哥		0	0	¥0.00	¥0.00
https://www.tiktok.com/@jsbclm7/video/7605449446788222224	2026/02/11	经期按摩器	BM	@jsbclm7（已弃用）		涂欣然	墨西哥		0	1	¥82.81	¥0.51
https://www.tiktok.com/@jsbclm7/video/7605449485937904897	2026/02/11	经期按摩器	BM	@jsbclm7（已弃用）		赵雅如	墨西哥		0	3	¥248.43	¥1.52
https://www.tiktok.com/@kkuytr0/video/7605447372793023765	2026/02/11	经期按摩器	BM	@kkuytr0（已弃用）		刘茜	墨西哥		0	0	¥0.00	¥0.00
https://www.tiktok.com/@kkuytr0/video/7605447381261323540	2026/02/11	经期按摩器	BM	@kkuytr0（已弃用）		涂欣然	墨西哥		0	0	¥0.00	¥0.00
https://www.tiktok.com/@kkuytr0/video/7605447412676627732	2026/02/11	经期按摩器	BM	@kkuytr0（已弃用）		谢园园	墨西哥		0	0	¥0.00	¥0.00
https://www.tiktok.com/@kkytr00/video/7605452575600577812	2026/02/11	经期按摩器	KB	@kkytr00（已弃用）		刘茜	墨西哥		0	0	¥0.00	¥0.00
https://www.tiktok.com/@kkytr00/video/7605453087138090261	2026/02/11	经期按摩器	BM	@kkytr00（已弃用）		谢园园	墨西哥		0	0	¥0.00	¥0.00
https://www.tiktok.com/@kkytr00/video/7605453107853626644	2026/02/11	经期按摩器	KB	@kkytr00（已弃用）		赵雅如	墨西哥		0	0	¥0.00	¥0.00
https://www.tiktok.com/@rollerrush0/video/7605462961884302606	2026/02/11	数字项链	test	@rollerrush0（已弃用）		谢园园	美国		358	0	¥0.00	¥0.00
https://www.tiktok.com/@rollerrush0/video/7605464328979991822	2026/02/11	数字项链	test	@rollerrush0（已弃用）		谢园园	美国		32	0	¥0.00	¥0.00
https://www.tiktok.com/@rollerrush0/video/7605464748687199502	2026/02/11	数字项链	test	@rollerrush0（已弃用）		涂欣然	美国		361	0	¥0.00	¥0.00
https://www.tiktok.com/@rollervibe2/video/7605847211586358558	2026/02/11	驱鼠球	AI视频	43-@rollervibe2		邵佳运	美国		19,290	45	¥7,208.34	¥908.20
https://www.tiktok.com/@scvkwvn29752/video/7605450143025990928	2026/02/11	经期按摩器	BM	@scvkwvn29752（已弃用）		涂欣然	墨西哥		0	0	¥0.00	¥0.00
https://www.tiktok.com/@scvkwvn29752/video/7605450143663475984	2026/02/11	经期按摩器	KB	@scvkwvn29752（已弃用）		刘茜	墨西哥		0	0	¥0.00	¥0.00
https://www.tiktok.com/@scvkwvn29752/video/7605450166828682512	2026/02/11	经期按摩器	KB	@scvkwvn29752（已弃用）		赵雅如	墨西哥		0	2	¥135.32	¥0.94
https://www.tiktok.com/@skatejoynest/video/7605847086000508174	2026/02/11	驱鼠球	AI视频	34-@skatejoynest		邵佳运	美国		1,157,766	1,779	¥277,161.47	¥35,730.75
https://www.tiktok.com/@skaterollerodyssey/video/7605463926708440350	2026/02/11	数字项链	test	26-@skaterollerodssey		谢园园	美国		404	1	¥217.46	¥1.77
https://www.tiktok.com/@skaterollerodyssey/video/7605465578089762079	2026/02/11	数字项链	test	26-@skaterollerodssey		涂欣然	美国		420	0	¥0.00	¥0.00
https://www.tiktok.com/@skaterollerodyssey/video/7605465850686033183	2026/02/11	数字项链	test	26-@skaterollerodssey		涂欣然	美国		362	0	¥0.00	¥0.00
https://www.tiktok.com/@xfjb8xuel5/video/7605451982622444807	2026/02/11	经期按摩器	KB	@xfjb8xuel5（已弃用）		刘茜	墨西哥		0	0	¥0.00	¥0.00
https://www.tiktok.com/@xfjb8xuel5/video/7605452019888852231	2026/02/11	经期按摩器	BM	@xfjb8xuel5（已弃用）		谢园园	墨西哥		0	0	¥0.00	¥0.00
https://www.tiktok.com/@xfjb8xuel5/video/7605452044664638738	2026/02/11	经期按摩器	KB	@xfjb8xuel5（已弃用）		赵雅如	墨西哥		0	0	¥0.00	¥0.00
https://www.tiktok.com/@akbah68/video/7605814353169829137	2026/02/12	经期按摩器	BM	@akbah68（已弃用）		公司	墨西哥		0	0	¥0.00	¥0.00
https://www.tiktok.com/@akbah68/video/7605814394383043841	2026/02/12	经期按摩器	BM	@akbah68（已弃用）		刘茜	墨西哥		0	0	¥0.00	¥0.00
https://www.tiktok.com/@akbah68/video/7605814488108911873	2026/02/12	经期按摩器	BM	@akbah68（已弃用）		谢园园	墨西哥		0	0	¥0.00	¥0.00
https://www.tiktok.com/@c03vfgqsr0/video/7605822431634246933	2026/02/12	经期按摩器	BM	@c03vfgqsr0（已弃用）		涂欣然	墨西哥		0	0	¥0.00	¥0.00
https://www.tiktok.com/@c03vfgqsr0/video/7605822441511783700	2026/02/12	经期按摩器	BM	@c03vfgqsr0（已弃用）		公司	墨西哥		0	0	¥0.00	¥0.00
https://www.tiktok.com/@c03vfgqsr0/video/7605822499061779732	2026/02/12	经期按摩器	BM	@c03vfgqsr0（已弃用）		谢园园	墨西哥		0	0	¥0.00	¥0.00
https://www.tiktok.com/@dch6ck6937/video/7605828373142670608	2026/02/12	经期按摩器	BM	@dch6ck6937（已弃用）		谢园园	墨西哥		0	0	¥0.00	¥0.00
https://www.tiktok.com/@dch6ck6937/video/7605828456852557073	2026/02/12	经期按摩器	BM	@dch6ck6937（已弃用）		刘茜	墨西哥		0	0	¥0.00	¥0.00
https://www.tiktok.com/@dch6ck6937/video/7605828486673992961	2026/02/12	经期按摩器	BM	@dch6ck6937（已弃用）		赵雅如	墨西哥		0	0	¥0.00	¥0.00
https://www.tiktok.com/@e7qbf7/video/7605826230104935696	2026/02/12	经期按摩器	KB	@e7qbf7（已弃用）		公司	墨西哥		0	0	¥0.00	¥0.00
https://www.tiktok.com/@e7qbf7/video/7605826504462781712	2026/02/12	经期按摩器	BM	@e7qbf7（已弃用）		涂欣然	墨西哥		0	0	¥0.00	¥0.00
https://www.tiktok.com/@e7qbf7/video/7605826521420418321	2026/02/12	经期按摩器	BM	@e7qbf7（已弃用）		赵雅如	墨西哥		0	0	¥0.00	¥0.00
https://www.tiktok.com/@ggrtyr1/video/7605829936959458580	2026/02/12	经期按摩器	BM	40-@ggrtyr1		刘茜	墨西哥		0	0	¥0.00	¥0.00
https://www.tiktok.com/@ggrtyr1/video/7605829947386531093	2026/02/12	经期按摩器	BM	40-@ggrtyr1		谢园园	墨西哥		0	0	¥0.00	¥0.00
https://www.tiktok.com/@ggrtyr1/video/7605829954776927509	2026/02/12	经期按摩器	BM	40-@ggrtyr1		赵雅如	墨西哥		0	0	¥0.00	¥0.00
https://www.tiktok.com/@glidespindiaries/video/7605462754262076685	2026/02/12	数字项链	test	@glidespindiaries（已弃用）		谢园园	美国		435	0	¥0.00	¥0.00
https://www.tiktok.com/@glidespindiaries/video/7605463155162090766	2026/02/12	数字项链	test	@glidespindiaries（已弃用）		谢园园	美国		27	0	¥0.00	¥0.00
https://www.tiktok.com/@glidespindiaries/video/7605463631425293582	2026/02/12	数字项链	test	@glidespindiaries（已弃用）		涂欣然	美国		447	0	¥0.00	¥0.00
https://www.tiktok.com/@gracefulwheelsgirl/video/7605851062234270990	2026/02/12	驱鼠球	AI视频	07-@gracefulwheelsgirl		邵佳运	美国		597	0	¥0.00	¥0.00
https://www.tiktok.com/@hesonskates/video/7605851049278131469	2026/02/12	驱鼠球	AI视频	@hesonskates（已弃用）		邵佳运	美国		471	0	¥0.00	¥0.00
https://www.tiktok.com/@hesonskates/video/7605899779641560333	2026/02/12	驱鼠球	AI视频	@hesonskates（已弃用）		邵佳运	美国		331	0	¥0.00	¥0.00
https://www.tiktok.com/@hhytrg0/video/7605829310049537300	2026/02/12	经期按摩器	BM	39-@hhytrg0		刘茜	墨西哥		0	0	¥0.00	¥0.00
https://www.tiktok.com/@hhytrg0/video/7605829329548791061	2026/02/12	经期按摩器	BM	39-@hhytrg0		谢园园	墨西哥		0	0	¥0.00	¥0.00
https://www.tiktok.com/@hhytrg0/video/7605829356379720981	2026/02/12	经期按摩器	BM	39-@hhytrg0		赵雅如	墨西哥		0	0	¥0.00	¥0.00
https://www.tiktok.com/@hisrollroam/video/7605923655201066254	2026/02/12	驱鼠球	AI视频	14-@hisrollroam		邵佳运	美国		3,346	1	¥145.79	¥20.40
https://www.tiktok.com/@icebladefreedom/video/7605850850258357518	2026/02/12	驱鼠球	AI视频	12-@icebladefreedom		邵佳运	美国		385	0	¥0.00	¥0.00
https://www.tiktok.com/@irx1sd1/video/7605822880391154945	2026/02/12	经期按摩器	BM	@irx1sd1（已弃用）		公司	墨西哥		0	0	¥0.00	¥0.00
https://www.tiktok.com/@irx1sd1/video/7605822893506825489	2026/02/12	经期按摩器	BM	@irx1sd1（已弃用）		谢园园	墨西哥		0	0	¥0.00	¥0.00
https://www.tiktok.com/@irx1sd1/video/7605822924439735553	2026/02/12	经期按摩器	BM	@irx1sd1（已弃用）		涂欣然	墨西哥		0	0	¥0.00	¥0.00
https://www.tiktok.com/@jsbclm7/video/7605824847108705537	2026/02/12	经期按摩器	BM	@jsbclm7（已弃用）		公司	墨西哥		0	0	¥0.00	¥0.00
https://www.tiktok.com/@jsbclm7/video/7605824934148869377	2026/02/12	经期按摩器	BM	@jsbclm7（已弃用）		涂欣然	墨西哥		0	0	¥0.00	¥0.00
https://www.tiktok.com/@jsbclm7/video/7605824956856814849	2026/02/12	经期按摩器	BM	@jsbclm7（已弃用）		赵雅如	墨西哥		0	0	¥0.00	¥0.00
https://www.tiktok.com/@kkuytr0/video/7605821625270897940	2026/02/12	经期按摩器	BM	@kkuytr0（已弃用）		公司	墨西哥		0	0	¥0.00	¥0.00
https://www.tiktok.com/@kkuytr0/video/7605821657520885012	2026/02/12	经期按摩器	BM	@kkuytr0（已弃用）		刘茜	墨西哥		0	0	¥0.00	¥0.00
https://www.tiktok.com/@kkuytr0/video/7605821678584597781	2026/02/12	经期按摩器	BM	@kkuytr0（已弃用）		谢园园	墨西哥		0	0	¥0.00	¥0.00
https://www.tiktok.com/@kkytr00/video/7605828068539780373	2026/02/12	经期按摩器	BM	@kkytr00（已弃用）		涂欣然	墨西哥		0	0	¥0.00	¥0.00
https://www.tiktok.com/@kkytr00/video/7605828070754356500	2026/02/12	经期按摩器	BM	@kkytr00（已弃用）		刘茜	墨西哥		0	0	¥0.00	¥0.00
https://www.tiktok.com/@kkytr00/video/7605828093269298453	2026/02/12	经期按摩器	BM	@kkytr00（已弃用）		赵雅如	墨西哥		0	0	¥0.00	¥0.00
https://www.tiktok.com/@la.negrita.1/video/7605850731152788749	2026/02/12	驱鼠球	AI视频	36-@la.negrita.1		邵佳运	美国		655	0	¥0.00	¥0.00
https://www.tiktok.com/@la.negrita.1/video/7605854272550456589	2026/02/12	驱鼠球	AI视频	36-@la.negrita.1		邵佳运	美国		590	0	¥0.00	¥0.00
https://www.tiktok.com/@rawrollhisstyle/video/7605921804531649822	2026/02/12	驱鼠球	AI视频	08-@rawrollhisstyle		邵佳运	美国		617	0	¥0.00	¥0.00
https://www.tiktok.com/@rollerrush0/video/7605834233814273294	2026/02/12	数字项链	test	@rollerrush0（已弃用）		涂欣然	美国		372	0	¥0.00	¥0.00
https://www.tiktok.com/@rollervibe2/video/7605899733348945182	2026/02/12	驱鼠球	AI视频	43-@rollervibe2		邵佳运	美国		675,528	519	¥81,778.77	¥10,151.36
https://www.tiktok.com/@scvkwvn29752/video/7605825618927750416	2026/02/12	经期按摩器	BM	@scvkwvn29752（已弃用）		赵雅如	墨西哥		0	0	¥0.00	¥0.00
https://www.tiktok.com/@scvkwvn29752/video/7605825800582991120	2026/02/12	经期按摩器	KB	@scvkwvn29752（已弃用）		公司	墨西哥		0	0	¥0.00	¥0.00
https://www.tiktok.com/@scvkwvn29752/video/7605825812750781697	2026/02/12	经期按摩器	BM	@scvkwvn29752（已弃用）		涂欣然	墨西哥		0	0	¥0.00	¥0.00
https://www.tiktok.com/@sherollsbright/video/7605847214241385742	2026/02/12	驱鼠球	AI视频	27-@sherollsbright		邵佳运	美国		273	0	¥0.00	¥0.00
https://www.tiktok.com/@sherollsbright/video/7605899692739693838	2026/02/12	驱鼠球	AI视频	27-@sherollsbright		邵佳运	美国		735	0	¥0.00	¥0.00
https://www.tiktok.com/@skatejoynest/video/7605899783089212686	2026/02/12	驱鼠球	AI视频	34-@skatejoynest		邵佳运	美国		247,142	257	¥42,721.41	¥5,161.34
https://www.tiktok.com/@skaterollerodyssey/video/7605834301887827230	2026/02/12	数字项链	test	26-@skaterollerodssey		涂欣然	美国		340	0	¥0.00	¥0.00
https://www.tiktok.com/@skatestride/video/7605921677448400159	2026/02/12	驱鼠球	AI视频	@skatestride（已弃用）		邵佳运	美国		734	0	¥0.00	¥0.00
https://www.tiktok.com/@skatestride/video/7605922081833798943	2026/02/12	驱鼠球	AI视频	@skatestride（已弃用）		邵佳运	美国		905	0	¥0.00	¥0.00
https://www.tiktok.com/@skateunboundtales/video/7605921914229443871	2026/02/12	驱鼠球	AI视频	42-@skateunboundtales		邵佳运	美国		2,577	0	¥0.00	¥0.00
https://www.tiktok.com/@skateunboundvibes/video/7605921791625809183	2026/02/12	驱鼠球	AI视频	19-@skateunboundvibes		赵永琦	美国		792	0	¥0.00	¥0.00
https://www.tiktok.com/@skateunboundvibes/video/7605942097803300126	2026/02/12	驱鼠球	AI视频	19-@skateunboundvibes		赵永琦	美国		44,595	27	¥4,436.43	¥547.24
https://www.tiktok.com/@styleviralfinds/video/7605850971620642079	2026/02/12	驱鼠球	AI视频	30-@styleviralfinds		邵佳运	美国		80	0	¥0.00	¥0.00
https://www.tiktok.com/@styleviralfinds/video/7605933025225985310	2026/02/12	驱鼠球	AI视频	30-@styleviralfinds		邵佳运	美国		817	1	¥169.93	¥0.00
https://www.tiktok.com/@xfjb8xuel5/video/7605827358431497480	2026/02/12	经期按摩器	BM	@xfjb8xuel5（已弃用）		刘茜	墨西哥		0	0	¥0.00	¥0.00
https://www.tiktok.com/@xfjb8xuel5/video/7605827394120715527	2026/02/12	经期按摩器	BM	@xfjb8xuel5（已弃用）		涂欣然	墨西哥		0	0	¥0.00	¥0.00
https://www.tiktok.com/@xfjb8xuel5/video/7605827402882665746	2026/02/12	经期按摩器	BM	@xfjb8xuel5（已弃用）		赵雅如	墨西哥		0	0	¥0.00	¥0.00
https://www.tiktok.com/@iceglidevibes/video/7605921186731658510	2026/02/12	驱鼠球	AI视频	03-@iceglidevibes		邵佳运	美国		608	0	¥0.00	¥0.00
https://www.tiktok.com/@iceglidevibes/video/7605921681722313998	2026/02/12	驱鼠球	AI视频	03-@iceglidevibes		邵佳运	美国		487	0	¥0.00	¥0.00
https://www.tiktok.com/@chen36239/video/7605922011029769486	2026/02/13	驱鼠球	AI视频	35-@chen36239		邵佳运	美国		1,020	0	¥0.00	¥0.00
https://www.tiktok.com/@glidespindiaries/video/7605834246753668365	2026/02/13	数字项链	test	@glidespindiaries（已弃用）		涂欣然	美国		137	0	¥0.00	¥0.00
https://www.tiktok.com/@hisrollerjourneys/video/7605921984626707743	2026/02/13	驱鼠球	AI视频	05-@hisrollerjourneys		邵佳运	美国		542	0	¥0.00	¥0.00
https://www.tiktok.com/@hisrollerjourneys/video/7606313014299577630	2026/02/13	驱鼠球	AI视频	05-@hisrollerjourneys		邵佳运	美国		446	0	¥0.00	¥0.00
https://www.tiktok.com/@hisrollroam/video/7606305964668488974	2026/02/13	驱鼠球	AI视频	14-@hisrollroam		邵佳运	美国		901	0	¥0.00	¥0.00
https://www.tiktok.com/@rollerrebel0/video/7605921876635815181	2026/02/13	驱鼠球	AI视频	16-@rollerrebel0		邵佳运	美国		432	0	¥0.00	¥0.00
https://www.tiktok.com/@rollervibe2/video/7606305627786333470	2026/02/13	驱鼠球	AI视频	43-@rollervibe2		邵佳运	美国		9,851	5	¥798.66	¥100.54
https://www.tiktok.com/@skatejoynest/video/7606305835173661966	2026/02/13	驱鼠球	AI视频	34-@skatejoynest		邵佳运	美国		1,905	1	¥169.93	¥20.49
https://www.tiktok.com/@skateunboundtales/video/7606314079908580638	2026/02/13	驱鼠球	AI视频	42-@skateunboundtales		邵佳运	美国		1,880	1	¥169.93	¥20.40
https://www.tiktok.com/@skateunboundvibes/video/7606313226933931294	2026/02/13	驱鼠球	AI视频	19-@skateunboundvibes		赵永琦	美国		8,970	2	¥339.86	¥41.82
https://www.tiktok.com/@iceglidevibes/video/7606305896225967374	2026/02/13	驱鼠球	AI视频	03-@iceglidevibes		邵佳运	美国		290	0	¥0.00	¥0.00
https://www.tiktok.com/@gracefulwheelsgirl/video/7606305959727713550	2026/02/14	驱鼠球	AI视频	07-@gracefulwheelsgirl		邵佳运	美国		628	0	¥0.00	¥0.00
https://www.tiktok.com/@hesonskates/video/7606305972159614222	2026/02/14	驱鼠球	AI视频	@hesonskates（已弃用）		邵佳运	美国		468	0	¥0.00	¥0.00
https://www.tiktok.com/@hisrollroam/video/7606306458874940685	2026/02/14	驱鼠球	AI视频	14-@hisrollroam		邵佳运	美国		26,469	8	¥1,325.46	¥187.00
https://www.tiktok.com/@icebladefreedom/video/7606305878160968973	2026/02/14	驱鼠球	AI视频	12-@icebladefreedom		邵佳运	美国		530	0	¥0.00	¥0.00
https://www.tiktok.com/@la.negrita.1/video/7606305940190596366	2026/02/14	驱鼠球	AI视频	36-@la.negrita.1		邵佳运	美国		770	0	¥0.00	¥0.00
https://www.tiktok.com/@rawrollhisstyle/video/7606313729847823646	2026/02/14	驱鼠球	AI视频	08-@rawrollhisstyle		邵佳运	美国		987	0	¥0.00	¥0.00
https://www.tiktok.com/@rollerrebel0/video/7606313407473519885	2026/02/14	驱鼠球	AI视频	16-@rollerrebel0		邵佳运	美国		462	0	¥0.00	¥0.00
https://www.tiktok.com/@rollervibe2/video/7606306391082454302	2026/02/14	驱鼠球	AI视频	43-@rollervibe2		邵佳运	美国		2,172	0	¥0.00	¥0.00
https://www.tiktok.com/@skatejoynest/video/7606306426536905997	2026/02/15	驱鼠球	AI视频	34-@skatejoynest		邵佳运	美国		2,357	2	¥311.98	¥37.49
https://www.tiktok.com/@bffslzlzz0/video/7610818410028551440	2026/02/25	拳击音乐靶	BM	18-@bffslzlzz0		刘茜	墨西哥		3,613	0	¥0.00	¥0.00
https://www.tiktok.com/@bffslzlzz0/video/7610824850202021136	2026/02/25	拳击音乐靶	BM	18-@bffslzlzz0		刘茜	墨西哥		3,088	0	¥0.00	¥0.00
https://www.tiktok.com/@bffslzlzz0/video/7610825504765267217	2026/02/25	拳击音乐靶	BM	18-@bffslzlzz0		涂欣然	墨西哥		2,038	0	¥0.00	¥0.00
https://www.tiktok.com/@bffslzlzz0/video/7610826135697493265	2026/02/25	拳击音乐靶	BM	18-@bffslzlzz0		涂欣然	墨西哥		1,986	0	¥0.00	¥0.00
https://www.tiktok.com/@pz6nr6oqc3/video/7610766499342454023	2026/02/25	拳击音乐靶	BM	13-@pz6nr6oqc3		刘茜	墨西哥		1,946	0	¥0.00	¥0.00
https://www.tiktok.com/@pz6nr6oqc3/video/7610814852491201810	2026/02/25	拳击音乐靶	BM	13-@pz6nr6oqc3		刘茜	墨西哥		11,958	0	¥0.00	¥0.00
https://www.tiktok.com/@pz6nr6oqc3/video/7610815815625198855	2026/02/25	拳击音乐靶	BM	13-@pz6nr6oqc3		谢园园	墨西哥		1,960	0	¥0.00	¥0.00
https://www.tiktok.com/@pz6nr6oqc3/video/7610816425904655634	2026/02/25	拳击音乐靶	BM	13-@pz6nr6oqc3		赵雅如	墨西哥		4,843	0	¥0.00	¥0.00
https://www.tiktok.com/@user59913707877952	2026/02/25	拳击音乐靶	BM	17-@user59913707877952		涂欣然	墨西哥		1,533	0	¥0.00	¥0.00
https://www.tiktok.com/@user59913707877952/video/7610818830029442311	2026/02/25	拳击音乐靶	BM	17-@user59913707877952		刘茜	墨西哥		8,263	0	¥0.00	¥0.00
https://www.tiktok.com/@user59913707877952/video/7610823760521809160	2026/02/25	拳击音乐靶	BM	17-@user59913707877952		刘茜	墨西哥		8,370	0	¥0.00	¥0.00
https://www.tiktok.com/@user59913707877952/video/7610824085664288007	2026/02/25	拳击音乐靶	BM	17-@user59913707877952		涂欣然	墨西哥		6,708	0	¥0.00	¥0.00
https://www.tiktok.com/@user97925349802152/video/7610819832526671124	2026/02/25	拳击音乐靶	BM	20-@user97925349802152		赵雅如	墨西哥		2,034	0	¥0.00	¥0.00
https://www.tiktok.com/@user97925349802152/video/7610826484227263764	2026/02/25	拳击音乐靶	BM	20-@user97925349802152		赵雅如	墨西哥		4,463	0	¥0.00	¥0.00
https://www.tiktok.com/@user97925349802152/video/7610827441136848148	2026/02/25	拳击音乐靶	BM	20-@user97925349802152		谢园园	墨西哥		8,767	0	¥0.00	¥0.00
https://www.tiktok.com/@user97925349802152/video/7610828891997015316	2026/02/25	拳击音乐靶	BM	20-@user97925349802152		谢园园	墨西哥		876	0	¥0.00	¥0.00
https://www.tiktok.com/@w3vhjat1e7/video/7610824663425404181	2026/02/25	拳击音乐靶	BM	21-@w3vhjat1e7		谢园园	墨西哥		137	0	¥0.00	¥0.00
https://www.tiktok.com/@w3vhjat1e7/video/7610827514180537620	2026/02/25	拳击音乐靶	BM	21-@w3vhjat1e7		谢园园	墨西哥		104	0	¥0.00	¥0.00
https://www.tiktok.com/@w3vhjat1e7/video/7610828268664524052	2026/02/25	拳击音乐靶	BM	21-@w3vhjat1e7		赵雅如	墨西哥		123	0	¥0.00	¥0.00
https://www.tiktok.com/@w3vhjat1e7/video/7610829180447608085	2026/02/25	拳击音乐靶	BM	21-@w3vhjat1e7		赵雅如	墨西哥		102	0	¥0.00	¥0.00
https://www.tiktok.com/@bffslzlzz0/video/7611061613642255632	2026/02/26	拳击音乐靶	BM	18-@bffslzlzz0		谢园园	墨西哥		1,610	0	¥0.00	¥0.00
https://www.tiktok.com/@bffslzlzz0/video/7611062452947635472	2026/02/26	拳击音乐靶	BM	18-@bffslzlzz0		谢园园	墨西哥		618	0	¥0.00	¥0.00
https://www.tiktok.com/@bffslzlzz0/video/7611062961074982161	2026/02/26	拳击音乐靶	BM	18-@bffslzlzz0		赵雅如	墨西哥		637	0	¥0.00	¥0.00
https://www.tiktok.com/@bffslzlzz0/video/7611068574957931792	2026/02/26	拳击音乐靶	BM	18-@bffslzlzz0		赵雅如	墨西哥		723	0	¥0.00	¥0.00
https://www.tiktok.com/@pz6nr6oqc3/video/7611020770759822600	2026/02/26	拳击音乐靶	BM	13-@pz6nr6oqc3		涂欣然	墨西哥		8,032	0	¥0.00	¥0.00
https://www.tiktok.com/@pz6nr6oqc3/video/7611057782191590663	2026/02/26	拳击音乐靶	BM	13-@pz6nr6oqc3		涂欣然	墨西哥		801	0	¥0.00	¥0.00
https://www.tiktok.com/@pz6nr6oqc3/video/7611058349089606920	2026/02/26	拳击音乐靶	BM	13-@pz6nr6oqc3		谢园园	墨西哥		760	0	¥0.00	¥0.00
https://www.tiktok.com/@pz6nr6oqc3/video/7611069842539515144	2026/02/26	拳击音乐靶	BM	13-@pz6nr6oqc3		赵雅如	墨西哥		614	0	¥0.00	¥0.00
https://www.tiktok.com/@user59913707877952/video/7611021186314587399	2026/02/26	拳击音乐靶	BM	17-@user59913707877952		谢园园	墨西哥		864	0	¥0.00	¥0.00
https://www.tiktok.com/@user59913707877952/video/7611060253655928082	2026/02/26	拳击音乐靶	BM	17-@user59913707877952		谢园园	墨西哥		893	0	¥0.00	¥0.00
https://www.tiktok.com/@user59913707877952/video/7611060655407254791	2026/02/26	拳击音乐靶	BM	17-@user59913707877952		赵雅如	墨西哥		2,269	0	¥0.00	¥0.00
https://www.tiktok.com/@user59913707877952/video/7611069349939399944	2026/02/26	拳击音乐靶	BM	17-@user59913707877952		赵雅如	墨西哥		1,354	0	¥0.00	¥0.00
https://www.tiktok.com/@user97925349802152/video/7611066499125529876	2026/02/26	拳击音乐靶	BM	20-@user97925349802152		刘茜	墨西哥		1,434	0	¥0.00	¥0.00
https://www.tiktok.com/@user97925349802152/video/7611067287059090708	2026/02/26	拳击音乐靶	BM	20-@user97925349802152		刘茜	墨西哥		909	0	¥0.00	¥0.00
https://www.tiktok.com/@user97925349802152/video/7611067844167617812	2026/02/26	拳击音乐靶	BM	20-@user97925349802152		涂欣然	墨西哥		1,118	0	¥0.00	¥0.00
https://www.tiktok.com/@user97925349802152/video/7611068528057208084	2026/02/26	拳击音乐靶	BM	20-@user97925349802152		涂欣然	墨西哥		606	0	¥0.00	¥0.00
https://www.tiktok.com/@w3vhjat1e7/video/7611066624501632277	2026/02/26	拳击音乐靶	BM	21-@w3vhjat1e7		刘茜	墨西哥		91	0	¥0.00	¥0.00
https://www.tiktok.com/@w3vhjat1e7/video/7611067493817355541	2026/02/26	拳击音乐靶	BM	21-@w3vhjat1e7		刘茜	墨西哥		265	0	¥0.00	¥0.00
https://www.tiktok.com/@w3vhjat1e7/video/7611068565059423509	2026/02/26	拳击音乐靶	BM	21-@w3vhjat1e7		涂欣然	墨西哥		115	0	¥0.00	¥0.00
https://www.tiktok.com/@w3vhjat1e7/video/7611069104539143444	2026/02/26	拳击音乐靶	BM	21-@w3vhjat1e7		涂欣然	墨西哥		122	0	¥0.00	¥0.00
https://www.tiktok.com/@bffslzlzz0/video/7611403307755588865	2026/02/27	拳击音乐靶	BM	18-@bffslzlzz0		刘茜	墨西哥		4,538	0	¥0.00	¥0.00
https://www.tiktok.com/@bffslzlzz0/video/7611403921571024144	2026/02/27	拳击音乐靶	BM	18-@bffslzlzz0		涂欣然	墨西哥		10,861	0	¥0.00	¥0.00
https://www.tiktok.com/@bffslzlzz0/video/7611407744582585601	2026/02/27	拳击音乐靶	BM	18-@bffslzlzz0		谢园园	墨西哥		4,173	0	¥0.00	¥0.00
https://www.tiktok.com/@bffslzlzz0/video/7611408341436206353	2026/02/27	拳击音乐靶	BM	18-@bffslzlzz0		谢园园	墨西哥		708	0	¥0.00	¥0.00
https://www.tiktok.com/@bffslzlzz0/video/7611411665774497040	2026/02/27	拳击音乐靶	BM	18-@bffslzlzz0		赵雅如	墨西哥		640	0	¥0.00	¥0.00
https://www.tiktok.com/@pz6nr6oqc3/video/7611396726888434962	2026/02/27	拳击音乐靶	BM	13-@pz6nr6oqc3		刘茜	墨西哥		976	0	¥0.00	¥0.00
https://www.tiktok.com/@pz6nr6oqc3/video/7611398962074930439	2026/02/27	拳击音乐靶	YS	13-@pz6nr6oqc3		刘茜	墨西哥		980	0	¥0.00	¥0.00
https://www.tiktok.com/@pz6nr6oqc3/video/7611399504381693192	2026/02/27	拳击音乐靶	BM	13-@pz6nr6oqc3		涂欣然	墨西哥		9,520	0	¥0.00	¥0.00
https://www.tiktok.com/@pz6nr6oqc3/video/7611401449741831431	2026/02/27	拳击音乐靶	BM	13-@pz6nr6oqc3		谢园园	墨西哥		1,023	0	¥0.00	¥0.00
https://www.tiktok.com/@pz6nr6oqc3/video/7611402281841380615	2026/02/27	拳击音乐靶	BM	13-@pz6nr6oqc3		赵雅如	墨西哥		5,648	0	¥0.00	¥0.00
https://www.tiktok.com/@user59913707877952/video/7611398961961684232	2026/02/27	拳击音乐靶	BM	17-@user59913707877952		刘茜	墨西哥		10,605	0	¥0.00	¥0.00
https://www.tiktok.com/@user59913707877952/video/7611399572920880391	2026/02/27	拳击音乐靶	BM	17-@user59913707877952		涂欣然	墨西哥		7,795	0	¥0.00	¥0.00
https://www.tiktok.com/@user59913707877952/video/7611401616926838024	2026/02/27	拳击音乐靶	YS	17-@user59913707877952		涂欣然	墨西哥		1,732	0	¥0.00	¥0.00
https://www.tiktok.com/@user59913707877952/video/7611402383825915154	2026/02/27	拳击音乐靶	BM	17-@user59913707877952		谢园园	墨西哥		3,045	0	¥0.00	¥0.00
https://www.tiktok.com/@user59913707877952/video/7611403114117106951	2026/02/27	拳击音乐靶	BM	17-@user59913707877952		赵雅如	墨西哥		5,141	0	¥0.00	¥0.00
https://www.tiktok.com/@user97925349802152/video/7611409301139164436	2026/02/27	拳击音乐靶	BM	20-@user97925349802152		刘茜	墨西哥		6,954	1	¥319.60	¥275.52
https://www.tiktok.com/@user97925349802152/video/7611409979123174677	2026/02/27	拳击音乐靶	BM	20-@user97925349802152		涂欣然	墨西哥		1,723	0	¥0.00	¥0.00
https://www.tiktok.com/@user97925349802152/video/7611410564925115668	2026/02/27	拳击音乐靶	BM	20-@user97925349802152		谢园园	墨西哥		12,397	0	¥0.00	¥0.00
https://www.tiktok.com/@user97925349802152/video/7611411032577150228	2026/02/27	拳击音乐靶	BM	20-@user97925349802152		赵雅如	墨西哥		13,191	0	¥0.00	¥0.00
https://www.tiktok.com/@user97925349802152/video/7611411832934354196	2026/02/27	拳击音乐靶	YS	20-@user97925349802152		赵雅如	墨西哥		4,021	0	¥0.00	¥0.00
https://www.tiktok.com/@w3vhjat1e7/video/7611409314653179157	2026/02/27	拳击音乐靶	BM	21-@w3vhjat1e7		刘茜	墨西哥		146	0	¥0.00	¥0.00
https://www.tiktok.com/@w3vhjat1e7/video/7611409939637996821	2026/02/27	拳击音乐靶	BM	21-@w3vhjat1e7		涂欣然	墨西哥		164	0	¥0.00	¥0.00
https://www.tiktok.com/@w3vhjat1e7/video/7611410581702102292	2026/02/27	拳击音乐靶	BM	21-@w3vhjat1e7		谢园园	墨西哥		147	0	¥0.00	¥0.00
https://www.tiktok.com/@w3vhjat1e7/video/7611411032501652757	2026/02/27	拳击音乐靶	BM	21-@w3vhjat1e7		赵雅如	墨西哥		247	0	¥0.00	¥0.00
https://www.tiktok.com/@bffslzlzz0/video/7611799182822739216	2026/02/28	拳击音乐靶	BM	18-@bffslzlzz0		刘茜	墨西哥		504	0	¥0.00	¥0.00
https://www.tiktok.com/@bffslzlzz0/video/7611800092575632641	2026/02/28	拳击音乐靶	YS	18-@bffslzlzz0		谢园园	墨西哥		368	0	¥0.00	¥0.00
https://www.tiktok.com/@bffslzlzz0/video/7611801016110976273	2026/02/28	拳击音乐靶	YS	18-@bffslzlzz0		涂欣然	墨西哥		304	0	¥0.00	¥0.00
https://www.tiktok.com/@bffslzlzz0/video/7611801445876141313	2026/02/28	拳击音乐靶	BM	18-@bffslzlzz0		谢园园	墨西哥		367	0	¥0.00	¥0.00
https://www.tiktok.com/@bffslzlzz0/video/7611802081271254289	2026/02/28	拳击音乐靶	YS	18-@bffslzlzz0		赵雅如	墨西哥		435	0	¥0.00	¥0.00
https://www.tiktok.com/@pz6nr6oqc3/video/7611766915089943829	2026/02/28	拳击音乐靶	YS	13-@pz6nr6oqc3		刘茜	墨西哥		559	0	¥0.00	¥0.00
https://www.tiktok.com/@pz6nr6oqc3/video/7611767937103449364	2026/02/28	拳击音乐靶	BM	13-@pz6nr6oqc3		谢园园	墨西哥		1,410	0	¥0.00	¥0.00
https://www.tiktok.com/@pz6nr6oqc3/video/7611768600101244181	2026/02/28	拳击音乐靶	YS	13-@pz6nr6oqc3		涂欣然	墨西哥		634	0	¥0.00	¥0.00
https://www.tiktok.com/@pz6nr6oqc3/video/7611794748994522388	2026/02/28	拳击音乐靶	BM	13-@pz6nr6oqc3		刘茜	墨西哥		620	0	¥0.00	¥0.00
https://www.tiktok.com/@pz6nr6oqc3/video/7611852821624884500	2026/02/28	拳击音乐靶	YS	13-@pz6nr6oqc3		赵雅如	墨西哥		529	0	¥0.00	¥0.00
https://www.tiktok.com/@user59913707877952/video/7611766979933883656	2026/02/28	拳击音乐靶	YS	17-@user59913707877952		刘茜	墨西哥		250	0	¥0.00	¥0.00
https://www.tiktok.com/@user59913707877952/video/7611768076685561096	2026/02/28	拳击音乐靶	YS	17-@user59913707877952		涂欣然	墨西哥		217	0	¥0.00	¥0.00
https://www.tiktok.com/@user59913707877952/video/7611768575090511112	2026/02/28	拳击音乐靶	BM	17-@user59913707877952		涂欣然	墨西哥		221	0	¥0.00	¥0.00
https://www.tiktok.com/@user59913707877952/video/7611794768305163527	2026/02/28	拳击音乐靶	BM	17-@user59913707877952		谢园园	墨西哥		347	0	¥0.00	¥0.00
https://www.tiktok.com/@user59913707877952/video/7611795344472509714	2026/02/28	拳击音乐靶	BM	17-@user59913707877952		赵雅如	墨西哥		337	0	¥0.00	¥0.00
https://www.tiktok.com/@user97925349802152/video/7611799174333467924	2026/02/28	拳击音乐靶	YS	20-@user97925349802152		刘茜	墨西哥		205	0	¥0.00	¥0.00
https://www.tiktok.com/@user97925349802152/video/7611799965198847253	2026/02/28	拳击音乐靶	BM	20-@user97925349802152		涂欣然	墨西哥		800	0	¥0.00	¥0.00
https://www.tiktok.com/@user97925349802152/video/7611801032657620244	2026/02/28	拳击音乐靶	YS	20-@user97925349802152		谢园园	墨西哥		223	0	¥0.00	¥0.00
https://www.tiktok.com/@user97925349802152/video/7611801672339311892	2026/02/28	拳击音乐靶	YS	20-@user97925349802152		赵雅如	墨西哥		325	0	¥0.00	¥0.00
https://www.tiktok.com/@user97925349802152/video/7611802260909149461	2026/02/28	拳击音乐靶	BM	20-@user97925349802152		赵雅如	墨西哥		391	0	¥0.00	¥0.00
https://www.tiktok.com/@bffslzlzz0/video/7611858453115587841	2026/03/01	拳击音乐靶	YS	18-@bffslzlzz0		刘茜	墨西哥		297	0	¥0.00	¥0.00
https://www.tiktok.com/@bffslzlzz0/video/7611859000660921617	2026/03/01	拳击音乐靶	YS	18-@bffslzlzz0		涂欣然	墨西哥		446	0	¥0.00	¥0.00
https://www.tiktok.com/@bffslzlzz0/video/7611859539410898193	2026/03/01	拳击音乐靶	YS	18-@bffslzlzz0		谢园园	墨西哥		586	0	¥0.00	¥0.00
https://www.tiktok.com/@bffslzlzz0/video/7611861252448587025	2026/03/01	拳击音乐靶	BM	18-@bffslzlzz0		涂欣然	墨西哥		317	0	¥0.00	¥0.00
https://www.tiktok.com/@bffslzlzz0/video/7611861782344240385	2026/03/01	拳击音乐靶	YS	18-@bffslzlzz0		赵雅如	墨西哥		1,385	0	¥0.00	¥0.00
https://www.tiktok.com/@pz6nr6oqc3/video/7611850661646404884	2026/03/01	拳击音乐靶	YS	13-@pz6nr6oqc3		刘茜	墨西哥		973	0	¥0.00	¥0.00
https://www.tiktok.com/@pz6nr6oqc3/video/7611851210383035669	2026/03/01	拳击音乐靶	BM	13-@pz6nr6oqc3		涂欣然	墨西哥		355	0	¥0.00	¥0.00
https://www.tiktok.com/@pz6nr6oqc3/video/7611852215942122773	2026/03/01	拳击音乐靶	YS	13-@pz6nr6oqc3		谢园园	墨西哥		409	0	¥0.00	¥0.00
https://www.tiktok.com/@pz6nr6oqc3/video/7611853526083357973	2026/03/01	拳击音乐靶	BM	13-@pz6nr6oqc3		赵雅如	墨西哥		1,148	0	¥0.00	¥0.00
https://www.tiktok.com/@user59913707877952/video/7611850736682503432	2026/03/01	拳击音乐靶	BM	17-@user59913707877952		刘茜	墨西哥		222	0	¥0.00	¥0.00
https://www.tiktok.com/@user59913707877952/video/7611851295728831752	2026/03/01	拳击音乐靶	YS	17-@user59913707877952		涂欣然	墨西哥		271	0	¥0.00	¥0.00
https://www.tiktok.com/@user59913707877952/video/7611851962371411218	2026/03/01	拳击音乐靶	YS	17-@user59913707877952		谢园园	墨西哥		421	0	¥0.00	¥0.00
https://www.tiktok.com/@user59913707877952/video/7611852815325056264	2026/03/01	拳击音乐靶	BM	17-@user59913707877952		谢园园	墨西哥		248	0	¥0.00	¥0.00
https://www.tiktok.com/@user59913707877952/video/7611858146276986130	2026/03/01	拳击音乐靶	YS	17-@user59913707877952		赵雅如	墨西哥		231	0	¥0.00	¥0.00
https://www.tiktok.com/@user97925349802152/video/7611858823338331413	2026/03/01	拳击音乐靶	YS	20-@user97925349802152		刘茜	墨西哥		268	0	¥0.00	¥0.00
https://www.tiktok.com/@user97925349802152/video/7611859329968246036	2026/03/01	拳击音乐靶	BM	20-@user97925349802152		刘茜	墨西哥		214	0	¥0.00	¥0.00
https://www.tiktok.com/@user97925349802152/video/7611859859142724885	2026/03/01	拳击音乐靶	YS	20-@user97925349802152		涂欣然	墨西哥		218	0	¥0.00	¥0.00
https://www.tiktok.com/@user97925349802152/video/7611861315639840020	2026/03/01	拳击音乐靶	BM	20-@user97925349802152		谢园园	墨西哥		327	0	¥0.00	¥0.00
https://www.tiktok.com/@user97925349802152/video/7611861947318865172	2026/03/01	拳击音乐靶	YS	20-@user97925349802152		赵雅如	墨西哥		276	0	¥0.00	¥0.00
https://www.tiktok.com/@bffslzlzz0/video/7612559390121512209	2026/03/02	拳击音乐靶	YS	18-@bffslzlzz0		刘茜	墨西哥		267	0	¥0.00	¥0.00
https://www.tiktok.com/@bffslzlzz0/video/7612560012908580112	2026/03/02	拳击音乐靶	BM	18-@bffslzlzz0		涂欣然	墨西哥		295	0	¥0.00	¥0.00
https://www.tiktok.com/@bffslzlzz0/video/7612560806252645633	2026/03/02	拳击音乐靶	YS	18-@bffslzlzz0		涂欣然	墨西哥		494	0	¥0.00	¥0.00
https://www.tiktok.com/@bffslzlzz0/video/7612561421162892561	2026/03/02	拳击音乐靶	YS	18-@bffslzlzz0		谢园园	墨西哥		24,702	2	¥624.00	¥3.80
https://www.tiktok.com/@bffslzlzz0/video/7612561847060942081	2026/03/02	拳击音乐靶	YS	18-@bffslzlzz0		赵雅如	墨西哥		765	0	¥0.00	¥0.00
https://www.tiktok.com/@glidefreerollers/video/7612631945339538718	2026/03/02	除草机	AI视频	02-@glidefreerollers		赵永琦	美国		1,196	0	¥0.00	¥0.00
https://www.tiktok.com/@hisrollerjourneys/video/7612633071380122910	2026/03/02	除草机	AI视频	05-@hisrollerjourneys		赵永琦	美国		313	0	¥0.00	¥0.00
https://www.tiktok.com/@pz6nr6oqc3/video/7612545014157118740	2026/03/02	拳击音乐靶	YS	13-@pz6nr6oqc3		刘茜	墨西哥		4,120	0	¥0.00	¥0.00
https://www.tiktok.com/@pz6nr6oqc3/video/7612545742548307220	2026/03/02	拳击音乐靶	YS	13-@pz6nr6oqc3		刘茜	墨西哥		639	0	¥0.00	¥0.00
https://www.tiktok.com/@pz6nr6oqc3/video/7612546112570199317	2026/03/02	拳击音乐靶	YS	13-@pz6nr6oqc3		涂欣然	墨西哥		524	0	¥0.00	¥0.00
https://www.tiktok.com/@pz6nr6oqc3/video/7612546832073231637	2026/03/02	拳击音乐靶	YS	13-@pz6nr6oqc3		谢园园	墨西哥		13,032	0	¥0.00	¥0.00
https://www.tiktok.com/@pz6nr6oqc3/video/7612547277642829077	2026/03/02	拳击音乐靶	YS	13-@pz6nr6oqc3		赵雅如	墨西哥		269	0	¥0.00	¥0.00
https://www.tiktok.com/@sherollsbright/video/7612632735986879757	2026/03/02	煎蛋机	AI视频	27-@sherollsbright		邵佳运	美国		7,923	14	¥2,627.86	¥0.00
https://www.tiktok.com/@styleviralfinds/video/7612982671580417310	2026/03/02	手持清洁机	AI视频	30-@styleviralfinds		邵佳运	美国		1,092	0	¥0.00	¥0.00
https://www.tiktok.com/@styleviralfinds/video/7612988373346635039	2026/03/02	除草机	AI视频	30-@styleviralfinds		赵永琦	美国		270	0	¥0.00	¥0.00
https://www.tiktok.com/@user59913707877952/video/7612545005156158738	2026/03/02	拳击音乐靶	YS	17-@user59913707877952		刘茜	墨西哥		929	0	¥0.00	¥0.00
https://www.tiktok.com/@user59913707877952/video/7612545758251732232	2026/03/02	拳击音乐靶	YS	17-@user59913707877952		涂欣然	墨西哥		1,199	0	¥0.00	¥0.00
https://www.tiktok.com/@user59913707877952/video/7612546354597907720	2026/03/02	拳击音乐靶	YS	17-@user59913707877952		谢园园	墨西哥		564	0	¥0.00	¥0.00
https://www.tiktok.com/@user59913707877952/video/7612546796400725256	2026/03/02	拳击音乐靶	YS	17-@user59913707877952		赵雅如	墨西哥		#N/A	0	¥0.00	¥0.00
https://www.tiktok.com/@user59913707877952/video/7612547488238685448	2026/03/02	拳击音乐靶	YS	17-@user59913707877952		赵雅如	墨西哥		217	0	¥0.00	¥0.00
https://www.tiktok.com/@user97925349802152/video/7612559449311563029	2026/03/02	拳击音乐靶	YS	20-@user97925349802152		刘茜	墨西哥		11,613	0	¥0.00	¥0.00
https://www.tiktok.com/@user97925349802152/video/7612559947045375252	2026/03/02	拳击音乐靶	YS	20-@user97925349802152		涂欣然	墨西哥		6,798	0	¥0.00	¥0.00
https://www.tiktok.com/@user97925349802152/video/7612560611049835796	2026/03/02	拳击音乐靶	BM	20-@user97925349802152		涂欣然	墨西哥		10,237	0	¥0.00	¥0.00
https://www.tiktok.com/@user97925349802152/video/7612561503744576788	2026/03/02	拳击音乐靶	YS	20-@user97925349802152		谢园园	墨西哥		25,083	0	¥0.00	¥0.00
https://www.tiktok.com/@user97925349802152/video/7612561975771499797	2026/03/02	拳击音乐靶	YS	20-@user97925349802152		赵雅如	墨西哥		16,469	0	¥0.00	¥0.00
https://www.tiktok.com/@bffslzlzz0/video/7612603889837296913	2026/03/03	拳击音乐靶	YS	18-@bffslzlzz0		刘茜	墨西哥		14,522	0	¥0.00	¥0.00
https://www.tiktok.com/@bffslzlzz0/video/7612606109483879681	2026/03/03	拳击音乐靶	YS	18-@bffslzlzz0		赵雅如	墨西哥		#N/A	0	¥0.00	¥0.00
https://www.tiktok.com/@bffslzlzz0/video/7612607179014638864	2026/03/03	拳击音乐靶	BM	18-@bffslzlzz0		谢园园	墨西哥		806	0	¥0.00	¥0.00
https://www.tiktok.com/@chen36239/video/7612982525341781261	2026/03/03	手持清洁机	AI视频	35-@chen36239		邵佳运	美国		3,905	2	¥571.06	¥0.00
https://www.tiktok.com/@chen36239/video/7612987618296335630	2026/03/03	除草机	AI视频	35-@chen36239		赵永琦	美国		36	0	¥0.00	¥0.00
https://www.tiktok.com/@glidefreerollers/video/7613366565760814366	2026/03/03	煎蛋机	AI视频	02-@glidefreerollers		邵佳运	美国		469	0	¥0.00	¥0.00
https://www.tiktok.com/@icebladefreedom/video/7612967851929980173	2026/03/03	帽子	AI视频	12-@icebladefreedom		公司	美国		320	0	¥0.00	¥0.00
https://www.tiktok.com/@icebladefreedom/video/7612967999170972942	2026/03/03	帽子	AI视频	12-@icebladefreedom		公司	美国		348	0	¥0.00	¥0.00
https://www.tiktok.com/@icebladefreedom/video/7612968310296022286	2026/03/03	帽子	AI视频	12-@icebladefreedom		公司	美国		301	0	¥0.00	¥0.00
https://www.tiktok.com/@icebladefreedom/video/7612983551209917709	2026/03/03	帽子	AI视频	12-@icebladefreedom		公司	美国		315	0	¥0.00	¥0.00
https://www.tiktok.com/@pz6nr6oqc3/video/7612598784119393557	2026/03/03	拳击音乐靶	YS	13-@pz6nr6oqc3		刘茜	墨西哥		320	0	¥0.00	¥0.00
https://www.tiktok.com/@pz6nr6oqc3/video/7612599380314541332	2026/03/03	拳击音乐靶	BM	13-@pz6nr6oqc3		刘茜	墨西哥		23,316	0	¥0.00	¥0.00
https://www.tiktok.com/@pz6nr6oqc3/video/7612602073456168212	2026/03/03	拳击音乐靶	YS	13-@pz6nr6oqc3		赵雅如	墨西哥		615	0	¥0.00	¥0.00
https://www.tiktok.com/@rollfreecollective0/video/7613359238156422431	2026/03/03	煎蛋机	AI视频	01-@rollfreecollective0		邵佳运	美国		857	0	¥0.00	¥0.00
https://www.tiktok.com/@rollfreecollective0/video/7613367402755132703	2026/03/03	煎蛋机	AI视频	01-@rollfreecollective0		邵佳运	美国		583	0	¥0.00	¥0.00
https://www.tiktok.com/@sherollsbright/video/7612982673958636813	2026/03/03	手持清洁机	AI视频	27-@sherollsbright		邵佳运	美国		553	0	¥0.00	¥0.00
https://www.tiktok.com/@sherollsbright/video/7612986375817727245	2026/03/03	除草机	AI视频	27-@sherollsbright		赵永琦	美国		401	0	¥0.00	¥0.00
https://www.tiktok.com/@sherollsbright/video/7613357343220239647	2026/03/03	煎蛋机	AI视频	27-@sherollsbright		邵佳运	美国		768	1	¥193.46	¥0.00
https://www.tiktok.com/@sherollsbright/video/7613360692984384799	2026/03/03	煎蛋机	AI视频	27-@sherollsbright		邵佳运	美国		817	0	¥0.00	¥0.00
https://www.tiktok.com/@skaterollerodyssey/video/7612969154341080350	2026/03/03	帽子	AI视频	26-@skaterollerodssey		公司	美国		297	0	¥0.00	¥0.00
https://www.tiktok.com/@skaterollerodyssey/video/7612969581950291230	2026/03/03	帽子	AI视频	26-@skaterollerodssey		公司	美国		45	0	¥0.00	¥0.00
https://www.tiktok.com/@skaterollerodyssey/video/7612983244195220766	2026/03/03	帽子	AI视频	26-@skaterollerodssey		公司	美国		385	0	¥0.00	¥0.00
https://www.tiktok.com/@skaterollerodyssey/video/7612983449221074207	2026/03/03	帽子	AI视频	26-@skaterollerodssey		公司	美国		475	0	¥0.00	¥0.00
https://www.tiktok.com/@styleviralfinds/video/7613361011063541023	2026/03/03	煎蛋机	AI视频	30-@styleviralfinds		邵佳运	美国		4,265	3	¥563.38	¥0.00
https://www.tiktok.com/@user59913707877952/video/7612600068822060306	2026/03/03	拳击音乐靶	BM	17-@user59913707877952		涂欣然	墨西哥		293	0	¥0.00	¥0.00
https://www.tiktok.com/@user97925349802152/video/7612603212855512340	2026/03/03	拳击音乐靶	YS	20-@user97925349802152		刘茜	墨西哥		585	0	¥0.00	¥0.00
https://www.tiktok.com/@user97925349802152/video/7612603899362594069	2026/03/03	拳击音乐靶	YS	20-@user97925349802152		涂欣然	墨西哥		233	0	¥0.00	¥0.00
https://www.tiktok.com/@user97925349802152/video/7612605588366757140	2026/03/03	拳击音乐靶	YS	20-@user97925349802152		谢园园	墨西哥		258	0	¥0.00	¥0.00
https://www.tiktok.com/@user97925349802152/video/7612606457447533845	2026/03/03	拳击音乐靶	YS	20-@user97925349802152		赵雅如	墨西哥		4,278	0	¥0.00	¥0.00
https://www.tiktok.com/@user97925349802152/video/7612607472850767125	2026/03/03	拳击音乐靶	YS	20-@user97925349802152		赵雅如	墨西哥		771	0	¥0.00	¥0.00
https://www.tiktok.com/@glidefreerollers/video/7613359585423838495	2026/03/04	煎蛋机	AI视频	02-@glidefreerollers		邵佳运	美国		5,116	7	¥1,331.30	¥0.00
https://www.tiktok.com/@bffslzlzz0/video/7612882154883681553	2026/03/04	拳击音乐靶	YS	18-@bffslzlzz0		刘茜	墨西哥		260	0	¥0.00	¥0.00
https://www.tiktok.com/@bffslzlzz0/video/7612884000566152449	2026/03/04	拳击音乐靶	BM	18-@bffslzlzz0		涂欣然	墨西哥		238	0	¥0.00	¥0.00
https://www.tiktok.com/@bffslzlzz0/video/7612885092326722833	2026/03/04	拳击音乐靶	BM	18-@bffslzlzz0		谢园园	墨西哥		255	0	¥0.00	¥0.00
https://www.tiktok.com/@bffslzlzz0/video/7612885683216174352	2026/03/04	拳击音乐靶	YS	18-@bffslzlzz0		谢园园	墨西哥		302	0	¥0.00	¥0.00
https://www.tiktok.com/@bffslzlzz0/video/7612886668944674049	2026/03/04	拳击音乐靶	YS	18-@bffslzlzz0		赵雅如	墨西哥		294	0	¥0.00	¥0.00
https://www.tiktok.com/@chen36239/video/7613362296630365471	2026/03/04	煎蛋机	AI视频	35-@chen36239		邵佳运	美国		589	0	¥0.00	¥0.00
https://www.tiktok.com/@melvqvs/video/7613624546763066655	2026/03/04	煎蛋机	AI视频	10-@melvqvs		谢园园	美国		1,292	0	¥0.00	¥0.00
https://www.tiktok.com/@pz6nr6oqc3/video/7612869409866108181	2026/03/04	拳击音乐靶	YS	13-@pz6nr6oqc3		刘茜	墨西哥		435	0	¥0.00	¥0.00
https://www.tiktok.com/@pz6nr6oqc3/video/7612870259078434069	2026/03/04	拳击音乐靶	YS	13-@pz6nr6oqc3		涂欣然	墨西哥		293	0	¥0.00	¥0.00
https://www.tiktok.com/@pz6nr6oqc3/video/7612873791227563285	2026/03/04	拳击音乐靶	YS	13-@pz6nr6oqc3		谢园园	墨西哥		815	0	¥0.00	¥0.00
https://www.tiktok.com/@pz6nr6oqc3/video/7612874412571823381	2026/03/04	拳击音乐靶	YS	13-@pz6nr6oqc3		赵雅如	墨西哥		860	0	¥0.00	¥0.00
https://www.tiktok.com/@skateglowonice/video/7613622296984571167	2026/03/04	绿植喷雾	AI视频	11-@skateglowonice		赵雅如	美国		260	0	¥0.00	¥0.00
https://www.tiktok.com/@user59913707877952/video/7612869447124028679	2026/03/04	拳击音乐靶	YS	17-@user59913707877952		刘茜	墨西哥		238	0	¥0.00	¥0.00
https://www.tiktok.com/@user59913707877952/video/7612870297875729671	2026/03/04	拳击音乐靶	YS	17-@user59913707877952		涂欣然	墨西哥		237	0	¥0.00	¥0.00
https://www.tiktok.com/@user59913707877952/video/7612873814409612552	2026/03/04	拳击音乐靶	YS	17-@user59913707877952		谢园园	墨西哥		208	0	¥0.00	¥0.00
https://www.tiktok.com/@user59913707877952/video/7612876773277191431	2026/03/04	拳击音乐靶	BM	17-@user59913707877952		谢园园	墨西哥		323	0	¥0.00	¥0.00
https://www.tiktok.com/@user59913707877952/video/7612879137342442760	2026/03/04	拳击音乐靶	YS	17-@user59913707877952		赵雅如	墨西哥		243	0	¥0.00	¥0.00
https://www.tiktok.com/@user97925349802152/video/7612882369678462229	2026/03/04	拳击音乐靶	BM	20-@user97925349802152		刘茜	墨西哥		638	0	¥0.00	¥0.00
https://www.tiktok.com/@user97925349802152/video/7612884728567500052	2026/03/04	拳击音乐靶	BM	20-@user97925349802152		涂欣然	墨西哥		763	0	¥0.00	¥0.00
https://www.tiktok.com/@user97925349802152/video/7612885285453450516	2026/03/04	拳击音乐靶	YS	20-@user97925349802152		涂欣然	墨西哥		258	0	¥0.00	¥0.00
https://www.tiktok.com/@user97925349802152/video/7612885936480816405	2026/03/04	拳击音乐靶	BM	20-@user97925349802152		谢园园	墨西哥		444	0	¥0.00	¥0.00
https://www.tiktok.com/@user97925349802152/video/7612886881646169364	2026/03/04	拳击音乐靶	YS	20-@user97925349802152		赵雅如	墨西哥		244	0	¥0.00	¥0.00
https://www.tiktok.com/@melvqvs/video/7613625216069094686	2026/03/04	煎蛋机	AI视频	10-@melvqvs		涂欣然	美国		5,215	1	¥193.46	¥25.43
https://www.tiktok.com/@bffslzlzz0/video/7612919008056151297	2026/03/05	拳击音乐靶	BM	18-@bffslzlzz0		刘茜	墨西哥		8,306	0	¥0.00	¥0.00
https://www.tiktok.com/@bffslzlzz0/video/7612919590380768529	2026/03/05	拳击音乐靶	YS	18-@bffslzlzz0		刘茜	墨西哥		957	0	¥0.00	¥0.00
https://www.tiktok.com/@bffslzlzz0/video/7612920512603229456	2026/03/05	拳击音乐靶	YS	18-@bffslzlzz0		谢园园	墨西哥		2,749	0	¥0.00	¥0.00
https://www.tiktok.com/@bffslzlzz0/video/7612921168265268496	2026/03/05	拳击音乐靶	BM	18-@bffslzlzz0		赵雅如	墨西哥		301	0	¥0.00	¥0.00
https://www.tiktok.com/@bffslzlzz0/video/7612922005981039889	2026/03/05	拳击音乐靶	BM	18-@bffslzlzz0		涂欣然	墨西哥		6,334	0	¥0.00	¥0.00
https://www.tiktok.com/@glidefreerollers/video/7613733722906529055	2026/03/05	脱毛膏	AI视频	02-@glidefreerollers		邵佳运	美国		9,446	13	¥1,099.36	¥0.00
https://www.tiktok.com/@glidefreerollers/video/7613738202070846751	2026/03/05	煎蛋机	AI视频	02-@glidefreerollers		邵佳运	美国		6,398	4	¥722.91	¥0.00
https://www.tiktok.com/@pz6nr6oqc3/video/7612911291631406356	2026/03/05	拳击音乐靶	BM	13-@pz6nr6oqc3		刘茜	墨西哥		1,548	0	¥0.00	¥0.00
https://www.tiktok.com/@pz6nr6oqc3/video/7612912068018064660	2026/03/05	拳击音乐靶	YS	13-@pz6nr6oqc3		刘茜	墨西哥		272	0	¥0.00	¥0.00
https://www.tiktok.com/@pz6nr6oqc3/video/7612913036587781397	2026/03/05	拳击音乐靶	YS	13-@pz6nr6oqc3		涂欣然	墨西哥		251	0	¥0.00	¥0.00
https://www.tiktok.com/@pz6nr6oqc3/video/7612913920168185109	2026/03/05	拳击音乐靶	YS	13-@pz6nr6oqc3		谢园园	墨西哥		1,170	0	¥0.00	¥0.00
https://www.tiktok.com/@pz6nr6oqc3/video/7612916881560800533	2026/03/05	拳击音乐靶	BM	13-@pz6nr6oqc3		赵雅如	墨西哥		358	0	¥0.00	¥0.00
https://www.tiktok.com/@rollfreecollective0/video/7613738609958505759	2026/03/05	煎蛋机	AI视频	01-@rollfreecollective0		邵佳运	美国		531	0	¥0.00	¥0.00
https://www.tiktok.com/@sherollsbright/video/7613733557353205005	2026/03/05	脱毛膏	AI视频	27-@sherollsbright		邵佳运	美国		47	0	¥0.00	¥0.00
https://www.tiktok.com/@sherollsbright/video/7613738397231762701	2026/03/05	煎蛋机	AI视频	27-@sherollsbright		邵佳运	美国		37,133	32	¥6,035.88	¥0.00
https://www.tiktok.com/@skateglowonice/video/7613623290279595294	2026/03/05	绿植喷雾	AI视频	11-@skateglowonice		刘茜	美国		233	0	¥0.00	¥0.00
https://www.tiktok.com/@user59913707877952/video/7612911312405826824	2026/03/05	拳击音乐靶	BM	17-@user59913707877952		刘茜	墨西哥		196	0	¥0.00	¥0.00
https://www.tiktok.com/@user59913707877952/video/7612912032764972296	2026/03/05	拳击音乐靶	BM	17-@user59913707877952		涂欣然	墨西哥		192	0	¥0.00	¥0.00
https://www.tiktok.com/@user59913707877952/video/7612913121644104968	2026/03/05	拳击音乐靶	BM	17-@user59913707877952		谢园园	墨西哥		194	0	¥0.00	¥0.00
https://www.tiktok.com/@user59913707877952/video/7612913945753455879	2026/03/05	拳击音乐靶	YS	17-@user59913707877952		谢园园	墨西哥		1,471	0	¥0.00	¥0.00
https://www.tiktok.com/@user59913707877952/video/7612917102025903368	2026/03/05	拳击音乐靶	BM	17-@user59913707877952		赵雅如	墨西哥		243	0	¥0.00	¥0.00
https://www.tiktok.com/@user97925349802152/video/7612919284464962837	2026/03/05	拳击音乐靶	BM	20-@user97925349802152		刘茜	墨西哥		13,891	0	¥0.00	¥0.00
https://www.tiktok.com/@user97925349802152/video/7612919845151182101	2026/03/05	拳击音乐靶	YS	20-@user97925349802152		涂欣然	墨西哥		9,303	0	¥0.00	¥0.00
https://www.tiktok.com/@user97925349802152/video/7612920671194205460	2026/03/05	拳击音乐靶	BM	20-@user97925349802152		赵雅如	墨西哥		0	0	¥0.00	¥0.00
https://www.tiktok.com/@user97925349802152/video/7612921436642053396	2026/03/05	拳击音乐靶	YS	20-@user97925349802152		赵雅如	墨西哥		275	0	¥0.00	¥0.00
https://www.tiktok.com/@user97925349802152/video/7612923126946499861	2026/03/05	拳击音乐靶	BM	20-@user97925349802152		谢园园	墨西哥		411	0	¥0.00	¥0.00
https://www.tiktok.com/@pz6nr6oqc3/video/7612951554815020309	2026/03/06	拳击音乐靶	YS	13-@pz6nr6oqc3		刘茜	墨西哥		666	0	¥0.00	¥0.00
https://www.tiktok.com/@pz6nr6oqc3/video/7612952911047347477	2026/03/06	拳击音乐靶	BM	13-@pz6nr6oqc3		涂欣然	墨西哥		238	0	¥0.00	¥0.00
https://www.tiktok.com/@pz6nr6oqc3/video/7612954973248277781	2026/03/06	拳击音乐靶	BM	13-@pz6nr6oqc3		涂欣然	墨西哥		222	0	¥0.00	¥0.00
https://www.tiktok.com/@pz6nr6oqc3/video/7612955610753092885	2026/03/06	拳击音乐靶	YS	13-@pz6nr6oqc3		谢园园	墨西哥		1,187	0	¥0.00	¥0.00
https://www.tiktok.com/@pz6nr6oqc3/video/7612956845136776469	2026/03/06	拳击音乐靶	BM	13-@pz6nr6oqc3		赵雅如	墨西哥		1,804	0	¥0.00	¥0.00
https://www.tiktok.com/@user59913707877952/video/7612951828652690696	2026/03/06	拳击音乐靶	BM	17-@user59913707877952		刘茜	墨西哥		193	0	¥0.00	¥0.00
https://www.tiktok.com/@user59913707877952/video/7612952914335763720	2026/03/06	拳击音乐靶	BM	17-@user59913707877952		涂欣然	墨西哥		218	0	¥0.00	¥0.00
https://www.tiktok.com/@user59913707877952/video/7612955150017252626	2026/03/06	拳击音乐靶	YS	17-@user59913707877952		涂欣然	墨西哥		293	0	¥0.00	¥0.00
https://www.tiktok.com/@user59913707877952/video/7612955840068259079	2026/03/06	拳击音乐靶	BM	17-@user59913707877952		谢园园	墨西哥		215	0	¥0.00	¥0.00
https://www.tiktok.com/@user59913707877952/video/7612956867693645063	2026/03/06	拳击音乐靶	BM	17-@user59913707877952		赵雅如	墨西哥		216	0	¥0.00	¥0.00
https://www.tiktok.com/@bffslzlzz0/video/7612957452098604304	2026/03/06	拳击音乐靶	BM	18-@bffslzlzz0		刘茜	墨西哥		575	0	¥0.00	¥0.00
https://www.tiktok.com/@bffslzlzz0/video/7612958235158383873	2026/03/06	拳击音乐靶	BM	18-@bffslzlzz0		涂欣然	墨西哥		996	0	¥0.00	¥0.00
https://www.tiktok.com/@bffslzlzz0/video/7613248705780550929	2026/03/06	拳击音乐靶	BM	18-@bffslzlzz0		谢园园	墨西哥		730	0	¥0.00	¥0.00
https://www.tiktok.com/@bffslzlzz0/video/7613250272843926800	2026/03/06	拳击音乐靶	BM	18-@bffslzlzz0		赵雅如	墨西哥		630	0	¥0.00	¥0.00
https://www.tiktok.com/@bffslzlzz0/video/7613251106969341200	2026/03/06	拳击音乐靶	YS	18-@bffslzlzz0		赵雅如	墨西哥		4,144	0	¥0.00	¥0.00
https://www.tiktok.com/@user97925349802152/video/7613248854430960916	2026/03/06	拳击音乐靶	BM	20-@user97925349802152		涂欣然	墨西哥		233	0	¥0.00	¥0.00
https://www.tiktok.com/@user97925349802152/video/7613251320337812756	2026/03/06	拳击音乐靶	BM	20-@user97925349802152		赵雅如	墨西哥		358	0	¥0.00	¥0.00
https://www.tiktok.com/@rollfreecollective0/video/7614454110258990366	2026/03/06	脱毛膏	AI视频	01-@rollfreecollective0		赵雅如	美国		1,127	1	¥88.33	¥0.00
https://www.tiktok.com/@rollfreecollective0/video/7614455225084103966	2026/03/06	脱毛膏	AI视频	01-@rollfreecollective0		刘茜	美国		121	0	¥0.00	¥0.00
https://www.tiktok.com/@glidefreerollers/video/7614454090910715167	2026/03/06	脱毛膏	AI视频	02-@glidefreerollers		赵雅如	美国		804	1	¥88.33	¥0.00
https://www.tiktok.com/@glidefreerollers/video/7614455197892463903	2026/03/06	脱毛膏	AI视频	02-@glidefreerollers		刘茜	美国		129	0	¥0.00	¥0.00
https://www.tiktok.com/@glidefreerollers/video/7614457494491974942	2026/03/06	锅	AI视频	02-@glidefreerollers		涂欣然	美国		307	0	¥0.00	¥0.00
https://www.tiktok.com/@glidefreerollers/video/7614459673055481119	2026/03/06	锅	AI视频	02-@glidefreerollers		涂欣然	美国		7	0	¥0.00	¥0.00
https://www.tiktok.com/@chen36239/video/7614454068139805965	2026/03/07	脱毛膏	AI视频	35-@chen36239		赵雅如	美国		16	0	¥0.00	¥0.00
https://www.tiktok.com/@chen36239/video/7614455190644739341	2026/03/07	脱毛膏	AI视频	35-@chen36239		刘茜	美国		82	0	¥0.00	¥0.00
https://www.tiktok.com/@chen36239/video/7614457438757997838	2026/03/07	锅	AI视频	35-@chen36239		涂欣然	美国		42	0	¥0.00	¥0.00
https://www.tiktok.com/@chen36239/video/7614458172346027277	2026/03/07	锅	AI视频	35-@chen36239		涂欣然	美国		424	0	¥0.00	¥0.00
https://www.tiktok.com/@sherollsbright/video/7614454087869926670	2026/03/07	脱毛膏	AI视频	27-@sherollsbright		赵雅如	美国		605	4	¥326.13	¥0.00
https://www.tiktok.com/@sherollsbright/video/7614455225314839822	2026/03/07	脱毛膏	AI视频	27-@sherollsbright		刘茜	美国		15	0	¥0.00	¥0.00
https://www.tiktok.com/@sherollsbright/video/7614457504763874573	2026/03/07	锅	AI视频	27-@sherollsbright		涂欣然	美国		331	0	¥0.00	¥0.00
https://www.tiktok.com/@sherollsbright/video/7614459079452413198	2026/03/07	锅	AI视频	27-@sherollsbright		涂欣然	美国		315	0	¥0.00	¥0.00
https://www.tiktok.com/@rollfreecollective0/video/7614476968712604959	2026/03/07	煎蛋机	AI视频	01-@rollfreecollective0		涂欣然	美国		558	0	¥0.00	¥0.00
https://www.tiktok.com/@rollfreecollective0/video/7614457490889084190	2026/03/07	煎蛋机	AI视频	01-@rollfreecollective0		涂欣然	美国		337	0	¥0.00	¥0.00
https://www.tiktok.com/@rollfreecollective0/video/7614458408468532511	2026/03/07	锅	AI视频	01-@rollfreecollective0		涂欣然	美国		335	0	¥0.00	¥0.00
https://www.tiktok.com/@rollfreecollective0/video/7614473319622003999	2026/03/07	煎蛋机	AI视频	01-@rollfreecollective0		赵永琦	美国		113	0	¥0.00	¥0.00
https://www.tiktok.com/@glidefreerollers/video/7614470985932098846	2026/03/07	煎蛋机	AI视频	02-@glidefreerollers		赵永琦	美国		534	0	¥0.00	¥0.00
https://www.tiktok.com/@glidefreerollers/video/7614463760849259806	2026/03/07	脱毛膏	AI视频	02-@glidefreerollers		邵佳运	美国		262	0	¥0.00	¥0.00
https://www.tiktok.com/@glidefreerollers/video/7614471920293039390	2026/03/07	煎蛋机	AI视频	02-@glidefreerollers		赵永琦	美国		653	0	¥0.00	¥0.00
https://www.tiktok.com/@pz6nr6oqc3/video/7613254330564545812	2026/03/07	拳击音乐靶	BM	13-@pz6nr6oqc3		刘茜	墨西哥		204	0	¥0.00	¥0.00
https://www.tiktok.com/@pz6nr6oqc3/video/7613255776789875989	2026/03/07	拳击音乐靶	BM	13-@pz6nr6oqc3		刘茜	墨西哥		184	0	¥0.00	¥0.00
https://www.tiktok.com/@pz6nr6oqc3/video/7613256411123862804	2026/03/07	拳击音乐靶	BM	13-@pz6nr6oqc3		涂欣然	墨西哥		213	0	¥0.00	¥0.00
https://www.tiktok.com/@pz6nr6oqc3/video/7613257010397760789	2026/03/07	拳击音乐靶	BM	13-@pz6nr6oqc3		涂欣然	墨西哥		249	0	¥0.00	¥0.00
https://www.tiktok.com/@pz6nr6oqc3/video/7613257610757704981	2026/03/07	拳击音乐靶	BM	13-@pz6nr6oqc3		谢园园	墨西哥		136	0	¥0.00	¥0.00
https://www.tiktok.com/@user59913707877952/video/7613255370873605384	2026/03/07	拳击音乐靶	BM	17-@user59913707877952		刘茜	墨西哥		215	0	¥0.00	¥0.00
https://www.tiktok.com/@user59913707877952/video/7613255965252553991	2026/03/07	拳击音乐靶	BM	17-@user59913707877952		谢园园	墨西哥		198	0	¥0.00	¥0.00
https://www.tiktok.com/@user59913707877952/video/7613256473266670856	2026/03/07	拳击音乐靶	BM	17-@user59913707877952		谢园园	墨西哥		215	0	¥0.00	¥0.00
https://www.tiktok.com/@user59913707877952/video/7613257162550299912	2026/03/07	拳击音乐靶	BM	17-@user59913707877952		赵雅如	墨西哥		169	0	¥0.00	¥0.00
https://www.tiktok.com/@user59913707877952/video/7613257778311859474	2026/03/07	拳击音乐靶	BM	17-@user59913707877952		赵雅如	墨西哥		229	0	¥0.00	¥0.00
https://www.tiktok.com/@bffslzlzz0/video/7613258262615559441	2026/03/07	拳击音乐靶	BM	18-@bffslzlzz0		刘茜	墨西哥		347	0	¥0.00	¥0.00
https://www.tiktok.com/@bffslzlzz0/video/7613260512452709649	2026/03/07	拳击音乐靶	BM	18-@bffslzlzz0		刘茜	墨西哥		276	0	¥0.00	¥0.00
https://www.tiktok.com/@bffslzlzz0/video/7613288715112172817	2026/03/07	拳击音乐靶	BM	18-@bffslzlzz0		涂欣然	墨西哥		248	0	¥0.00	¥0.00
https://www.tiktok.com/@bffslzlzz0/video/7613289223659015425	2026/03/07	拳击音乐靶	BM	18-@bffslzlzz0		涂欣然	墨西哥		284	0	¥0.00	¥0.00
https://www.tiktok.com/@bffslzlzz0/video/7613290218053029121	2026/03/07	拳击音乐靶	BM	18-@bffslzlzz0		谢园园	墨西哥		407	0	¥0.00	¥0.00
https://www.tiktok.com/@user97925349802152/video/7613258438436490516	2026/03/07	拳击音乐靶	BM	20-@user97925349802152		涂欣然	墨西哥		377	0	¥0.00	¥0.00
https://www.tiktok.com/@user97925349802152/video/7613260728409050388	2026/03/07	拳击音乐靶	BM	20-@user97925349802152		谢园园	墨西哥		266	0	¥0.00	¥0.00
https://www.tiktok.com/@user97925349802152/video/7613288905298758933	2026/03/07	拳击音乐靶	BM	20-@user97925349802152		谢园园	墨西哥		296	0	¥0.00	¥0.00
https://www.tiktok.com/@user97925349802152/video/7613289343968349461	2026/03/07	拳击音乐靶	BM	20-@user97925349802152		赵雅如	墨西哥		281	0	¥0.00	¥0.00
https://www.tiktok.com/@user97925349802152/video/7613289858630454549	2026/03/07	拳击音乐靶	BM	20-@user97925349802152		赵雅如	墨西哥		164	0	¥0.00	¥0.00
https://www.tiktok.com/@glidefreerollers/video/7614462689527614750	2026/03/08	脱毛膏	AI视频	02-@glidefreerollers		邵佳运	美国		364	0	¥0.00	¥0.00
https://www.tiktok.com/@chen36239/video/7614470974578216206	2026/03/08	煎蛋机	AI视频	35-@chen36239		赵永琦	美国		673	0	¥0.00	¥0.00
https://www.tiktok.com/@chen36239/video/7614471898377751821	2026/03/08	煎蛋机	AI视频	35-@chen36239		赵永琦	美国		384	0	¥0.00	¥0.00
https://www.tiktok.com/@sherollsbright/video/7614471055926742285	2026/03/08	煎蛋机	AI视频	27-@sherollsbright		赵永琦	美国		1,229	1	¥184.96	¥0.00
https://www.tiktok.com/@sherollsbright/video/7614463767602154766	2026/03/08	脱毛膏	AI视频	27-@sherollsbright		邵佳运	美国		439	0	¥0.00	¥0.00
https://www.tiktok.com/@sherollsbright/video/7614471947333815565	2026/03/08	煎蛋机	AI视频	27-@sherollsbright		赵永琦	美国		7,507	3	¥559.98	¥0.00
https://www.tiktok.com/@sherollsbright/video/7614462730694561038	2026/03/08	脱毛膏	AI视频	27-@sherollsbright		邵佳运	美国		303	0	¥0.00	¥0.00
https://www.tiktok.com/@rollfreecollective0/video/7614463750573264158	2026/03/08	脱毛膏	AI视频	01-@rollfreecollective0		邵佳运	美国		293	0	¥0.00	¥0.00
https://www.tiktok.com/@rollfreecollective0/video/7614462692094463263	2026/03/08	脱毛膏	AI视频	01-@rollfreecollective0		邵佳运	美国		288	0	¥0.00	¥0.00
https://www.tiktok.com/@pz6nr6oqc3/video/7613293085065235732	2026/03/08	拳击音乐靶	BM	13-@pz6nr6oqc3		涂欣然	墨西哥		302	0	¥0.00	¥0.00
https://www.tiktok.com/@pz6nr6oqc3/video/7613293759047929108	2026/03/08	拳击音乐靶	BM	13-@pz6nr6oqc3		谢园园	墨西哥		412	0	¥0.00	¥0.00
https://www.tiktok.com/@pz6nr6oqc3/video/7613294277212392725	2026/03/08	拳击音乐靶	BM	13-@pz6nr6oqc3		谢园园	墨西哥		299	0	¥0.00	¥0.00
https://www.tiktok.com/@pz6nr6oqc3/video/7613294791350029588	2026/03/08	拳击音乐靶	BM	13-@pz6nr6oqc3		赵雅如	墨西哥		1,227	0	¥0.00	¥0.00
https://www.tiktok.com/@user59913707877952/video/7613295935858265352	2026/03/08	拳击音乐靶	BM	17-@user59913707877952		刘茜	墨西哥		238	0	¥0.00	¥0.00
https://www.tiktok.com/@user59913707877952/video/7613296427263085842	2026/03/08	拳击音乐靶	BM	17-@user59913707877952		涂欣然	墨西哥		246	0	¥0.00	¥0.00
https://www.tiktok.com/@user59913707877952/video/7613296967954844935	2026/03/08	拳击音乐靶	BM	17-@user59913707877952		谢园园	墨西哥		227	0	¥0.00	¥0.00
https://www.tiktok.com/@user59913707877952/video/7613297773877742855	2026/03/08	拳击音乐靶	BM	17-@user59913707877952		赵雅如	墨西哥		248	0	¥0.00	¥0.00
https://www.tiktok.com/@bffslzlzz0/video/7613295624192118032	2026/03/08	拳击音乐靶	BM	18-@bffslzlzz0		刘茜	墨西哥		739	0	¥0.00	¥0.00
https://www.tiktok.com/@bffslzlzz0/video/7613296134575918353	2026/03/08	拳击音乐靶	BM	18-@bffslzlzz0		刘茜	墨西哥		285	0	¥0.00	¥0.00
https://www.tiktok.com/@bffslzlzz0/video/7613296792418979088	2026/03/08	拳击音乐靶	BM	18-@bffslzlzz0		涂欣然	墨西哥		409	0	¥0.00	¥0.00
https://www.tiktok.com/@bffslzlzz0/video/7613297566884564241	2026/03/08	拳击音乐靶	BM	18-@bffslzlzz0		赵雅如	墨西哥		489	0	¥0.00	¥0.00
https://www.tiktok.com/@user97925349802152/video/7613293232620866837	2026/03/08	拳击音乐靶	BM	20-@user97925349802152		刘茜	墨西哥		216	0	¥0.00	¥0.00
https://www.tiktok.com/@user97925349802152/video/7613293764206923029	2026/03/08	拳击音乐靶	BM	20-@user97925349802152		涂欣然	墨西哥		307	0	¥0.00	¥0.00
https://www.tiktok.com/@user97925349802152/video/7613294298389433621	2026/03/08	拳击音乐靶	BM	20-@user97925349802152		涂欣然	墨西哥		266	0	¥0.00	¥0.00
https://www.tiktok.com/@user97925349802152/video/7613294775202073877	2026/03/08	拳击音乐靶	BM	20-@user97925349802152		谢园园	墨西哥		302	0	¥0.00	¥0.00
https://www.tiktok.com/@sherollsbright/video/7615214107897171214	2026/03/09	牙贴	AI视频	27-@sherollsbright		邵佳运	美国		677	0	¥0.00	¥0.00
https://www.tiktok.com/@sherollsbright/video/7615207012267199757	2026/03/09	锅	AI视频	27-@sherollsbright		赵永琦	美国		581	0	¥0.00	¥0.00
https://www.tiktok.com/@rollfreecollective0/video/7615213661249965343	2026/03/09	牙贴	AI视频	01-@rollfreecollective0		邵佳运	美国		693	0	¥0.00	¥0.00
https://www.tiktok.com/@rollfreecollective0/video/7615206647731899679	2026/03/09	锅	AI视频	01-@rollfreecollective0		赵永琦	美国		348	0	¥0.00	¥0.00
https://www.tiktok.com/@glidefreerollers/video/7615205443178188062	2026/03/09	锅	AI视频	02-@glidefreerollers		涂欣然	美国		573	0	¥0.00	¥0.00
https://www.tiktok.com/@glidefreerollers/video/7615213646511213855	2026/03/09	牙贴	AI视频	02-@glidefreerollers		邵佳运	美国		114	0	¥0.00	¥0.00
https://www.tiktok.com/@glidefreerollers/video/7615451745459653919	2026/03/09	牙贴	AI视频	02-@glidefreerollers		邵佳运	美国		122	0	¥0.00	¥0.00
https://www.tiktok.com/@pz6nr6oqc3/video/7613300088047242517	2026/03/09	拳击音乐靶	BM	13-@pz6nr6oqc3		赵雅如	墨西哥		330	0	¥0.00	¥0.00
https://www.tiktok.com/@pz6nr6oqc3/video/7613300546505608468	2026/03/09	拳击音乐靶	BM	13-@pz6nr6oqc3		赵雅如	墨西哥		421	0	¥0.00	¥0.00
https://www.tiktok.com/@user59913707877952/video/7613300336706456850	2026/03/09	拳击音乐靶	BM	17-@user59913707877952		谢园园	墨西哥		252	0	¥0.00	¥0.00
https://www.tiktok.com/@user59913707877952/video/7613300885866761490	2026/03/09	拳击音乐靶	BM	17-@user59913707877952		谢园园	墨西哥		260	0	¥0.00	¥0.00
https://www.tiktok.com/@user59913707877952/video/7613301435224050952	2026/03/09	拳击音乐靶	BM	17-@user59913707877952		赵雅如	墨西哥		358	0	¥0.00	¥0.00
https://www.tiktok.com/@bffslzlzz0/video/7613301710122913040	2026/03/09	拳击音乐靶	BM	18-@bffslzlzz0		涂欣然	墨西哥		361	0	¥0.00	¥0.00
https://www.tiktok.com/@bffslzlzz0/video/7613301717941112081	2026/03/09	拳击音乐靶	BM	18-@bffslzlzz0		谢园园	墨西哥		264	0	¥0.00	¥0.00
https://www.tiktok.com/@bffslzlzz0/video/7613304075412606209	2026/03/09	拳击音乐靶	BM	18-@bffslzlzz0		赵雅如	墨西哥		430	0	¥0.00	¥0.00
https://www.tiktok.com/@user97925349802152/video/7613302015069932820	2026/03/09	拳击音乐靶	BM	20-@user97925349802152		刘茜	墨西哥		257	0	¥0.00	¥0.00
https://www.tiktok.com/@user97925349802152/video/7613302484345441557	2026/03/09	拳击音乐靶	BM	20-@user97925349802152		刘茜	墨西哥		256	0	¥0.00	¥0.00
https://www.tiktok.com/@user97925349802152/video/7613303011879832852	2026/03/09	拳击音乐靶	BM	20-@user97925349802152		涂欣然	墨西哥		264	0	¥0.00	¥0.00
https://www.tiktok.com/@fvpvc681/video/7615585542809390350?lang=en	2026/03/10	锅	AI视频	41-@fvpvc681		赵永琦	美国		426	0	¥0.00	¥0.00
https://www.tiktok.com/@fvpvc681/video/7615585928802798862?lang=en	2026/03/10	锅	AI视频	41-@fvpvc681		赵永琦	美国		556	0	¥0.00	¥0.00
https://www.tiktok.com/@grindguydiaries/video/7615587832320511262	2026/03/10	锅	AI视频	09-@grindguydiaries		赵永琦	美国		463	0	¥0.00	¥0.00
https://www.tiktok.com/@skateglowonice/video/7615586224710962445	2026/03/10	锅	AI视频	11-@skateglowonice		赵永琦	美国		516	0	¥0.00	¥0.00
https://www.tiktok.com/@skateglowonice/video/7615587894119419150	2026/03/10	锅	AI视频	11-@skateglowonice		赵永琦	美国		427	0	¥0.00	¥0.00
https://www.tiktok.com/@sherollsbright/video/7615565388935466253	2026/03/10	牙贴	AI视频	27-@sherollsbright		邵佳运	美国		488	0	¥0.00	¥0.00
https://www.tiktok.com/@sherollsbright/video/7615587186951343373	2026/03/10	锅	AI视频	27-@sherollsbright		赵永琦	美国		520	0	¥0.00	¥0.00
https://www.tiktok.com/@rollfreecollective0/video/7615565829056285982	2026/03/10	牙贴	AI视频	01-@rollfreecollective0		邵佳运	美国		100	0	¥0.00	¥0.00
https://www.tiktok.com/@rollfreecollective0/video/7615587091262590239	2026/03/10	锅	AI视频	01-@rollfreecollective0		赵永琦	美国		790	0	¥0.00	¥0.00
https://www.tiktok.com/@rollfreecollective0/video/7615588858540920094	2026/03/10	锅	AI视频	01-@rollfreecollective0		赵永琦	美国		392	0	¥0.00	¥0.00
https://www.tiktok.com/@glidefreerollers/video/7615586897997466910	2026/03/10	锅	AI视频	02-@glidefreerollers		赵永琦	美国		472	0	¥0.00	¥0.00
https://www.tiktok.com/@glidefreerollers/video/7615588541606759710	2026/03/10	锅	AI视频	02-@glidefreerollers		赵永琦	美国		482	0	¥0.00	¥0.00
https://www.tiktok.com/@fvpvc681/video/7615818067129552141?lang=en	2026/03/11	牙贴	AI视频	41-@fvpvc681		邵佳运	美国		500	0	¥0.00	¥0.00
https://www.tiktok.com/@fvpvc681/video/7616212793569676558?lang=en	2026/03/11	牙贴	AI视频	41-@fvpvc681		邵佳运	美国		546	1	¥91.73	¥0.00
https://www.tiktok.com/@grindguydiaries/video/7615884954446220575	2026/03/11	脱毛膏	AI视频	09-@grindguydiaries		刘茜	美国		166	0	¥0.00	¥0.00
https://www.tiktok.com/@grindguydiaries/video/7615887490985053470	2026/03/11	锅	AI视频	09-@grindguydiaries		涂欣然	美国		387	0	¥0.00	¥0.00
https://www.tiktok.com/@grindguydiaries/video/7615888797791767838	2026/03/11	脱毛膏	AI视频	09-@grindguydiaries		赵雅如	美国		246	0	¥0.00	¥0.00
https://www.tiktok.com/@grindguydiaries/video/7615973498057428254	2026/03/11	牙贴	AI视频	09-@grindguydiaries		邵佳运	美国		3,766	0	¥0.00	¥0.00
https://www.tiktok.com/@grindguydiaries/video/7615948225278725406	2026/03/11	牙贴	AI视频	09-@grindguydiaries		涂欣然	美国		420	0	¥0.00	¥0.00
https://www.tiktok.com/@grindguydiaries/video/7615949481850326303	2026/03/11	牙贴	AI视频	09-@grindguydiaries		赵雅如	美国		158	0	¥0.00	¥0.00
https://www.tiktok.com/@skateglowonice/video/7615884872103611661	2026/03/11	脱毛膏	AI视频	11-@skateglowonice		刘茜	美国		0	0	¥0.00	¥0.00
https://www.tiktok.com/@skateglowonice/video/7615887533699845389	2026/03/11	煎蛋机	AI视频	11-@skateglowonice		涂欣然	美国		498	0	¥0.00	¥0.00
https://www.tiktok.com/@skateglowonice/video/7615888829358132493	2026/03/11	脱毛膏	AI视频	11-@skateglowonice		赵雅如	美国		255	0	¥0.00	¥0.00
https://www.tiktok.com/@freeskatejoyhub/video/7615884877979782414	2026/03/11	脱毛膏	AI视频	23-@freeskatejoyhub		刘茜	美国		69	0	¥0.00	¥0.00
https://www.tiktok.com/@freeskatejoyhub/video/7615887422412311822	2026/03/11	煎蛋机	AI视频	23-@freeskatejoyhub		涂欣然	美国		806	0	¥0.00	¥0.00
https://www.tiktok.com/@freeskatejoyhub/video/7615888753445375245	2026/03/11	脱毛膏	AI视频	23-@freeskatejoyhub		赵雅如	美国		310	1	¥81.53	¥0.00
https://www.tiktok.com/@freeskatejoyhub/video/7615948250201230606	2026/03/11	牙贴	AI视频	23-@freeskatejoyhub		刘茜	美国		565	0	¥0.00	¥0.00
https://www.tiktok.com/@freeskatejoyhub/video/7615949476317891854	2026/03/11	牙贴	AI视频	23-@freeskatejoyhub		赵雅如	美国		1,152	1	¥60.59	¥0.00
https://www.tiktok.com/@boldwheelsguy/video/7615884914310778126	2026/03/11	脱毛膏	AI视频	24-@boldwheelsguy		刘茜	美国		255	0	¥0.00	¥0.00
https://www.tiktok.com/@boldwheelsguy/video/7615887511935536397	2026/03/11	煎蛋机	AI视频	24-@boldwheelsguy		涂欣然	美国		547	0	¥0.00	¥0.00
https://www.tiktok.com/@boldwheelsguy/video/7615888784390999309	2026/03/11	脱毛膏	AI视频	24-@boldwheelsguy		赵雅如	美国		286	0	¥0.00	¥0.00
https://www.tiktok.com/@sherollsbright/video/7615884913371335950	2026/03/11	脱毛膏	AI视频	27-@sherollsbright		刘茜	美国		47	0	¥0.00	¥0.00
https://www.tiktok.com/@sherollsbright/video/7615887586053082381	2026/03/11	煎蛋机	AI视频	27-@sherollsbright		涂欣然	美国		887	0	¥0.00	¥0.00
https://www.tiktok.com/@sherollsbright/video/7615889098611379470	2026/03/11	脱毛膏	AI视频	27-@sherollsbright		赵雅如	美国		307	0	¥0.00	¥0.00
https://www.tiktok.com/@rollfreecollective0/video/7615884895931419935	2026/03/11	脱毛膏	AI视频	01-@rollfreecollective0		赵雅如	美国		302	0	¥0.00	¥0.00
https://www.tiktok.com/@rollfreecollective0/video/7615887383891954974	2026/03/11	锅	AI视频	01-@rollfreecollective0		涂欣然	美国		612	0	¥0.00	¥0.00
https://www.tiktok.com/@rollfreecollective0/video/7615888738471759134	2026/03/11	脱毛膏	AI视频	01-@rollfreecollective0		刘茜	美国		308	0	¥0.00	¥0.00
https://www.tiktok.com/@glidefreerollers/video/7615884882119576863	2026/03/11	脱毛膏	AI视频	02-@glidefreerollers		刘茜	美国		251	0	¥0.00	¥0.00
https://www.tiktok.com/@glidefreerollers/video/7615887420147436831	2026/03/11	锅	AI视频	02-@glidefreerollers		涂欣然	美国		531	0	¥0.00	¥0.00
https://www.tiktok.com/@glidefreerollers/video/7615888779131342110	2026/03/11	脱毛膏	AI视频	02-@glidefreerollers		赵雅如	美国		539	0	¥0.00	¥0.00
https://www.tiktok.com/@glidefreerollers/video/7615948228688760094	2026/03/11	牙贴	AI视频	02-@glidefreerollers		刘茜	美国		527	0	¥0.00	¥0.00
https://www.tiktok.com/@glidefreerollers/video/7615949817361075487	2026/03/11	牙贴	AI视频	02-@glidefreerollers		涂欣然	美国		592	0	¥0.00	¥0.00
https://www.tiktok.com/@fvpvc681/video/7616315884239392013?lang=en	2026/03/12	牙贴	AI视频	41-@fvpvc681		刘茜	美国		743	0	¥0.00	¥0.00
https://www.tiktok.com/@grindguydiaries/video/7616317524270976286	2026/03/12	牙贴	AI视频	09-@grindguydiaries		刘茜	美国		802	0	¥0.00	¥0.00
https://www.tiktok.com/@skateglowonice/video/7616316515964488974	2026/03/12	牙贴	AI视频	11-@skateglowonice		赵雅如	美国		526	0	¥0.00	¥0.00
https://www.tiktok.com/@freeskatejoyhub/video/7616343315432115470	2026/03/12	煎蛋机	AI视频	23-@freeskatejoyhub		赵永琦	美国		870	0	¥0.00	¥0.00
https://www.tiktok.com/@boldwheelsguy/video/7616316427733126414	2026/03/12	脱毛膏	AI视频	24-@boldwheelsguy		邵佳运	美国		238	0	¥0.00	¥0.00
https://www.tiktok.com/@sherollsbright/video/7616316751109803277	2026/03/12	牙贴	AI视频	27-@sherollsbright		涂欣然	美国		6,413	0	¥0.00	¥0.00
https://www.tiktok.com/@sherollsbright/video/7616345002507029773	2026/03/12	煎蛋机	AI视频	27-@sherollsbright		赵永琦	美国		946	0	¥0.00	¥0.00
https://www.tiktok.com/@rollfreecollective0/video/7616318015424007454	2026/03/12	脱毛膏	AI视频	01-@rollfreecollective0		邵佳运	美国		738	0	¥0.00	¥0.00
https://www.tiktok.com/@glidefreerollers/video/7616318464529157407	2026/03/12	牙贴	AI视频	02-@glidefreerollers		刘茜	美国		98	0	¥0.00	¥0.00
https://www.tiktok.com/@glidefreerollers/video/7616344344856939806	2026/03/12	煎蛋机	AI视频	02-@glidefreerollers		赵永琦	美国		54	0	¥0.00	¥0.00
https://www.tiktok.com/@truereliefxy01/video/7617885625303239949	2026/03/16	祛痘膏	AI视频	@truereliefxy01	屁股	朱景楷	美国		12,258	0	¥0.00	¥0.00
https://www.tiktok.com/@truereliefxy01/video/7617886555021298957	2026/03/16	祛痘膏	AI视频	@truereliefxy01	屁股	朱景楷	美国		35,826	0	¥0.00	¥0.00
https://www.tiktok.com/@truereliefxy01/video/7617886922337291534	2026/03/16	祛痘膏	AI视频	@truereliefxy01	屁股	朱景楷	美国		3,971	0	¥0.00	¥0.00
https://www.tiktok.com/@truereliefxy01/video/7617888098382302478	2026/03/16	祛痘膏	AI视频	@truereliefxy01	屁股	邵佳运	美国		9,373	0	¥0.00	¥0.00
https://www.tiktok.com/@truereliefxy01/video/7617888530877992205	2026/03/16	祛痘膏	AI视频	@truereliefxy01	屁股	邵佳运	美国		2,859	0	¥0.00	¥0.00
https://www.tiktok.com/@truereliefxy01/video/7617889965078301966	2026/03/16	祛痘膏	AI视频	@truereliefxy01	屁股	赵雅如	美国		95,271	0	¥0.00	¥0.00
https://www.tiktok.com/@truereliefxy01/video/7617890521406590222	2026/03/16	祛痘膏	AI视频	@truereliefxy01	脖子	赵雅如	美国		2,368	0	¥0.00	¥0.00
https://www.tiktok.com/@truereliefxy02/video/7617885239242771742	2026/03/16	祛痘膏	AI视频	@truereliefxy02	屁股	赵雅如	美国		76,111	0	¥0.00	¥0.00
https://www.tiktok.com/@truereliefxy02/video/7617886041508203806	2026/03/16	祛痘膏	AI视频	@truereliefxy02	屁股	赵雅如	美国		218,700	0	¥0.00	¥0.00
https://www.tiktok.com/@truereliefxy02/video/7617886970676661535	2026/03/16	祛痘膏	AI视频	@truereliefxy02	屁股	赵雅如	美国		70,209	0	¥0.00	¥0.00
https://www.tiktok.com/@truereliefxy02/video/7617887513889213726	2026/03/16	祛痘膏	AI视频	@truereliefxy02	屁股	赵雅如	美国		367,007	0	¥0.00	¥0.00
https://www.tiktok.com/@truereliefxy02/video/7617888759454977311	2026/03/16	祛痘膏	AI视频	@truereliefxy02	屁股	赵雅如	美国		7,138	0	¥0.00	¥0.00
https://www.tiktok.com/@truereliefxy02/video/7617889597191752990	2026/03/16	祛痘膏	AI视频	@truereliefxy02	屁股	赵雅如	美国		2,535	0	¥0.00	¥0.00
https://www.tiktok.com/@truereliefxy02/video/7617890162420305183	2026/03/16	祛痘膏	AI视频	@truereliefxy02	背	赵雅如	美国		36,579	0	¥0.00	¥0.00
https://www.tiktok.com/@truereliefxy03/video/7617883952468020511	2026/03/16	祛痘膏	AI视频	@truereliefxy03	屁股	邵佳运	美国		17,292	0	¥0.00	¥0.00
https://www.tiktok.com/@truereliefxy03/video/7617884287219633438	2026/03/16	祛痘膏	AI视频	@truereliefxy03	屁股	邵佳运	美国		78,737	0	¥0.00	¥0.00
https://www.tiktok.com/@truereliefxy03/video/7617884907435609374	2026/03/16	祛痘膏	AI视频	@truereliefxy03	屁股	邵佳运	美国		33,466	0	¥0.00	¥0.00
https://www.tiktok.com/@truereliefxy03/video/7617885788964949279	2026/03/16	祛痘膏	AI视频	@truereliefxy03	屁股	可乐	美国		1,514	0	¥0.00	¥0.00
https://www.tiktok.com/@truereliefxy03/video/7617886743332769054	2026/03/16	祛痘膏	AI视频	@truereliefxy03	屁股	可乐	美国		3,174	0	¥0.00	¥0.00
https://www.tiktok.com/@truereliefxy03/video/7617887044349496606	2026/03/16	祛痘膏	AI视频	@truereliefxy03	屁股	邵佳运	美国		1,242	0	¥0.00	¥0.00
https://www.tiktok.com/@truereliefxy03/video/7617888735497030943	2026/03/16	祛痘膏	AI视频	@truereliefxy03	屁股	邵佳运	美国		976	0	¥0.00	¥0.00
https://www.tiktok.com/@rollfreecollective0/video/7618158659406744862	2026/03/17	祛痘膏	AI视频	01-@rollfreecollective0	屁股	邵佳运	美国	#nAExFkC3GbuK5AYjW0HdzFK/4VSL3Lan0Ux9Exwe1h3SzgnQsBhHjbMpOKvlpk4=	7,544	0	¥0.00	¥0.00
https://www.tiktok.com/@rollfreecollective0/video/7618166021060381983	2026/03/17	祛痘膏	AI视频	01-@rollfreecollective0	屁股	涂欣然	美国	#MIDXKW3hrroKmDUhnJptr7AosuYsKymRk0/loAIjkYXABtITcWzlJIGlNzjaPxc=	8,729	3	¥417.04	¥0.00
https://www.tiktok.com/@rollfreecollective0/video/7618166361621089566	2026/03/17	祛痘膏	AI视频	01-@rollfreecollective0	屁股	刘茜	美国	#LTjNiSkbFEGpEa0JLjKEuRYl/FxDzGa1MSayZVAdZAko0tsrkJ6MzANJHS6xMKE=	4,422	3	¥509.93	¥0.00
https://www.tiktok.com/@freeskatejoyhub/video/7618158781825813773	2026/03/17	祛痘膏	AI视频	23-@freeskatejoyhub	屁股	邵佳运	美国	#JjNBSO39Jrtk/34Ap5k02g9Y2EiuGmfISM5ELvdNu2h1qR6i4slvtxRhImcjlcE=	1,963	0	¥0.00	¥0.00
https://www.tiktok.com/@freeskatejoyhub/video/7618165915707837710	2026/03/17	祛痘膏	AI视频	23-@freeskatejoyhub	屁股	刘茜	美国	#6a88roA/1WcQ/x0obt7h3qzBAOUKddqk+Na4XEaJtNbvELXbmfmaowlod2kktig=	2,320	1	¥229.70	¥0.00
https://www.tiktok.com/@freeskatejoyhub/video/7618166213159423245	2026/03/17	祛痘膏	AI视频	23-@freeskatejoyhub	屁股	涂欣然	美国	#2HT70F8Ky69Sd7MB59D1uIQ04C/AWUn7ViqlYq58CWL+sgcpGvhYdaGECzcGlQM=	917	0	¥0.00	¥0.00
https://www.tiktok.com/@boldwheelsguy/video/7618158427281329422	2026/03/17	祛痘膏	AI视频	24-@boldwheelsguy	屁股	邵佳运	美国	#235hsLuPlR7B1FmTHsxTDCgkydAxHXa6lAZ+5YMY0A05Abe091bCgAibPEOowcc=	1,430	0	¥0.00	¥0.00
https://www.tiktok.com/@boldwheelsguy/video/7618165807440334093	2026/03/17	祛痘膏	AI视频	24-@boldwheelsguy	屁股	刘茜	美国	#8yalyhUHp72GqCq+NmrL4/P8CKg/d+XCT6EjATvowftkb23jJHX803Tt4xJQlnY=	404	0	¥0.00	¥0.00
https://www.tiktok.com/@boldwheelsguy/video/7618166232021224718	2026/03/17	祛痘膏	AI视频	24-@boldwheelsguy	屁股	涂欣然	美国	#tY+w91teJGKOaxjkMGOq/V2XBxt5ofnY19blcjMuydrx6+4VIHBIqdjqO0TAlvo=	514	0	¥0.00	¥0.00
https://www.tiktok.com/@sherollsbright/video/7618158334075505934	2026/03/17	祛痘膏	AI视频	27-@sherollsbright	屁股	邵佳运	美国	#WA3M2DnbYf9+Fx3cKwHQejMjkBuNUj1nmlcaNnoahsrd44HbGhaJv//n5cJ6pkg=	1,524	0	¥0.00	¥0.00
https://www.tiktok.com/@sherollsbright/video/7618166268108999950	2026/03/17	祛痘膏	AI视频	27-@sherollsbright	头	涂欣然	美国	#gz8099ICifSo7ITi2CInjk61M8+4/aIH/TDtj8JuuMeBRdF+DIDGEWPi9mk/Yc4=	326	0	¥0.00	¥0.00
https://www.tiktok.com/@sherollsbright/video/7618166592295292174	2026/03/17	祛痘膏	AI视频	27-@sherollsbright	屁股	刘茜	美国	#vTw75HcenHvHf/FSZbX3yoHNuIO7KJjbm6LCHV7HrMKrH+LdVN3/nhju6Yqq21Y=	425	0	¥0.00	¥0.00
https://www.tiktok.com/@fvpvc681/video/7618158461829926157?lang=en	2026/03/17	祛痘膏	AI视频	41-@fvpvc681	屁股	邵佳运	美国	#avuLUz01QiRw7BvpR+0QozsjAA0A7RCssQ+KWVPHIKxyn3YTeyyMZbYNfqWi2og=	1,046	0	¥0.00	¥0.00
https://www.tiktok.com/@fvpvc681/video/7618165906295786766?lang=en	2026/03/17	祛痘膏	AI视频	41-@fvpvc681	屁股	涂欣然	美国	#2aFjvVGMIrYIaV9FT6E22aV4RWapKB+ozcCem6D99vHZTYDcnhJdECWwC3Pxzy8=	362	0	¥0.00	¥0.00
https://www.tiktok.com/@fvpvc681/video/7618166202648628494?lang=en	2026/03/17	祛痘膏	AI视频	41-@fvpvc681	屁股	刘茜	美国	#BfSc7F2Q20WJ128I5hcXz7MHFtpu7t5EosFeONWNDif4g+rkNzFPc6f1m0acvPU=	448	0	¥0.00	¥0.00
https://www.tiktok.com/@rollfreecollective0/video/7618180400736701727	2026/03/17	祛痘膏	AI视频	01-@rollfreecollective0	屁股	赵雅如	美国	#VcqYMpTzDnin0jVZkqJuEDJQKZLzfvM0zkCTyOT7aVD/WkJ4W7yOptbQjo8rwuc=	2,340	1	¥136.75	¥0.00
https://www.tiktok.com/@rollfreecollective0/video/7618181087809916190	2026/03/17	祛痘膏	AI视频	01-@rollfreecollective0	屁股	刘茜	美国	#VCE70z5cPg3F5Yegiqdb1eTqk/JZQuFTSw0UE4OWkL2vgE5aMrHxgCeTmr6ul9w=	39,525	19	¥3,014.78	¥0.00
https://www.tiktok.com/@freeskatejoyhub/video/7618180447700356366	2026/03/17	祛痘膏	AI视频	23-@freeskatejoyhub	屁股	赵雅如	美国	#Hg1NORizHz1oix1cSA8YQTrkTBHPmq/6kjNAFl3gVBrwrvKXw8MRawdoeJdFD0Y=	998	0	¥0.00	¥0.00
https://www.tiktok.com/@freeskatejoyhub/video/7618181057581419789	2026/03/17	祛痘膏	AI视频	23-@freeskatejoyhub	屁股	刘茜	美国	#8lVT4pbPmH3uuN1m/P9VTGvfb/MqLUGTcYAJIE3YrHyotnqV7ITEGvw11nfFjSc=	1,808	1	¥131.51	¥0.00
https://www.tiktok.com/@boldwheelsguy/video/7618181003781115150	2026/03/17	祛痘膏	AI视频	24-@boldwheelsguy	屁股	赵雅如	美国	#2O7DYA79XIKxVEesgJOyWy/kBSuXRTzZyjbADN46ojsxR16Qqlum5Qql+HHHj5o=	1,521	0	¥0.00	¥0.00
https://www.tiktok.com/@boldwheelsguy/video/7618181001163984142	2026/03/17	祛痘膏	AI视频	24-@boldwheelsguy	屁股	刘茜	美国	#gtDHlNVIIIutxoPVTW2jq5gtQlEICycyvCzG+TnsXv8uJmmxIycGOiq2g2+CbFc=	1,649	0	¥0.00	¥0.00
https://www.tiktok.com/@sherollsbright/video/7618180507079052557	2026/03/17	祛痘膏	AI视频	27-@sherollsbright	屁股	赵雅如	美国	#XNcBSFCAhEfZv5RlmZJGhIbKawQ25Yrkiw0DjV+/pZSzvvkq0HuhEWYektBrpuE=	1,621	0	¥0.00	¥0.00
https://www.tiktok.com/@sherollsbright/video/7618181039512456462	2026/03/17	祛痘膏	AI视频	27-@sherollsbright	屁股	刘茜	美国	#O01mSkujHgly/5/M4EKXjlWL00iJMHj3ODXxOMMgVL3sf/lM4cT46FKZ6qOyg78=	888	0	¥0.00	¥0.00
https://www.tiktok.com/@fvpvc681/video/7618181016200449293?lang=en	2026/03/17	祛痘膏	AI视频	41-@fvpvc681	屁股	赵雅如	美国	#PZjT4m2vubQ+ARK4xPvWTUeii6t6aFsLoiumsOaae27qerXnif5zptZM1sOLiwY=	1,883	0	¥0.00	¥0.00
https://www.tiktok.com/@fvpvc681/video/7618180981341703438?lang=en	2026/03/17	祛痘膏	AI视频	41-@fvpvc681	屁股	刘茜	美国	#q4TcdXNcojSVW6wO2pUqFpf+71QNkCzh4lVsklOdbSca+prPd3LnLed0TCf4SuI=	971	0	¥0.00	¥0.00
https://www.tiktok.com/@truereliefxy01/video/7618243166449306894	2026/03/17	祛痘膏	AI视频	@truereliefxy01	屁股	朱景楷	美国		1,164	0	¥0.00	¥0.00
https://www.tiktok.com/@truereliefxy01/video/7618243981926731022	2026/03/17	祛痘膏	AI视频	@truereliefxy01	屁股	朱景楷	美国		14,375	0	¥0.00	¥0.00
https://www.tiktok.com/@truereliefxy01/video/7618244956058111246	2026/03/17	祛痘膏	AI视频	@truereliefxy01	屁股	邵佳运	美国		3,251	0	¥0.00	¥0.00
https://www.tiktok.com/@truereliefxy01/video/7618245617332145422	2026/03/17	祛痘膏	AI视频	@truereliefxy01	屁股	邵佳运	美国		35,476	0	¥0.00	¥0.00
https://www.tiktok.com/@truereliefxy01/video/7618247569105276173	2026/03/17	祛痘膏	AI视频	@truereliefxy01	屁股	朱景楷	美国		1,778	0	¥0.00	¥0.00
https://www.tiktok.com/@truereliefxy02/video/7618239505039920414	2026/03/17	祛痘膏	AI视频	@truereliefxy02	屁股	邵佳运	美国		4,766	0	¥0.00	¥0.00
https://www.tiktok.com/@truereliefxy02/video/7618240302721142046	2026/03/17	祛痘膏	AI视频	@truereliefxy02	屁股	刘茜	美国		827	0	¥0.00	¥0.00
https://www.tiktok.com/@truereliefxy02/video/7618242008213114143	2026/03/17	祛痘膏	AI视频	@truereliefxy02	屁股	赵雅如	美国		582	0	¥0.00	¥0.00
https://www.tiktok.com/@truereliefxy02/video/7618242735824309535	2026/03/17	祛痘膏	AI视频	@truereliefxy02	屁股	刘茜	美国		3,130	0	¥0.00	¥0.00
https://www.tiktok.com/@truereliefxy02/video/7618243268932881695	2026/03/17	祛痘膏	AI视频	@truereliefxy02	屁股	赵永琦	美国		55,009	0	¥0.00	¥0.00
https://www.tiktok.com/@truereliefxy02/video/7618243969981386014	2026/03/17	祛痘膏	AI视频	@truereliefxy02	屁股	赵雅如	美国		1,550	0	¥0.00	¥0.00
https://www.tiktok.com/@truereliefxy02/video/7618244587815062814	2026/03/17	祛痘膏	AI视频	@truereliefxy02	屁股	赵永琦	美国		1,611	0	¥0.00	¥0.00
https://www.tiktok.com/@truereliefxy02/video/7618245319632964894	2026/03/17	祛痘膏	AI视频	@truereliefxy02	屁股	赵永琦	美国		548	0	¥0.00	¥0.00
https://www.tiktok.com/@truereliefxy02/video/7618245943380528414	2026/03/17	祛痘膏	AI视频	@truereliefxy02	屁股	朱景楷	美国		2,294	0	¥0.00	¥0.00
https://www.tiktok.com/@truereliefxy02/video/7618247122986536222	2026/03/17	祛痘膏	AI视频	@truereliefxy02	屁股	朱景楷	美国		3,714	0	¥0.00	¥0.00
https://www.tiktok.com/@truereliefxy03/video/7618238249357675806	2026/03/17	祛痘膏	AI视频	@truereliefxy03	屁股	邵佳运	美国		5,250	0	¥0.00	¥0.00
https://www.tiktok.com/@truereliefxy03/video/7618243601021127966	2026/03/17	祛痘膏	AI视频	@truereliefxy03	屁股	邵佳运	美国		2,296	0	¥0.00	¥0.00
https://www.tiktok.com/@truereliefxy03/video/7618243920572468511	2026/03/17	祛痘膏	AI视频	@truereliefxy03	屁股	朱景楷	美国		2,858	0	¥0.00	¥0.00
https://www.tiktok.com/@truereliefxy03/video/7618244310584102175	2026/03/17	祛痘膏	AI视频	@truereliefxy03	屁股	朱景楷	美国		8,881	0	¥0.00	¥0.00
https://www.tiktok.com/@truereliefxy03/video/7618245014698724639	2026/03/17	祛痘膏	AI视频	@truereliefxy03	屁股	朱景楷	美国		31,937	0	¥0.00	¥0.00
https://www.tiktok.com/@truereliefxy03/video/7618245606363991327	2026/03/17	祛痘膏	AI视频	@truereliefxy03	屁股	朱景楷	美国		3,937	0	¥0.00	¥0.00
https://www.tiktok.com/@truereliefxy01/video/7618603620635806989	2026/03/18	祛痘膏	AI视频	@truereliefxy01	头	朱景楷	美国		3,709	0	¥0.00	¥0.00
https://www.tiktok.com/@truereliefxy01/video/7618604767601839374	2026/03/18	祛痘膏	AI视频	@truereliefxy01	头	朱景楷	美国		828	0	¥0.00	¥0.00
https://www.tiktok.com/@truereliefxy01/video/7618614350139428109	2026/03/18	祛痘膏	AI视频	@truereliefxy01	屁股	赵永琦	美国		1,288	0	¥0.00	¥0.00
https://www.tiktok.com/@truereliefxy01/video/7618614358448377101	2026/03/18	祛痘膏	AI视频	@truereliefxy01	腿	赵永琦	美国		893	0	¥0.00	¥0.00
https://www.tiktok.com/@truereliefxy01/video/7618615216628141326	2026/03/18	祛痘膏	AI视频	@truereliefxy01	背	赵永琦	美国		5,561	0	¥0.00	¥0.00
https://www.tiktok.com/@truereliefxy01/video/7618618796546280717	2026/03/18	祛痘膏	AI视频	@truereliefxy01	屁股	赵永琦	美国		13,809	0	¥0.00	¥0.00
https://www.tiktok.com/@truereliefxy01/video/7618619439872822542	2026/03/18	祛痘膏	AI视频	@truereliefxy01	背	刘茜	美国		2,428	0	¥0.00	¥0.00
https://www.tiktok.com/@truereliefxy01/video/7618788887204203789	2026/03/18	祛痘膏	AI视频	@truereliefxy01	屁股	刘茜	美国		1,298	0	¥0.00	¥0.00
https://www.tiktok.com/@truereliefxy02/video/7618599979325705503	2026/03/18	祛痘膏	AI视频	@truereliefxy02	背	赵永琦	美国		917	0	¥0.00	¥0.00
https://www.tiktok.com/@truereliefxy02/video/7618600838713462047	2026/03/18	祛痘膏	AI视频	@truereliefxy02	胸口	赵永琦	美国		2,985	0	¥0.00	¥0.00
https://www.tiktok.com/@truereliefxy02/video/7618602163253644574	2026/03/18	祛痘膏	AI视频	@truereliefxy02	屁股	刘茜	美国		72,619	0	¥0.00	¥0.00
https://www.tiktok.com/@truereliefxy02/video/7618603572166413599	2026/03/18	祛痘膏	AI视频	@truereliefxy02	屁股	赵雅如	美国		4,654	0	¥0.00	¥0.00
https://www.tiktok.com/@truereliefxy02/video/7618605104773467423	2026/03/18	祛痘膏	AI视频	@truereliefxy02	背	赵雅如	美国		4,212	0	¥0.00	¥0.00
https://www.tiktok.com/@truereliefxy02/video/7618605819227147550	2026/03/18	祛痘膏	AI视频	@truereliefxy02	挤痘	邵佳运	美国		2,351	0	¥0.00	¥0.00
https://www.tiktok.com/@truereliefxy02/video/7618607326316088607	2026/03/18	祛痘膏	AI视频	@truereliefxy02	头	朱景楷	美国		275,629	0	¥0.00	¥0.00
https://www.tiktok.com/@truereliefxy02/video/7618607940827843871	2026/03/18	祛痘膏	AI视频	@truereliefxy02	屁股	赵永琦	美国		6,757	0	¥0.00	¥0.00
https://www.tiktok.com/@truereliefxy02/video/7618608557428165919	2026/03/18	祛痘膏	AI视频	@truereliefxy02	屁股	刘茜	美国		4,901	0	¥0.00	¥0.00
https://www.tiktok.com/@truereliefxy02/video/7618609144693640479	2026/03/18	祛痘膏	AI视频	@truereliefxy02	屁股	刘茜	美国		3,419	0	¥0.00	¥0.00
https://www.tiktok.com/@truereliefxy02/video/7618609947709852958	2026/03/18	祛痘膏	AI视频	@truereliefxy02	屁股	赵雅如	美国		14,785	0	¥0.00	¥0.00
https://www.tiktok.com/@truereliefxy02/video/7618611079261785374	2026/03/18	祛痘膏	AI视频	@truereliefxy02	屁股	赵雅如	美国		76,146	0	¥0.00	¥0.00
https://www.tiktok.com/@truereliefxy02/video/7618613016375921951	2026/03/18	祛痘膏	AI视频	@truereliefxy02	背	邵佳运	美国		1,328	0	¥0.00	¥0.00
https://www.tiktok.com/@truereliefxy02/video/7618613192067009822	2026/03/18	祛痘膏	AI视频	@truereliefxy02	头	朱景楷	美国		182,462	0	¥0.00	¥0.00
https://www.tiktok.com/@truereliefxy03/video/7618608327706086687	2026/03/18	祛痘膏	AI视频	@truereliefxy03	头	朱景楷	美国		1,240	0	¥0.00	¥0.00
https://www.tiktok.com/@truereliefxy03/video/7618608758565915935	2026/03/18	祛痘膏	AI视频	@truereliefxy03	背	赵永琦	美国		54,742	0	¥0.00	¥0.00
https://www.tiktok.com/@truereliefxy03/video/7618609208967171358	2026/03/18	祛痘膏	AI视频	@truereliefxy03	背	赵永琦	美国		69,693	0	¥0.00	¥0.00
https://www.tiktok.com/@truereliefxy03/video/7618609675965189406	2026/03/18	祛痘膏	AI视频	@truereliefxy03	腿	赵永琦	美国		923	0	¥0.00	¥0.00
https://www.tiktok.com/@truereliefxy03/video/7618610144737283358	2026/03/18	祛痘膏	AI视频	@truereliefxy03	背	刘茜	美国		2,797	0	¥0.00	¥0.00
https://www.tiktok.com/@truereliefxy03/video/7618610529422101791	2026/03/18	祛痘膏	AI视频	@truereliefxy03	屁股	刘茜	美国		287	0	¥0.00	¥0.00
https://www.tiktok.com/@truereliefxy03/video/7618611082805906718	2026/03/18	祛痘膏	AI视频	@truereliefxy03	屁股	刘茜	美国		11,017	0	¥0.00	¥0.00
https://www.tiktok.com/@truereliefxy03/video/7618611711054040350	2026/03/18	祛痘膏	AI视频	@truereliefxy03	屁股	刘茜	美国		23,731	0	¥0.00	¥0.00
https://www.tiktok.com/@truereliefxy03/video/7618615877566598430	2026/03/18	祛痘膏	AI视频	@truereliefxy03	屁股	赵雅如	美国		1,085	0	¥0.00	¥0.00
https://www.tiktok.com/@truereliefxy03/video/7618616278768520478	2026/03/18	祛痘膏	AI视频	@truereliefxy03	背	赵雅如	美国		327	0	¥0.00	¥0.00
https://www.tiktok.com/@truereliefxy03/video/7618616831120510238	2026/03/18	祛痘膏	AI视频	@truereliefxy03	屁股	邵佳运	美国		1,202	0	¥0.00	¥0.00
https://www.tiktok.com/@truereliefxy03/video/7618617155768175903	2026/03/18	祛痘膏	AI视频	@truereliefxy03	工人	邵佳运	美国		413	0	¥0.00	¥0.00
https://www.tiktok.com/@rollfreecollective0/video/7618926434354072863	2026/03/19	祛痘膏	AI视频	01-@rollfreecollective0	胸口	邵佳运	美国		1,618	1	¥137.90	¥0.00
https://www.tiktok.com/@rollfreecollective0/video/7618938774604582175	2026/03/19	祛痘膏	AI视频	01-@rollfreecollective0	背	赵永琦	美国	#q62o2hNbG7itcBZGNVGUH/xU+iDHPAW28ZZxZBYMrlVS+eTKTuM3X1fvajVllDE=	5,627	1	¥195.64	¥0.00
https://www.tiktok.com/@rollfreecollective0/video/7618942713311841567	2026/03/19	祛痘膏	AI视频	01-@rollfreecollective0	脖子	赵雅如	美国	#XMRRLwun5BVrINloIhgWaEUq98ZhM0BDOCQUZU1qgzmgbM/i6XOUU3sVAanRCks=	1,486	0	¥0.00	¥0.00
https://www.tiktok.com/@rollfreecollective0/video/7618942991587134751	2026/03/19	祛痘膏	AI视频	01-@rollfreecollective0	腿	刘茜	美国	#k4V+amgk47OK33Gotmv9w+s8kTdE5/3rlJbiozrG5aSxYJl2eCTDKZ3DAoGbOok=	2,272	1	¥190.81	¥0.00
https://www.tiktok.com/@ibdqdifp/video/7618938821203201293	2026/03/19	祛痘膏	AI视频	06-@ibdqdifp	脸	赵永琦	美国	#9+nphEkTgdhEQEC+qA8F9zYpDxB5y2FDVlzuf5uw9eZEB6tvDG1QUYnwyP5eePo=	1,097	0	¥0.00	¥0.00
https://www.tiktok.com/@ibdqdifp/video/7618942680613096718	2026/03/19	祛痘膏	AI视频	06-@ibdqdifp	脖子	赵雅如	美国	#fLTGwbYhv2qDOFszJCInn+xZJZTljB+vhn0U4Tj9oNxwGmow+CQE49jAYRomchU=	1,709	0	¥0.00	¥0.00
https://www.tiktok.com/@ibdqdifp/video/7618942996167363854	2026/03/19	祛痘膏	AI视频	06-@ibdqdifp	屁股	刘茜	美国	#zxmai88c+mVfPfg3oA1sYZtJSWer5Iu5xWw4PtCr7BU/D5zwj7HZBb+j+GL/et8=	1,845	0	¥0.00	¥0.00
https://www.tiktok.com/@graham.felix2/video/7618938774965341471	2026/03/19	祛痘膏	AI视频	15-@graham.felix2	脸	赵永琦	美国	#0CJ/H1cDMRfaa2BXgAeqmPxj4gDHYf75CV/7iv8C0aSlXa3YUZwzT2T4LONVcX0=	3,338	0	¥0.00	¥0.00
https://www.tiktok.com/@graham.felix2/video/7618942688376769823	2026/03/19	祛痘膏	AI视频	15-@graham.felix2	屁股	刘茜	美国	#YNIoNrdyVwfSGxLcQmDj5D2pYDWFMoju6Ti/ZsnBUxiWfxcUE4os224gAUjVj6M=	1,438	0	¥0.00	¥0.00
https://www.tiktok.com/@graham.felix2/video/7618942936046226718	2026/03/19	祛痘膏	AI视频	15-@graham.felix2	腿	赵雅如	美国	#ZU2oko5blPUYkVLBmwf22NfhtbimuVAGbni4t/v7dPUgvtkKCRdjbMUJ5WPpFFM=	3,520	1	¥216.10	¥1.84
https://www.tiktok.com/@freeskatejoyhub/video/7618938778509511949	2026/03/19	祛痘膏	AI视频	23-@freeskatejoyhub	胸口	赵永琦	美国	#/jhop9u2ANY22l0gHPsTsKSkR+4LKDk+sxKuBkHIvs1z4qq4IFn/xfxw7KNKxfk=	2,911	1	¥136.75	¥0.00
https://www.tiktok.com/@freeskatejoyhub/video/7618942670181862670	2026/03/19	祛痘膏	AI视频	23-@freeskatejoyhub	腿	赵雅如	美国	#wWd5kgDjGMh/2A1FrnUMoSuYHY3OcHGRx0aK22zv/UilIGwoHxyajQ8AmtUKDzk=	1,573	0	¥0.00	¥0.00
https://www.tiktok.com/@freeskatejoyhub/video/7618942965418953997	2026/03/19	祛痘膏	AI视频	23-@freeskatejoyhub	屁股	刘茜	美国	#iijia+buwZP3hb93f+dqvE4wk7IRi+nRH27/qKQwln8AZJX8iB4GnTrnGqsgXCg=	1,690	1	¥137.90	¥0.00
https://www.tiktok.com/@boldwheelsguy/video/7618938842942295309	2026/03/19	祛痘膏	AI视频	24-@boldwheelsguy	屁股	赵永琦	美国	#c/c5H6DTmVoS0ByLz555RV/PdKeLkwJZu/jaMA7KZmssTGXaYP6leGOzJ2Uxqzw=	1,517	0	¥0.00	¥0.00
https://www.tiktok.com/@boldwheelsguy/video/7618942747713473805	2026/03/19	祛痘膏	AI视频	24-@boldwheelsguy	腿	赵雅如	美国	#HU+HY6WBtlEJJ0vhwgAUenDVdCVoRes8tkQTrI2Ofiqp+KM9bPEpqkMUkwhWIu4=	1,192	0	¥0.00	¥0.00
https://www.tiktok.com/@boldwheelsguy/video/7618943039888739598	2026/03/19	祛痘膏	AI视频	24-@boldwheelsguy	屁股	刘茜	美国	#tsB6SxpsR6qIrIJ7b5V/vajHFXKQwT/TjDPzChJzMwSUFWWpTmiitWun9lHC1RQ=	14,337	2	¥274.65	¥0.00
https://www.tiktok.com/@sherollsbright/video/7618939738510216461	2026/03/19	祛痘膏	AI视频	27-@sherollsbright	腿	赵永琦	美国	#o8XX+B6329QgnbuwSaFnk7omWYkL/KB86p+5Q8qIiGPJuWQfm1sOHhQ1JkKKhYo=	6,246	0	¥0.00	¥0.00
https://www.tiktok.com/@sherollsbright/video/7618940070824889614	2026/03/19	祛痘膏	AI视频	27-@sherollsbright	脸	赵雅如	美国	#3Ro/SjtsZj4sCeG3eq2eOE5kyJxlPAE/xuvtAKTCtc2in0GEYF2xIfjTVcmhrG4=	220	0	¥0.00	¥0.00
https://www.tiktok.com/@sherollsbright/video/7618940390976064782	2026/03/19	祛痘膏	AI视频	27-@sherollsbright	背	刘茜	美国	#lLXrtcOJCf3VWHMNOSND8fIEIeCDICMmgvRP095TAg5MoInmDRDeu55IUt9iX0U=	2,383	0	¥0.00	¥0.00
https://www.tiktok.com/@wheelbeat/video/7618939700274908447	2026/03/19	祛痘膏	AI视频	28-@wheelbeat	额头	赵永琦	美国	#r7G9QN0VtK5+55HgRFzxt+WBSPQHvZ7SUVSouzpMtVtvlXyG2A3Awfa4e+zpT/A=	264	0	¥0.00	¥0.00
https://www.tiktok.com/@wheelbeat/video/7618940016684846366	2026/03/19	祛痘膏	AI视频	28-@wheelbeat	背	赵雅如	美国	#sOEC92vLxS/LIgV1EF4kMuICa0f60wPqCPKZDN1wSW4ScXIUOP8N+FIfwCnDK4k=	228	0	¥0.00	¥0.00
https://www.tiktok.com/@wheelbeat/video/7618940349733522718	2026/03/19	祛痘膏	AI视频	28-@wheelbeat	腋下	刘茜	美国	#PQlhWHCuHy+saDUvJ0g+51WxqPEaNPmbCVv3380CTts8ynHVt6U3D8K6K8YQgmM=	758	0	¥0.00	¥0.00
https://www.tiktok.com/@fvpvc681/video/7618939723276422413?lang=en	2026/03/19	祛痘膏	AI视频	41-@fvpvc681	屁股	赵永琦	美国	#e4Dpq5t9LEgj8Rh+hWCOXtjtKgwYRFM8m9Rl8iP0aXCgaDyfKHGV77zs04F7SqM=	1,223	0	¥0.00	¥0.00
https://www.tiktok.com/@fvpvc681/video/7618940080312306957?lang=en	2026/03/19	祛痘膏	AI视频	41-@fvpvc681	脖子	刘茜	美国	#5YFnlCelH/u0O77YYsI3yYRh5kSSd3S7G4CG4yRNHOsc00JffXf5clbs4olVoDA=	4,043	5	¥729.50	¥0.00
https://www.tiktok.com/@fvpvc681/video/7618940419887336718?lang=en	2026/03/19	祛痘膏	AI视频	41-@fvpvc681	腋下	赵雅如	美国	#YEXEsfDSZ9J58tX0BoaO83ClfnwrIZ86MOUrkPPtLiB6Bk0UgkftFDWfKku22oU=	1,760	0	¥0.00	¥0.00
https://www.tiktok.com/@truereliefxy01/video/7618973868333567245	2026/03/19	祛痘膏	AI视频	@truereliefxy01	屁股	刘茜	美国		1,396	0	¥0.00	¥0.00
https://www.tiktok.com/@truereliefxy01/video/7618974978804960525	2026/03/19	祛痘膏	AI视频	@truereliefxy01	屁股	刘茜	美国		1,482	0	¥0.00	¥0.00
https://www.tiktok.com/@truereliefxy01/video/7618980377322966285	2026/03/19	祛痘膏	AI视频	@truereliefxy01	屁股	邵佳运	美国		870	0	¥0.00	¥0.00
https://www.tiktok.com/@truereliefxy01/video/7618984197180411149	2026/03/19	祛痘膏	AI视频	@truereliefxy01	屁股	邵佳运	美国		1,830	0	¥0.00	¥0.00
https://www.tiktok.com/@truereliefxy01/video/7618985502343023886	2026/03/19	祛痘膏	AI视频	@truereliefxy01	屁股	邵佳运	美国		510	0	¥0.00	¥0.00
https://www.tiktok.com/@truereliefxy01/video/7618987713747864845	2026/03/19	祛痘膏	AI视频	@truereliefxy01	屁股	赵雅如	美国		110	0	¥0.00	¥0.00
https://www.tiktok.com/@truereliefxy01/video/7618988380038204686	2026/03/19	祛痘膏	AI视频	@truereliefxy01	屁股	朱景楷	美国		1,043	0	¥0.00	¥0.00
https://www.tiktok.com/@truereliefxy01/video/7618988758540487949	2026/03/19	祛痘膏	AI视频	@truereliefxy01	屁股	朱景楷	美国		1,015	0	¥0.00	¥0.00
https://www.tiktok.com/@truereliefxy02/video/7618972899134770463	2026/03/19	祛痘膏	AI视频	@truereliefxy02	屁股	涂欣然	美国		445	0	¥0.00	¥0.00
https://www.tiktok.com/@truereliefxy02/video/7618974740652363039	2026/03/19	祛痘膏	AI视频	@truereliefxy02	屁股	邵佳运	美国		1,072	0	¥0.00	¥0.00
https://www.tiktok.com/@truereliefxy02/video/7618980346427706655	2026/03/19	祛痘膏	AI视频	@truereliefxy02	屁股	涂欣然	美国		1,278	0	¥0.00	¥0.00
https://www.tiktok.com/@truereliefxy02/video/7618984161742769438	2026/03/19	祛痘膏	AI视频	@truereliefxy02	屁股	朱景楷	美国		1,845	0	¥0.00	¥0.00
https://www.tiktok.com/@truereliefxy02/video/7618985436551089439	2026/03/19	祛痘膏	AI视频	@truereliefxy02	屁股	涂欣然	美国		5,122	0	¥0.00	¥0.00
https://www.tiktok.com/@truereliefxy02/video/7618987245147606303	2026/03/19	祛痘膏	AI视频	@truereliefxy02	屁股	刘茜	美国		1,671	0	¥0.00	¥0.00
https://www.tiktok.com/@truereliefxy02/video/7618987559212862751	2026/03/19	祛痘膏	AI视频	@truereliefxy02	屁股	邵佳运	美国		1,318	0	¥0.00	¥0.00
https://www.tiktok.com/@truereliefxy03/video/7618974231837166879	2026/03/19	祛痘膏	AI视频	@truereliefxy03	屁股	刘茜	美国		1,210	0	¥0.00	¥0.00
https://www.tiktok.com/@truereliefxy03/video/7618974525610380575	2026/03/19	祛痘膏	AI视频	@truereliefxy03	头	涂欣然	美国		685	0	¥0.00	¥0.00
https://www.tiktok.com/@truereliefxy03/video/7618980375041150238	2026/03/19	祛痘膏	AI视频	@truereliefxy03	屁股	赵雅如	美国		679	0	¥0.00	¥0.00
https://www.tiktok.com/@truereliefxy03/video/7618983920817818910	2026/03/19	祛痘膏	AI视频	@truereliefxy03	屁股	赵雅如	美国		753	0	¥0.00	¥0.00
https://www.tiktok.com/@truereliefxy03/video/7618985238881996063	2026/03/19	祛痘膏	AI视频	@truereliefxy03	屁股	赵雅如	美国		742	0	¥0.00	¥0.00
https://www.tiktok.com/@truereliefxy03/video/7618986231011085599	2026/03/19	祛痘膏	AI视频	@truereliefxy03	屁股	赵雅如	美国		1,400	0	¥0.00	¥0.00
https://www.tiktok.com/@truereliefxy03/video/7618987462102093086	2026/03/19	祛痘膏	AI视频	@truereliefxy03	屁股	赵雅如	美国		735	0	¥0.00	¥0.00
https://www.tiktok.com/@truereliefxy03/video/7618988074047065375	2026/03/19	祛痘膏	AI视频	@truereliefxy03	屁股	赵雅如	美国		1,344	0	¥0.00	¥0.00
https://www.tiktok.com/@rollfreecollective0/video/7619188836362407199	2026/03/20	祛痘膏	AI视频	01-@rollfreecollective0	屁股	邵佳运	美国	#TPpn8ZWS8M5n0L0yPxhgR9pIC8Ufz1a4xcU7oPAHIbVde2v9yu9gBFB3qDDNT9w=	3,811	1	¥136.75	¥0.00
https://www.tiktok.com/@rollfreecollective0/video/7619289484927995167	2026/03/20	祛痘膏	AI视频	01-@rollfreecollective0	屁股	赵永琦	美国	#czOGfUXU0GdmGPiNeZu4r9VjsQf8uJSIkejILlfMjUE6KA9vstsK0+5fiyhbqw4=	1,902	1	¥137.90	¥0.00
https://www.tiktok.com/@rollfreecollective0/video/7619290244688465182	2026/03/20	祛痘膏	AI视频	01-@rollfreecollective0	背	赵永琦	美国	#qB9UfNhQUXHMBZR40Jtlw4WZqNnB31VXFBmzkhm5iAWu1/Jp8xIAJnbsNK+MSh8=	495	0	¥0.00	¥0.00
https://www.tiktok.com/@rollfreecollective0/video/7619291430049058078	2026/03/20	祛痘膏	AI视频	01-@rollfreecollective0	脸	邵佳运	美国	#qZE4uYa4+atEv8ZQBGSp79EKU4s4xhJPhWNPzqUx7Kz4U2rnRUjnMBfBm5dQENQ=	378	0	¥0.00	¥0.00
https://www.tiktok.com/@ibdqdifp/video/7619289552309570830	2026/03/20	祛痘膏	AI视频	06-@ibdqdifp	屁股	赵永琦	美国	#TflotZjR55nFbrc5J6yV3jDbb/qSZismFRUUTc4GUP2OT2RADtTmerxMz9b4TQ0=	1,670	0	¥0.00	¥0.00
https://www.tiktok.com/@ibdqdifp/video/7619290321238740238	2026/03/20	祛痘膏	AI视频	06-@ibdqdifp	屁股	赵永琦	美国	#VA3+ZqIWAC5pm+FyMEMmTnupqOsq65tV87y0lj+XOJG1Hja8N1cQG367qxIOG/w=	1,586	1	¥136.75	¥17.20
https://www.tiktok.com/@ibdqdifp/video/7619290790031822093	2026/03/20	祛痘膏	AI视频	06-@ibdqdifp	屁股	赵永琦	美国	#AmAg462M0AX5y57Pv1VaM29kWY7w2hHNXeBIq5xhghXJY8S6OI0mVJnN3m87hEc=	432	0	¥0.00	¥0.00
https://www.tiktok.com/@graham.felix2/video/7619270693418470687	2026/03/20	祛痘膏	AI视频	15-@graham.felix2	鼻子	邵佳运	美国	#NKwJ4mlBRmNVPbPnihm1rkQPold2Q7UshXQ+mgkIlxmrFtlmiuI4hx5BebY5Ta4=	3,796	4	¥675.31	¥95.34
https://www.tiktok.com/@graham.felix2/video/7619289518843104542	2026/03/20	祛痘膏	AI视频	15-@graham.felix2	屁股	赵永琦	美国	#aau7hb1vWn40amEO2LRArhccUFXV34jvVlqL1YZcVA5j/tOyA1cvjexwHKu3VuU=	5,250	3	¥405.08	¥3.98
https://www.tiktok.com/@graham.felix2/video/7619290254037568798	2026/03/20	祛痘膏	AI视频	15-@graham.felix2	屁股	刘茜	美国	#55z1JvB4Xx8+9UJv40poUxqSUEAlXUtcNjem5iB2uW1QQy7CB+0JohFzqiAeoDU=	9,412	1	¥139.94	¥21.25
https://www.tiktok.com/@freeskatejoyhub/video/7619271236186656013	2026/03/20	祛痘膏	AI视频	23-@freeskatejoyhub	屁股	邵佳运	美国	#HXsyLWBRpuZjXBnP6rgS6XOodAX1RV3SKA7q2Hvv1GVtui43iJyouDMEhpeAHDo=	2,087	0	¥0.00	¥0.00
https://www.tiktok.com/@freeskatejoyhub/video/7619289505429769486	2026/03/20	祛痘膏	AI视频	23-@freeskatejoyhub	挤痘	朱景楷	美国	#aDQVjPD9CHbYQOoKCWb8m4o08BPiMeXF3gwWAasIDTlWpZDRDbCxBqFcBl0KLiM=	1,083	0	¥0.00	¥0.00
https://www.tiktok.com/@freeskatejoyhub/video/7619290274891730190	2026/03/20	祛痘膏	AI视频	23-@freeskatejoyhub	屁股	刘茜	美国	#axGBwuLMuwpwKP8VDrQwHJrVRcL4xdMb6aSRpgl5IeByuAP+Dnb1539xa+/giM8=	1,841	0	¥0.00	¥0.00
https://www.tiktok.com/@boldwheelsguy/video/7619271555893316877	2026/03/20	祛痘膏	AI视频	24-@boldwheelsguy	鼻子	邵佳运	美国	#La6SmStQPQNPjX28FxxRQJZN4TCRqSHga/SiGz6gWIzABoypPvCFye0sRIYTXeE=	282	0	¥0.00	¥0.00
https://www.tiktok.com/@boldwheelsguy/video/7619289494679850254	2026/03/20	祛痘膏	AI视频	24-@boldwheelsguy	挤痘	朱景楷	美国	#dJyojTN9wBAFW/ZNioN3htBwBAmfeeIJBzmoLXalaOQYyQbOVzw1QDgKwaDGvGI=	1,902	0	¥0.00	¥0.00
https://www.tiktok.com/@boldwheelsguy/video/7619290318726384909	2026/03/20	祛痘膏	AI视频	24-@boldwheelsguy	腋下	赵雅如	美国	#PT5Z5EjVVcjmt+SoqPoqkC1x71KbjXKcKhOBinkcgQaa4pR861UR+meuY1PKmFM=	2,269	2	¥263.09	¥0.00
https://www.tiktok.com/@sherollsbright/video/7619289570638597390	2026/03/20	祛痘膏	AI视频	27-@sherollsbright	屁股	赵永琦	美国	#+ZbxHvaLf7330qi4LOOdLOrBtOd7x6Q6QNZAxGkJF9nHHdV9QAFj688E4QkZtRw=	6,181	2	¥288.46	¥0.00
https://www.tiktok.com/@sherollsbright/video/7619290182709251342	2026/03/20	祛痘膏	AI视频	27-@sherollsbright	挤痘	朱景楷	美国	#sUZ4mFlWmU82QrJr9aqgcI/LfTtsbxjDZD2l7wt/Vi1ghiDw9+jRH+X0WLjLicA=	328	0	¥0.00	¥0.00
https://www.tiktok.com/@sherollsbright/video/7619290796251991310	2026/03/20	祛痘膏	AI视频	27-@sherollsbright	腿	赵雅如	美国	#nUdgVtOScDDm5GRWDWmHdLgsUYegWOdnpo3EQYvpjjucT6WiUi69pRSdu74DAQ8=	311	0	¥0.00	¥0.00
https://www.tiktok.com/@fvpvc681/video/7619289617497345293?lang=en	2026/03/20	祛痘膏	AI视频	41-@fvpvc681	屁股	赵永琦	美国	#zdq2KAiKZjD+JBceyoQfvX2vQLXHzER6cu8qowz05Tyg4GMk6lBcTLF7Pg5jhYI=	17,622	1	¥136.75	¥0.00
https://www.tiktok.com/@fvpvc681/video/7619290307758198030?lang=en	2026/03/20	祛痘膏	AI视频	41-@fvpvc681	屁股	赵永琦	美国	#T1BiVM0jVWaHVNbonlGkasxxBaG1HTvxOpLNn3CXWDllhVuO9keViENcbDc1/mI=	1,167	0	¥0.00	¥0.00
https://www.tiktok.com/@fvpvc681/video/7619290796952505613?lang=en	2026/03/20	祛痘膏	AI视频	41-@fvpvc681	背	邵佳运	美国	#9LNIcLafwCvbTrGxad/r0yBTctvIbVcL48AsB6Q/eRoAE2OiFH4alZfcaBFQhYk=	1,034	0	¥0.00	¥0.00
https://www.tiktok.com/@truereliefxy01/video/7619226836949667085	2026/03/20	祛痘膏	AI视频	@truereliefxy01	屁股	朱景楷	美国		1,322	0	¥0.00	¥0.00
https://www.tiktok.com/@truereliefxy01/video/7619229258136702221	2026/03/20	祛痘膏	AI视频	@truereliefxy01	屁股	朱景楷	美国		979	0	¥0.00	¥0.00
https://www.tiktok.com/@truereliefxy01/video/7619232580642032910	2026/03/20	祛痘膏	AI视频	@truereliefxy01	屁股	赵永琦	美国		4,422	0	¥0.00	¥0.00
https://www.tiktok.com/@truereliefxy01/video/7619238873784274190	2026/03/20	祛痘膏	AI视频	@truereliefxy01	屁股	赵永琦	美国		689	0	¥0.00	¥0.00
https://www.tiktok.com/@truereliefxy01/video/7619242436014935309	2026/03/20	祛痘膏	AI视频	@truereliefxy01	屁股	刘茜	美国		1,963	0	¥0.00	¥0.00
https://www.tiktok.com/@truereliefxy01/video/7619243634289839374	2026/03/20	祛痘膏	AI视频	@truereliefxy01	屁股	赵雅如	美国		2,389	0	¥0.00	¥0.00
https://www.tiktok.com/@truereliefxy01/video/7619245198790511885	2026/03/20	祛痘膏	AI视频	@truereliefxy01	屁股	朱景楷	美国		1,667	0	¥0.00	¥0.00
https://www.tiktok.com/@truereliefxy01/video/7619246480372567310	2026/03/20	祛痘膏	AI视频	@truereliefxy01	屁股	邵佳运	美国		2,790	0	¥0.00	¥0.00
https://www.tiktok.com/@truereliefxy02/video/7619217406006693150	2026/03/20	祛痘膏	AI视频	@truereliefxy02	屁股	刘茜	美国		2,883	0	¥0.00	¥0.00
https://www.tiktok.com/@truereliefxy02/video/7619218297166269726	2026/03/20	祛痘膏	AI视频	@truereliefxy02	屁股	朱景楷	美国		1,883	0	¥0.00	¥0.00
https://www.tiktok.com/@truereliefxy02/video/7619219805945482527	2026/03/20	祛痘膏	AI视频	@truereliefxy02	屁股	赵永琦	美国		6,760	0	¥0.00	¥0.00
https://www.tiktok.com/@truereliefxy02/video/7619220206187040031	2026/03/20	祛痘膏	AI视频	@truereliefxy02	屁股	刘茜	美国		3,849	0	¥0.00	¥0.00
https://www.tiktok.com/@truereliefxy02/video/7619220516011789599	2026/03/20	祛痘膏	AI视频	@truereliefxy02	屁股	邵佳运	美国		3,875	0	¥0.00	¥0.00
https://www.tiktok.com/@truereliefxy02/video/7619221428830817566	2026/03/20	祛痘膏	AI视频	@truereliefxy02	屁股	赵永琦	美国		5,661	0	¥0.00	¥0.00
https://www.tiktok.com/@truereliefxy02/video/7619221959104023839	2026/03/20	祛痘膏	AI视频	@truereliefxy02	屁股	朱景楷	美国		326,162	0	¥0.00	¥0.00
https://www.tiktok.com/@truereliefxy02/video/7619222344820641054	2026/03/20	祛痘膏	AI视频	@truereliefxy02	屁股	邵佳运	美国		165,294	0	¥0.00	¥0.00
https://www.tiktok.com/@truereliefxy03/video/7619217645925059870	2026/03/20	祛痘膏	AI视频	@truereliefxy03	屁股	朱景楷	美国		1,837	0	¥0.00	¥0.00
https://www.tiktok.com/@truereliefxy03/video/7619220587407346974	2026/03/20	祛痘膏	AI视频	@truereliefxy03	屁股	邵佳运	美国		4,860	0	¥0.00	¥0.00
https://www.tiktok.com/@truereliefxy03/video/7619221699141094687	2026/03/20	祛痘膏	AI视频	@truereliefxy03	屁股	邵佳运	美国		3,562	0	¥0.00	¥0.00
https://www.tiktok.com/@truereliefxy03/video/7619222063550713119	2026/03/20	祛痘膏	AI视频	@truereliefxy03	屁股	赵永琦	美国		831	0	¥0.00	¥0.00
https://www.tiktok.com/@truereliefxy03/video/7619222302202400031	2026/03/20	祛痘膏	AI视频	@truereliefxy03	屁股	赵永琦	美国		166	0	¥0.00	¥0.00
https://www.tiktok.com/@truereliefxy03/video/7619222989556436255	2026/03/20	祛痘膏	AI视频	@truereliefxy03	屁股	刘茜	美国		1,245	0	¥0.00	¥0.00
https://www.tiktok.com/@truereliefxy03/video/7619223968741936415	2026/03/20	祛痘膏	AI视频	@truereliefxy03	屁股	刘茜	美国		4,450	0	¥0.00	¥0.00
https://www.tiktok.com/@ibdqdifp/video/7619628258153205006	2026/03/21	祛痘膏	AI视频	06-@ibdqdifp	屁股	赵雅如	美国	#ggNI5VEDIVyRdUqCRw7M/UBrsOfRwlmKeYFmGgqoekv92yrKoVBf38iJ/WSc8fM=	1,074	0	¥0.00	¥0.00
https://www.tiktok.com/@ibdqdifp/video/7619629054886432013	2026/03/21	祛痘膏	AI视频	06-@ibdqdifp	屁股	赵雅如	美国	#TrMi1o1DQHnOCRG7XdV3lv9Dw5Kb58IDebrmfM+ENLvpVlBGqymWx/SS8EOAtuY=	1,239	1	¥131.51	¥17.20
https://www.tiktok.com/@ibdqdifp/video/7619629669154901262	2026/03/21	祛痘膏	AI视频	06-@ibdqdifp	屁股	刘茜	美国	#nZOBJCeCzacgqiZopjUZJd0d6FabjWKQC3s0WTsUFHMzI2qZKy1M4t1yq+yPQyE=	342	0	¥0.00	¥0.00
https://www.tiktok.com/@ibdqdifp/video/7619630964112739597	2026/03/21	祛痘膏	AI视频	06-@ibdqdifp	屁股	刘茜	美国	#T3gM6qGrniypuX1SzLgW+RCMH8x/yPeI57vwHPczgI7zNgBDrwbbTyyF+3VSbb4=	1,522	0	¥0.00	¥0.00
https://www.tiktok.com/@ibdqdifp/video/7619631028897893646	2026/03/21	祛痘膏	AI视频	06-@ibdqdifp	屁股	朱景楷	美国	#XntTfaUqP7VWSjFC9PAZaTASb0gH0zOlxkZaTmAD5l4UslrLDWdfLwoUyskUfe8=	329	0	¥0.00	¥0.00
https://www.tiktok.com/@graham.felix2/video/7619628351732387102	2026/03/21	祛痘膏	AI视频	15-@graham.felix2	屁股	赵雅如	美国	#EOIwm6kopUIlhuwr1Ac8aiuXCOj0mLyNw/OS0AkZ4Rhrze1Ep/uwBAXYYH51YR8=	1,146	0	¥0.00	¥0.00
https://www.tiktok.com/@graham.felix2/video/7619629286122736926	2026/03/21	祛痘膏	AI视频	15-@graham.felix2	腿	刘茜	美国	#2n6kLOxw/TTGJdtAAt0WrMy6CULIWJSdrAnp866zUSeOr8cB4kNd8h17+v/RMGI=	3,181	2	¥268.26	¥38.45
https://www.tiktok.com/@graham.felix2/video/7619629721302633759	2026/03/21	祛痘膏	AI视频	15-@graham.felix2	屁股	赵雅如	美国	#Nvz5PVqwh6Q8PcOFR376ZBlyWIjvnoxlmggQuTQE8JzJ/C3b8nFkWPyhGfXEVbE=	6,183	4	¥568.75	¥63.31
https://www.tiktok.com/@graham.felix2/video/7619630440302923038	2026/03/21	祛痘膏	AI视频	15-@graham.felix2	屁股	刘茜	美国	#4r5L7ZPHFpFD77aq9/mrSBddksfj1k/3qau9meiHcHRZyjXb5WCeI05suhRqNRg=	1,937	0	¥0.00	¥0.00
https://www.tiktok.com/@graham.felix2/video/7619631051324787998	2026/03/21	祛痘膏	AI视频	15-@graham.felix2	屁股	朱景楷	美国	#wxR8/0WLCq/rQHq7bXkgfaXlQGRe7/SFJDHm/kpaE5d52qpblqdXkOrJUHJA6VQ=	391	0	¥0.00	¥0.00
https://www.tiktok.com/@freeskatejoyhub/video/7619628309357399309	2026/03/21	祛痘膏	AI视频	23-@freeskatejoyhub	腿	赵雅如	美国	#ztJuSRbsEM7ec982EKqNUFChziII7x+xLD2Lc6v2wbiwteZeG9yYAtONXK8GM7w= 	2,038	0	¥0.00	¥0.00
https://www.tiktok.com/@freeskatejoyhub/video/7619628923164380430	2026/03/21	祛痘膏	AI视频	23-@freeskatejoyhub	背	刘茜	美国	#Ii16RIpghWariEz597F3rfI3ECLO+M683j3fdnTaw2AZ5kHfxHwATq96wFtSY5E=	1,304	0	¥0.00	¥0.00
https://www.tiktok.com/@freeskatejoyhub/video/7619629661991046414	2026/03/21	祛痘膏	AI视频	23-@freeskatejoyhub	屁股	赵雅如	美国	#ENVdikPCWF7mk9VS8JnCIaulW9wMirVlNDC8Argh0B5oZrMdf9XzGJarJZ5jERg=	1,158	0	¥0.00	¥0.00
https://www.tiktok.com/@freeskatejoyhub/video/7619630334283369742	2026/03/21	祛痘膏	AI视频	23-@freeskatejoyhub	屁股	刘茜	美国	#24n+R/7l0GMOM836rzY7zJl6ZlSvrsBtjFVEqcudT7nMNC/bKie4DfcAs8C5YIw=	1,876	0	¥0.00	¥0.00
https://www.tiktok.com/@freeskatejoyhub/video/7619631065149213965	2026/03/21	祛痘膏	AI视频	23-@freeskatejoyhub	胸口	朱景楷	美国	#A3V037PPVpdBC4kgW8axW5PavBcvN4J/ZWZcksT/2yP43Dt5//R1HDuxLbIaLXI=	295	0	¥0.00	¥0.00
https://www.tiktok.com/@boldwheelsguy/video/7619628360519453966	2026/03/21	祛痘膏	AI视频	24-@boldwheelsguy	屁股	赵雅如	美国	#oeCPqBHU3NGwbsfqtmyHrOBU31pITtM6Bk4Qh80P6+CDmYUQbWykMCswde6UnZw=	1,137	0	¥0.00	¥0.00
https://www.tiktok.com/@boldwheelsguy/video/7619629471666097421	2026/03/21	祛痘膏	AI视频	24-@boldwheelsguy	腿	刘茜	美国	#qVp1nyRlDAUDAioRnGQIjkdkcHsunSrG0tnnR6qAaZKoN69qW9tqFwYrAlU2rbo=	203	0	¥0.00	¥0.00
https://www.tiktok.com/@boldwheelsguy/video/7619629799207619853	2026/03/21	祛痘膏	AI视频	24-@boldwheelsguy	腿	赵雅如	美国	#MtQSmqtar0ss4buuu4uwsSWpbbXQc+sT+cllReadanFV9ASJpn/V2/fdTqXCoIU=	822	0	¥0.00	¥0.00
https://www.tiktok.com/@boldwheelsguy/video/7619630436251077902	2026/03/21	祛痘膏	AI视频	24-@boldwheelsguy	屁股	刘茜	美国	#rqzZnTBrPw1e9xUgskv4SET6XGRTOlsYWqHM3w9UMFelx6wFW+2QEfMfEs9HfC8=	1,123	0	¥0.00	¥0.00
https://www.tiktok.com/@boldwheelsguy/video/7619630929908092174	2026/03/21	祛痘膏	AI视频	24-@boldwheelsguy	屁股	赵永琦	美国	#X41B5//3GH/eGZFyslB/D7dTKa+lp7sWTChGz+sBOFhmDTAgt52Fw+X72o48BZc=	1,135	0	¥0.00	¥0.00
https://www.tiktok.com/@sherollsbright/video/7619628414772710670	2026/03/21	祛痘膏	AI视频	27-@sherollsbright	背	赵雅如	美国	#Q6L3t5PnwUqgkpSX91s2v6EqZoSR/qXXYzixFI4c3CStBxC/J+6Hr8WKS1RqwqI=	2,706	1	¥136.75	¥0.00
https://www.tiktok.com/@sherollsbright/video/7619629042060250382	2026/03/21	祛痘膏	AI视频	27-@sherollsbright	背	刘茜	美国	#J8HcuRiDprgS7b8uZqCbCuDp+pkMfmAcoiwTM91twamMuniq3hv+HdxPoC0NPg4=	311	0	¥0.00	¥0.00
https://www.tiktok.com/@sherollsbright/video/7619629619477531918	2026/03/21	祛痘膏	AI视频	27-@sherollsbright	屁股	赵雅如	美国	#CwkfKtptA0GgFZiJiZ/mzzdFwcPvagQN8sEL+vpA9Kkvfj0k/Kniq5gX4t6xBtA=	1,015	0	¥0.00	¥0.00
https://www.tiktok.com/@sherollsbright/video/7619631074661895438	2026/03/21	祛痘膏	AI视频	27-@sherollsbright	背	刘茜	美国	#ahOYflqw0luhW/uy3MaRcZmMe2VFdIoD9aq2+AGbpJTnbbhZ40vxR5XjVVZdnZI=	620	0	¥0.00	¥0.00
https://www.tiktok.com/@sherollsbright/video/7619630993460317453	2026/03/21	祛痘膏	AI视频	27-@sherollsbright	背	赵永琦	美国	#7iC59am91HVOqn8eqGWRIrWxSOjys/F5o0dmq7chS1MUqnd9NBehlcJ5wu14LIY=	2,066	1	¥217.60	¥0.00
https://www.tiktok.com/@fvpvc681/video/7619628410448465165?lang=en	2026/03/21	祛痘膏	AI视频	41-@fvpvc681	屁股	赵雅如	美国	#OOUrvl+oNsu4qu1UX+qAQy0pRYnxo8Xg7hj5Rb4VUbQgKIUTQm0tlkJS36A9vsM=	1,010	0	¥0.00	¥0.00
https://www.tiktok.com/@fvpvc681/video/7619628990478699789?lang=en	2026/03/21	祛痘膏	AI视频	41-@fvpvc681	背	刘茜	美国	#7RirNHOya1YVMxNSEkOJ1YZTQnpOF5ZWCDKQ7P3ywHS/VIc2LZyFcJ++BOUTbEk=	208	0	¥0.00	¥0.00
https://www.tiktok.com/@fvpvc681/video/7619629651194858765?lang=en	2026/03/21	祛痘膏	AI视频	41-@fvpvc681	屁股	赵雅如	美国	#fntRfDUSltBODiGAErOqFw2Y0YU312Z9g+f1AdVxxUG0Vcl580VYjMx8aKBKiUo=	1,941	0	¥0.00	¥0.00
https://www.tiktok.com/@fvpvc681/video/7619630358945991949?lang=en	2026/03/21	祛痘膏	AI视频	41-@fvpvc681	屁股	刘茜	美国	#llaoOEf2nJvzOCgdMGV5pECQOgBcc/aFCga8K+OT7kOES02qbIqXZeE3d+S1knU=	1,531	0	¥0.00	¥0.00
https://www.tiktok.com/@fvpvc681/video/7619630982605409549?lang=en	2026/03/21	祛痘膏	AI视频	41-@fvpvc681	背	赵永琦	美国	#gUAyqZ1WBn6psD11em1kzjTZeHq4PlNLqYEH59l38SR/FBycB6WOwGkLu9pK7ug=	22,486	2	¥453.36	¥0.00
https://www.tiktok.com/@ibdqdifp/video/7620363156585532685	2026/03/23	祛痘膏	AI视频	06-@ibdqdifp	腿	赵永琦	美国	#0aeFkiy358nI995vyXfG0zP/YHG2RFeity676gs6Y1BG9UxFdpRP+zNM7hvDMmU=	293	0	¥0.00	¥0.00
https://www.tiktok.com/@ibdqdifp/video/7620363538753768717	2026/03/23	祛痘膏	AI视频	06-@ibdqdifp	屁股	刘茜	美国	#cEJtclWgjJp7PhcV5C7Zlm9NRdUOBvuyMpepKjHvl5cP2lO/XLKv8JrIsDClhBo=	410	0	¥0.00	¥0.00
https://www.tiktok.com/@ibdqdifp/video/7620363938747763981	2026/03/23	祛痘膏	AI视频	06-@ibdqdifp	屁股	赵雅如	美国	#JQpbROnGjIi636PX81OWRdCfH+SYiGk+Zv08Uxrlf0++gajLDwzWYszm+uyEKIU=	381	0	¥0.00	¥0.00
https://www.tiktok.com/@ibdqdifp/video/7620364457792851213	2026/03/23	祛痘膏	AI视频	06-@ibdqdifp	屁股	刘茜	美国	#HMHnROho6iRUdrDLX8rV+qyPqINGy9qj6F9sWQV9sgFaL8LsjmA5IXn+JL5alpE=	340	0	¥0.00	¥0.00
https://www.tiktok.com/@ibdqdifp/video/7620364838404951310	2026/03/23	祛痘膏	AI视频	06-@ibdqdifp	鼻子	邵佳运	美国	#Z4eZxmFPu5S9s8DCuiJgsv49X/bk1+g+o0Qdo1TcqBcsYhZe9hUpyeZb5u6u5eE=	1,667	0	¥0.00	¥0.00
https://www.tiktok.com/@graham.felix2/video/7620363304606666014	2026/03/23	祛痘膏	AI视频	15-@graham.felix2	鼻子	赵雅如	美国	#PIrfYWlBJCkiY1UlD+MGbvLEWIbTf7qqvuxNSno0jxStADcExr7XbwHZdlkK1gI=	1,240	0	¥0.00	¥0.00
https://www.tiktok.com/@graham.felix2/video/7620363756828101919	2026/03/23	祛痘膏	AI视频	15-@graham.felix2	屁股	赵永琦	美国	#/07VZs//5tDjGHGyg3iXBp55ghZcnM2p4MvBZJZBqCYwYWKJcP3Ha5x/w8FUGq4=	2,301	0	¥0.00	¥0.00
https://www.tiktok.com/@graham.felix2/video/7620364028593900831	2026/03/23	祛痘膏	AI视频	15-@graham.felix2	屁股	赵雅如	美国	#xZuaqNBoTLLdmCY2Tlv+Le7KYff8ERs9Bn9v1Tt62BpfYbjns8Q+0iNaQtWY9To=	4,342	1	¥176.66	¥19.81
https://www.tiktok.com/@graham.felix2/video/7620364585517845791	2026/03/23	祛痘膏	AI视频	15-@graham.felix2	屁股	刘茜	美国	#XbsGP4FIajOEkWuaaSO6Fxk4BVuh5ne/aKuqiHUqyjPrilsKOtlIdX08I9dgHXo=	0	1	¥131.58	¥19.81
https://www.tiktok.com/@graham.felix2/video/7620364858495749406	2026/03/23	祛痘膏	AI视频	15-@graham.felix2	鼻子	邵佳运	美国	#KUj5VOr8T1nUJGpzA0NDE4inz89GbEYJ6RlZzH+pAVFEiEHSDZ6sOoFpt1k94d8=	1,887	0	¥0.00	¥0.00
https://www.tiktok.com/@freeskatejoyhub/video/7620363086809140493	2026/03/23	祛痘膏	AI视频	23-@freeskatejoyhub	鼻子	赵雅如	美国	#H9WHdPBY2RuqpTr/s5GUcQxGAV8qJwDqnSH0fWmBbypEHYk+XxIa4u6mnftqqkk=	1,396	0	¥0.00	¥0.00
https://www.tiktok.com/@freeskatejoyhub/video/7620363464435059982	2026/03/23	祛痘膏	AI视频	23-@freeskatejoyhub	屁股	赵永琦	美国	#OXLaPlSKWXCOSZA5BbO6W09vuvphiOrAdlLKEwyKoA8ZlsAYSlB0LLgVvc+kHiY=	1,153	0	¥0.00	¥0.00
https://www.tiktok.com/@freeskatejoyhub/video/7620363938399653133	2026/03/23	祛痘膏	AI视频	23-@freeskatejoyhub	腿	赵永琦	美国	#xl9v/Dia1OEpaiw9ZjuuCNm5H5hEONiysV0ndOV+EGGrC4VoVoBwetuii1rxvEw=	257	0	¥0.00	¥0.00
https://www.tiktok.com/@freeskatejoyhub/video/7620364409365384461	2026/03/23	祛痘膏	AI视频	23-@freeskatejoyhub	屁股	刘茜	美国	#ihEgaZlRJiuVy9aAp8UnegEtjOpE+Z0ICJuvrlzfJejF7wRpKr9yT+Lt7RbYGhw=	2,866	0	¥0.00	¥0.00
https://www.tiktok.com/@freeskatejoyhub/video/7620364689687530765	2026/03/23	祛痘膏	AI视频	23-@freeskatejoyhub	鼻子	邵佳运	美国	#XEkFI+kQfZZj/w+Vs2NnJvejaJ3FouN0l81oSfJR+KjxOS8C+6GZGM8v+NCJXLk=	903	0	¥0.00	¥0.00
https://www.tiktok.com/@boldwheelsguy/video/7620363247346044173	2026/03/23	祛痘膏	AI视频	24-@boldwheelsguy	鼻子	赵雅如	美国	#olhj8p1ZkQLFObf5M3M3yASOIB7C7RiMp6zH24ma9P32VwIQ3MN3S1BpMWSWsT8=	1,496	0	¥0.00	¥0.00
https://www.tiktok.com/@boldwheelsguy/video/7620363553165430029	2026/03/23	祛痘膏	AI视频	24-@boldwheelsguy	腿	赵永琦	美国	#V9dbyma4cKu0eISTYb9OBOMd87B5ikmllyoSmA31+WDEp6gAzbwKx/le2nZGnIs=	1,474	0	¥0.00	¥0.00
https://www.tiktok.com/@boldwheelsguy/video/7620363983312227598	2026/03/23	祛痘膏	AI视频	24-@boldwheelsguy	屁股	刘茜	美国	#UcQ9KuqrgBI5Ny4DDm+UUdQ6Su/RtrTTodaAZtCE37864QszMYP9dUzwDovEp3I=	2,102	0	¥0.00	¥0.00
https://www.tiktok.com/@boldwheelsguy/video/7620364497961717005	2026/03/23	祛痘膏	AI视频	24-@boldwheelsguy	双屏	邵佳运	美国	#AwHo5zSwD/gX2shx70404pJxU0Vb4cwACK5wWN+qJx+YWuDbJZyq5LKqfdumHzM=	980	0	¥0.00	¥0.00
https://www.tiktok.com/@boldwheelsguy/video/7620364836693740814	2026/03/23	祛痘膏	AI视频	24-@boldwheelsguy	脚	邵佳运	美国	#iIDwC4gypxHzezxa/M8oWwCxm/j8t5WltmBnIhSeWaXlhf8mO/N6GSi8YT98/Vw=	1,143	1	¥131.58	¥0.00
https://www.tiktok.com/@wheelbeat/video/7620363186566483231	2026/03/23	祛痘膏	AI视频	28-@wheelbeat	鼻子	赵雅如	美国	#/cOhjlJ1l0ve/FprHquI+45Q8k1V6sOWqja1lt2aNFlvr5lvV59TQWZ1F7RzogI=	1,132	0	¥0.00	¥0.00
https://www.tiktok.com/@wheelbeat/video/7620363649898548510	2026/03/23	祛痘膏	AI视频	28-@wheelbeat	屁股	赵永琦	美国	 #cdEtlje/pUuQnoc/w2SR7MWB9W70kxvonyZEBAg3mT/6RL6XfCvrFDyrAiqTjxc=	754	0	¥0.00	¥0.00
https://www.tiktok.com/@wheelbeat/video/7620364185221762334	2026/03/23	祛痘膏	AI视频	28-@wheelbeat	屁股	刘茜	美国	#EJkrF7ZOHN4SVK7wsgdXhdFUhGIFcIe2Va2xZtXpVGSwRcTaUlJ6uRoQN61dWDw=	10,517	1	¥139.94	¥1.09
https://www.tiktok.com/@wheelbeat/video/7620364568446913822	2026/03/23	祛痘膏	AI视频	28-@wheelbeat	双屏	邵佳运	美国	#bLYuTsb71hCk6dEG4DhiQD8NP/GTxSb5sbhn8w/glCenIQhfAJ1PD3lkYPSTJPY=	1,405	3	¥378.96	¥3.16
https://www.tiktok.com/@wheelbeat/video/7620364891911752991	2026/03/23	祛痘膏	AI视频	28-@wheelbeat	双屏	邵佳运	美国	#ZbWJG/NtZd0Lv5jurODOnEOcqk8/snc7JMLQLq3v50THMCWBbwGUs7h3+J6e8pY=	889	0	¥0.00	¥0.00
https://www.tiktok.com/@ibdqdifp/video/7620393867367419149	2026/03/23	耳屎精油	AI视频	06-@ibdqdifp	马	邵佳运	美国	#zyGQC0DsjFn1xqiug7uhRLMi3kaec2H6IdWWwDQVb1i8SooJubixvw5BLPwX6Ok=	672	0	¥0.00	¥0.00
https://www.tiktok.com/@graham.felix2/video/7620393749159415070	2026/03/23	耳屎精油	AI视频	15-@graham.felix2	耳朵	邵佳运	美国	#oKOXO2hNZUFCoXRKag6qHW8+GcJFThZ+PNIpQ23pLlJXZNtwwA2KdpblKdMQoeM=	1,905	0	¥0.00	¥0.00
https://www.tiktok.com/@freeskatejoyhub/video/7620393625712594189	2026/03/23	耳屎精油	AI视频	23-@freeskatejoyhub	猴子	邵佳运	美国	#EAlJbx6HF0OgKoIdxSJ9q4MeXgOs0jcg6WCEeMk152UNGLdj1yHCR8WGX+Rq5RI=	2,641	0	¥0.00	¥0.00
https://www.tiktok.com/@boldwheelsguy/video/7620393705995832590	2026/03/23	耳屎精油	AI视频	24-@boldwheelsguy	狗	邵佳运	美国	#Yrdbg5MRLIrli8+TyLAzSOOU8hl1zkKiX8fHkV3jkADqU+G/QLtBESr8tsEjYPY=	613	0	¥0.00	¥0.00
https://www.tiktok.com/@wheelbeat/video/7620393746147921183	2026/03/23	耳屎精油	AI视频	28-@wheelbeat	猴子	邵佳运	美国	#Sm0qtuJD6wxD6Dy6yZC5NPmaqmB62D/hn7zEOyp4DxFiA9RCcKmJTp4NnU5FVY0=	184	0	¥0.00	¥0.00
https://www.tiktok.com/@fvpvc681/video/7620393628124351757?lang=en	2026/03/23	耳屎精油	AI视频	41-@fvpvc681	耳朵	邵佳运	美国	#NBobp9Af3N1C+wYmY/oHKSuXkBEq6BpoAQF/t9KpyAn5BIRCk5Nb0woI7l988Ng=	1,775	0	¥0.00	¥0.00
https://www.tiktok.com/@fvpvc681/video/7620411930569755918?lang=en	2026/03/23	耳屎精油	AI视频	41-@fvpvc681	耳朵	赵雅如	美国	#vmWH1IqVRgbkULqn+p7Efn87iA0vkEL0nEOkGZrzAPbpCdR8QtOkYXpflrENfYA=	6,326	0	¥0.00	¥0.00
https://www.tiktok.com/@fvpvc681/video/7620412262125243662?lang=en	2026/03/23	耳屎精油	AI视频	41-@fvpvc681	耳朵	赵雅如	美国	#R2fU6cagfU8FHQPYyvxYWePPylbV2bcknrpIuSgCfklpFBsvPiWQicd8PQTdk+U=	4,452	0	¥0.00	¥0.00
https://www.tiktok.com/@fvpvc681/video/7620412559232978190?lang=en	2026/03/23	耳屎精油	AI视频	41-@fvpvc681	耳朵	赵雅如	美国	#fNb1CZAUhUoSqDk56Ub2oqSytfWOKKwnPBChga1TexNV21HgnZTpC0YawDMjSuY=	134	0	¥0.00	¥0.00
https://www.tiktok.com/@fvpvc681/video/7620412860597914894?lang=en	2026/03/23	耳屎精油	AI视频	41-@fvpvc681	耳朵	赵雅如	美国	#xQbSTPLdwV+sytZoB6IHc20sEOGcSqO6Lp2kwSMFVmccjGsJY8P5PkG2gCnK+NQ=	6,662	1	¥125.66	¥0.00
https://www.tiktok.com/@fvpvc681/video/7620413208943283469?lang=en	2026/03/23	耳屎精油	AI视频	41-@fvpvc681	耳朵	赵雅如	美国	#M6FX9kZROW+XiO+ogms62Ty2c50/YDgivOG0hkXCQ2Pc9SMFS4WGikc6+VBK7Wg=	1,432	0	¥0.00	¥0.00
https://www.tiktok.com/@fvpvc681/video/7620413641317207309?lang=en	2026/03/23	耳屎精油	AI视频	41-@fvpvc681	耳朵	刘茜	美国	#ACYyjc05yGNOsvlFiGj2ZWcQFGQN/5wfV3T+IV4/IrjBoO0CjWUM6VFHaTVvCqg=	2,089	0	¥0.00	¥0.00
https://www.tiktok.com/@fvpvc681/video/7620414097464642830?lang=en	2026/03/23	耳屎精油	AI视频	41-@fvpvc681	耳朵	刘茜	美国	#qWDcI49bdiKOuRmq7w3eQ02fnUcjoXNdiJHRHQ/epvAoaMT9zeUBeCZ0RW6Ly1k=	830	0	¥0.00	¥0.00
https://www.tiktok.com/@fvpvc681/video/7620417383055805710?lang=en	2026/03/23	耳屎精油	AI视频	41-@fvpvc681	耳朵	赵永琦	美国	#XREdu/+t5gylMi8E9Tuweiw6YQvAgsl2DbEWTQhlkZ96XYqYoi3+/qnvLBE+0/s=	971	0	¥0.00	¥0.00
https://www.tiktok.com/@wheelbeat/video/7620411785580940575	2026/03/23	耳屎精油	AI视频	28-@wheelbeat	耳朵	赵雅如	美国	#uaPlTN7lmF7x1+YjPc2sdEMumw1ffAfEFRvWjwcR7gkbNj/IqMj9NfsoUgDCqMM=G	119	0	¥0.00	¥0.00
https://www.tiktok.com/@wheelbeat/video/7620412424096582942	2026/03/23	耳屎精油	AI视频	28-@wheelbeat	耳朵	刘茜	美国	#iOhriBioxPrV7Gx2vjnY++LzVEDZtjODWw009400Hrm+0pPOOBpvymgYU1bTHtA=	432	0	¥0.00	¥0.00
https://www.tiktok.com/@wheelbeat/video/7620417382514838815	2026/03/23	耳屎精油	AI视频	28-@wheelbeat	耳朵	赵永琦	美国	#fMit/VwYLcWHamqpAX8NPIXaMV6Mg6qmsa6roouc1OqCcb3YY6mDc4SX5NEDrQQ=	1,595	0	¥0.00	¥0.00
https://www.tiktok.com/@ibdqdifp/video/7620411716232318222	2026/03/23	耳屎精油	AI视频	06-@ibdqdifp	耳朵	赵雅如	美国	#iMdMtYXaiz5fs3bQwe4uCWLN/pWyh5EVozhccUssaQriKYEE1blNnccRPyQT8SY=	220	0	¥0.00	¥0.00
https://www.tiktok.com/@ibdqdifp/video/7620412346271354126	2026/03/23	耳屎精油	AI视频	06-@ibdqdifp	耳朵	刘茜	美国	#ReWCG+zIJDWgwpY8TTzPZ6LYxQHfAYbT6qMGdrReXmlGhWpanrJdIOkD/OZvgak=	89	0	¥0.00	¥0.00
https://www.tiktok.com/@ibdqdifp/video/7620417180550696205	2026/03/23	耳屎精油	AI视频	06-@ibdqdifp	耳朵	刘茜	美国	#lOv/gp6cZ4I6ACezLaJiBmwPPLgGv/Xcr+bD9kRxrWO3r10Gfn/7ih7qDpQ7wYE=	162	0	¥0.00	¥0.00
https://www.tiktok.com/@ibdqdifp/video/7620417846610283790	2026/03/23	耳屎精油	AI视频	06-@ibdqdifp	狗	赵永琦	美国	#nos8oU3KqMvWOx/rF+/SeImzdO406Z9FvR2LEc/9oMBSijRKmWtiW4oSrL/WYRc=	328	0	¥0.00	¥0.00
https://www.tiktok.com/@graham.felix2/video/7620411724528749854	2026/03/23	耳屎精油	AI视频	15-@graham.felix2	耳朵	赵雅如	美国	#FSWxjrAFBFGUQi/dUf5TPgNtqVk5qNQND7NrAMkc1MJ5R2jImtT57sStsBREP5w=	152	0	¥0.00	¥0.00
https://www.tiktok.com/@graham.felix2/video/7620412343821847839	2026/03/23	耳屎精油	AI视频	15-@graham.felix2	耳朵	刘茜	美国	#Bu5/yO0uElf2KgpbgoQeoP6U2oujRce5YDtCI9qrtDRcBepvwHuJos1g0Njm8v0=	233	0	¥0.00	¥0.00
https://www.tiktok.com/@graham.felix2/video/7620417277011250463	2026/03/23	耳屎精油	AI视频	15-@graham.felix2	耳朵	刘茜	美国	#m/+4YWqkzebBaaIb6Aj2M6WTKpo5m9ryFHPvCCJPEaYDbFXWtWmX7q6PqOjfL8Q=	1,255	1	¥123.96	¥0.95
https://www.tiktok.com/@graham.felix2/video/7620417780709362975	2026/03/23	耳屎精油	AI视频	15-@graham.felix2	猴子	赵永琦	美国	#CHJ1gQis8yobafV3nXRkskcu8oNP4V3Vfd1NWLNoEg09Lxk8iJx4x+Gpj0jf5y0=	2,147	0	¥0.00	¥0.00
https://www.tiktok.com/@freeskatejoyhub/video/7620411678164913422	2026/03/23	耳屎精油	AI视频	23-@freeskatejoyhub	耳朵	赵雅如	美国	#C6fENHaht++CYZ9hDJDz3oMczrJXm6dLprE33bMe0lhRaIXF4EahoJDefylhbOs=	3,329	0	¥0.00	¥0.00
https://www.tiktok.com/@freeskatejoyhub/video/7620412218013797645	2026/03/23	耳屎精油	AI视频	23-@freeskatejoyhub	耳朵	刘茜	美国	#jBdhBy/uwhBxzhbNyo2ChrmQMAHxi8VpMeWNyS0jwNtsCwuknbBL0tM+wSB+5gU=	1,958	1	¥120.97	¥0.00
https://www.tiktok.com/@freeskatejoyhub/video/7620417237874199821	2026/03/23	耳屎精油	AI视频	23-@freeskatejoyhub	猴子	赵永琦	美国	#JMqqCxypGMC0Gl0cAO2Qmt1Ep77bpE35qRKPLwFU6ke/nrWMzFlOHGHD8BvFeAE=	546	0	¥0.00	¥0.00
https://www.tiktok.com/@freeskatejoyhub/video/7620417815530491150	2026/03/23	耳屎精油	AI视频	23-@freeskatejoyhub	耳朵	刘茜	美国	#NMyl7kGGKLouSyvTxmG6UxkDU0kX751XJALP/BD1eS/AcHDpNrnOI88nGqDVb/E=	611	0	¥0.00	¥0.00
https://www.tiktok.com/@boldwheelsguy/video/7620411785950121229	2026/03/23	耳屎精油	AI视频	24-@boldwheelsguy	耳朵	赵雅如	美国	#Fcq5Xe9PO2fTLLfT4Dqiayk3xuKsJpoAm+kPQ9qod/EGmZrgIZTYC7zv5aH1EW8=	1,111	1	¥123.96	¥0.00
https://www.tiktok.com/@boldwheelsguy/video/7620412436511722766	2026/03/23	耳屎精油	AI视频	24-@boldwheelsguy	耳朵	刘茜	美国	#ykiOKsZG/DETIQ8hI3dOni7B8Y/NEwm6R33P2EiKlnh9oAAVVeWjBjqgvqCGBPM=	219	0	¥0.00	¥0.00
https://www.tiktok.com/@boldwheelsguy/video/7620417321374321933	2026/03/23	耳屎精油	AI视频	24-@boldwheelsguy	耳朵	赵永琦	美国	#+B9AVREjhJcpl3Muyk+UM/ksPESPlOo41fDZ8Stu5+Uhy3IGgVplMVokx0S6tPw=	1,605	1	¥124.92	¥0.00
https://www.tiktok.com/@boldwheelsguy/video/7620417846216084749	2026/03/23	耳屎精油	AI视频	24-@boldwheelsguy	狗	赵永琦	美国	#U/ppcieeACYfBG4b70C/+Sga8A7/enm3wuAXl61b6EDzXhDaxn/TZH2fb6z7jTA=	451	0	¥0.00	¥0.00
https://www.tiktok.com/@ibdqdifp/video/7620774346998484237	2026/03/24	耳屎精油	AI视频	06-@ibdqdifp	黑人	邵佳运	美国	#8k6DIjd+NLwpS+k1LqBCAgczVHinL9NR0Q2OuCuvspvJCXpnRU7b+mwoKK8/5qU=	939	0	¥0.00	¥0.00
https://www.tiktok.com/@ibdqdifp/video/7620782185724857613	2026/03/24	祛痘膏	AI视频	06-@ibdqdifp	背	刘茜	美国	#SuwXfILFf3H6qA4g7n89GE098t7MZVO8D/r0p/6sD421HaLwvZ4jfsI9B1CdRds=	361	0	¥0.00	¥0.00
https://www.tiktok.com/@ibdqdifp/video/7620782578513071373	2026/03/24	祛痘膏	AI视频	06-@ibdqdifp	耳朵	赵雅如	美国	#eFG9GZdXuBT3qM+LtoQ6bgCMdi0TzkSYkvfv3XaO7QGPPOdV257noplWEGZZ61U=	904	1	¥217.60	¥2.18
https://www.tiktok.com/@graham.felix2/video/7620782229932805407	2026/03/24	祛痘膏	AI视频	15-@graham.felix2	屁股	刘茜	美国	#tOkc6jpczWEMz59EIiqYKpGoXXhtUhoPOS9ieSWyN2/JlqMm1V0AkJy3w3Sp53A=	719	0	¥0.00	¥0.00
https://www.tiktok.com/@graham.felix2/video/7620782617889180958	2026/03/24	祛痘膏	AI视频	15-@graham.felix2	耳朵	赵雅如	美国	#Ak8yFzku7tKd35wSskY6Ny4mBFm0YJqGEyA8z0C8dS+rSJq2+DDu1G70P7x0Csc=	1,331	0	¥0.00	¥0.00
https://www.tiktok.com/@freeskatejoyhub/video/7620782065075735822	2026/03/24	祛痘膏	AI视频	23-@freeskatejoyhub	背	赵永琦	美国	#fzaHI1Yy63GuODYpj6gEZ3PY46WPWbsH4ol/Of+6KI0Swt8uJtfroahJlMNZeKc=	652	0	¥0.00	¥0.00
https://www.tiktok.com/@freeskatejoyhub/video/7620782573681184013	2026/03/24	祛痘膏	AI视频	23-@freeskatejoyhub	脚	赵雅如	美国	#J58rmXmjqvgB/I3Mgs8ufjInwh0I33D9cJbGoUtduaazCPNgSK1OCqq1tUiRhbk=	595	0	¥0.00	¥0.00
https://www.tiktok.com/@boldwheelsguy/video/7620782267786366221	2026/03/24	祛痘膏	AI视频	24-@boldwheelsguy	屁股	赵永琦	美国	#nEP/l6DqIugvbwIrdDwsVhO3NpNaOVcPciIAm/a5WXCR3HDyaPFKlEtOXtKse8k=	368	0	¥0.00	¥0.00
https://www.tiktok.com/@boldwheelsguy/video/7620782572318100749	2026/03/24	祛痘膏	AI视频	24-@boldwheelsguy	耳朵	赵雅如	美国	#Rs78CMy6nUWhgNd3JZ2YFNGwEAsYAcbCWskO+w8Dor/mFquMyjUbOInYyNzZw+o=	459	0	¥0.00	¥0.00
https://www.tiktok.com/@wheelbeat/video/7620782140069907742	2026/03/24	祛痘膏	AI视频	28-@wheelbeat	屁股	赵永琦	美国	#8rD96YEFl+Zdrfwf9fhdyXL46AlWE0f2axV4wAWisuTTVduN+DUFu2Nzojacf98=	829	1	¥131.58	¥1.05
https://www.tiktok.com/@wheelbeat/video/7620782679679667486	2026/03/24	祛痘膏	AI视频	28-@wheelbeat	脚	赵雅如	美国	#W6vXNWCuXcPMNuMGAqFX03ootPR+3jf00f3Th72VH5VhK6qg6ehr/mwsVCE2ATU=	957	0	¥0.00	¥0.00
https://www.tiktok.com/@ibdqdifp/video/7620792126053387534	2026/03/24	耳屎精油	AI视频	06-@ibdqdifp	耳朵	刘茜	美国	#rRFL0IhYBRHOP644EpSWaigy75hE+pCDrd0rZ4LuiFHa/sLx2gXBqyMtae34+6w=	835	0	¥0.00	¥0.00
https://www.tiktok.com/@ibdqdifp/video/7620792449245482254	2026/03/24	耳屎精油	AI视频	06-@ibdqdifp	耳朵	赵雅如	美国	#zG5blz95YyX7HAVhNg8t3/UHzdAvY51J+TqgHixm9hO8cPl5a75Z2LJ7SV2mIGo=	702	0	¥0.00	¥0.00
https://www.tiktok.com/@ibdqdifp/video/7620792689356721422	2026/03/24	耳屎精油	AI视频	06-@ibdqdifp	耳朵	赵雅如	美国	#ivyM6pNA5JZDfVKBOXQ56LGjDayy9Ah8p7pnTDF7zQaLgkA+hDPeWuWBEGVyqtE=	461	0	¥0.00	¥0.00
https://www.tiktok.com/@graham.felix2/video/7620793379227553054	2026/03/24	耳屎精油	AI视频	15-@graham.felix2	耳朵	刘茜	美国	#CwkJ9m/CKKIOBKw7zpgM1LZU727eBqLxNpqpUGZYJI30ewIuqzKtPv1q3eUOy4w=	144	0	¥0.00	¥0.00
https://www.tiktok.com/@graham.felix2/video/7620793659662847263	2026/03/24	耳屎精油	AI视频	15-@graham.felix2	耳朵	赵雅如	美国	#JCCdtrMCaoen99xEmxk2U8Rckp4/AFUbL5m4JAi+SiCH1N+lgJceSjKG7RR4MBk=	4,110	1	¥124.92	¥1.00
https://www.tiktok.com/@graham.felix2/video/7620793895022087455	2026/03/24	耳屎精油	AI视频	15-@graham.felix2	耳朵	赵雅如	美国	#YOh2w1sxYlm3WxOgKmKLqVpWYE6dU6ZAWCO1c1s90ecFINXcmi69xKvGBOtgjK4=	2,136	0	¥0.00	¥0.00
https://www.tiktok.com/@fluffyredbuddies/video/7620792822806973726	2026/03/24	耳屎精油	AI视频	32-@fluffyredbuddies	耳朵	赵雅如	美国	#hQygZw/X1QaEazT5vrvNEzdmns3FsW9QWEyuKMydc/KvSKtlPwwQ/ksF9dB0tuY=	1,543	0	¥0.00	¥0.00
https://www.tiktok.com/@fluffyredbuddies/video/7620793296436137246	2026/03/24	耳屎精油	AI视频	32-@fluffyredbuddies	耳朵	赵雅如	美国	#E7B73Ez4lynChSu8Z1TsOarx0Qtxsw+79LYB12obajnSfTlGxO15cbDTVed3svw=	315	0	¥0.00	¥0.00
https://www.tiktok.com/@fluffyredbuddies/video/7620793843151064350	2026/03/24	耳屎精油	AI视频	32-@fluffyredbuddies	耳朵	刘茜	美国	#BmxGrU/4HowykGhwu9tr52HCVy7f+AaInCmclpGSrdZyGYo/5DpgDGzkgtI8Cws=	231	0	¥0.00	¥0.00
https://www.tiktok.com/@freeskatejoyhub/video/7620792777030307086	2026/03/24	耳屎精油	AI视频	23-@freeskatejoyhub	耳朵	赵雅如	美国	#BDmPeqhBm3AAQfrldN92k4+KfaObQwoQgCTJS/u/dc7zPhMDmUoPTRR5cqq+duM=	1,702	1	¥122.33	¥0.00
https://www.tiktok.com/@freeskatejoyhub/video/7620793268766264589	2026/03/24	耳屎精油	AI视频	23-@freeskatejoyhub	耳朵	赵雅如	美国	#pREm5BTrWJ+9BSx8hWkJLTUdLW8ZOQAJeQBYXqsZfaIKkAa9hnb68cHZLkNlrq0=	1,416	0	¥0.00	¥0.00
https://www.tiktok.com/@freeskatejoyhub/video/7620793676058463501	2026/03/24	耳屎精油	AI视频	23-@freeskatejoyhub	耳朵	刘茜	美国	#XDbmLsawVTVcipcPPNGrvam5t+BPQOG4L71LAKP07bRX/7s1/vnbeDd6O1nuPeA=	2,153	0	¥0.00	¥0.00
https://www.tiktok.com/@boldwheelsguy/video/7620792802284244238	2026/03/24	耳屎精油	AI视频	24-@boldwheelsguy	耳朵	赵雅如	美国	#tmbqS1mzZBp8o0ONwoV+a5/OoUMdiN0EOHYT+GdY3zRZGUnSWOjbcws6ts4OYWE=	632	0	¥0.00	¥0.00
https://www.tiktok.com/@boldwheelsguy/video/7620793303700606221	2026/03/24	耳屎精油	AI视频	24-@boldwheelsguy	耳朵	赵雅如	美国	#49CG3qYrlERb72jOYKfoYm7yDyDyIaUPreSmoTrGuKaz8UkA55J7uoFQXg766H8=	805	0	¥0.00	¥0.00
https://www.tiktok.com/@boldwheelsguy/video/7620793749924367630	2026/03/24	耳屎精油	AI视频	24-@boldwheelsguy	耳朵	刘茜	美国	#vmJbAQ5oO6Gwc4fmPW1tIoKrJSJ3owgA3VKHtPGKDt6TAGV0Vp0aw6RjPnQ9Kbo=	1,361	0	¥0.00	¥0.00
https://www.tiktok.com/@wheelbeat/video/7620792842130132255	2026/03/24	耳屎精油	AI视频	28-@wheelbeat	耳朵	赵雅如	美国	#G4KJLzrhQRaFI9YbL5uvzbRq5sxxAsCCrwjNLo1FE3+3rR426E4m9nfjSKzg0dg=	869	0	¥0.00	¥0.00
https://www.tiktok.com/@wheelbeat/video/7620793239871769887	2026/03/24	耳屎精油	AI视频	28-@wheelbeat	耳朵	赵雅如	美国	#uqKk2yMiXp45OpElSxbuuLI0+F+Xd9mRbbcVRTQIL8EG5HDwzqZ6y/aRNK0Xnjg=	1,222	0	¥0.00	¥0.00
https://www.tiktok.com/@wheelbeat/video/7620793770669329694	2026/03/24	耳屎精油	AI视频	28-@wheelbeat	耳朵	刘茜	美国	#TaIYFIkLE7WLnb42hOTgCQkdH5gI6NMlseohcvHI2eRkj3Y5SBGxrlo7dclUwGk=	18,940	2	¥250.58	¥2.11
https://www.tiktok.com/@graceofjesus33/video/7620792801248169230	2026/03/24	耳屎精油	AI视频	29-@graceofjesus33	耳朵	赵雅如	美国	#lK2IYbSaKxf7LZKgqX4IvzapYYIMXlu1PHatcx/5g6dN4EyYKa7HWnkEZG+b5RE=	1,696	0	¥0.00	¥0.00
https://www.tiktok.com/@graceofjesus33/video/7620793172104367374	2026/03/24	耳屎精油	AI视频	29-@graceofjesus33	耳朵	赵雅如	美国	#/ir9AN58w6jndKOENy1zxo405WPAMVqo+hZmxXLnTLDddLb2wiHsULbIfNf9wQY=	1,553	0	¥0.00	¥0.00
https://www.tiktok.com/@graceofjesus33/video/7620793755976748302	2026/03/24	耳屎精油	AI视频	29-@graceofjesus33	耳朵	刘茜	美国	#8T499JLPsyvtRwbIDllWY1scokw/flKMLKTtoJ2g5omQLH1LV1QDm/j3AN291FA=	1,049	0	¥0.00	¥0.00
https://www.tiktok.com/@graham.felix2/video/7621141816754113822	2026/03/25	耳屎精油	AI视频	15-@graham.felix2	耳朵	刘茜	美国	#8wYLleDhWI5SmkGU7eex7kmxmTMYn7Pg3UF8Dyb9iJjGl2BoNW4rCheVFaTnY5M=	417	0	¥0.00	¥0.00
https://www.tiktok.com/@graham.felix2/video/7621143572267420959	2026/03/25	耳屎精油	AI视频	15-@graham.felix2	耳朵	刘茜	美国	#9UEbbZgstVAuBy1Xt3EPhvNoM1jl61khr7Z1QLaSkI6uUCTNnl4kVfmRMftnr3Y=	50	0	¥0.00	¥0.00
https://www.tiktok.com/@graham.felix2/video/7621145131017653535	2026/03/25	耳屎精油	AI视频	15-@graham.felix2	耳朵	赵雅如	美国	#MfKWcN5DHGxfYWpGBtP6IITbRA7jio7pAHjTf/KqFGiKQMwJjflHky6YAwImQL4=	504	0	¥0.00	¥0.00
https://www.tiktok.com/@graham.felix2/video/7621147572232670494	2026/03/25	耳屎精油	AI视频	15-@graham.felix2	耳朵	赵雅如	美国	#1SDG/1ixltifoBelPdvAbfHy9Ei8wa6rBh3ujtZXbOZJ6rNRWjmVVmnXDEcuMlc=	422	0	¥0.00	¥0.00
https://www.tiktok.com/@graham.felix2/video/7621154463956438303	2026/03/25	耳屎精油	AI视频	15-@graham.felix2	耳朵	赵雅如	美国	#OZ4yQKo3UxNqUztTA2D2O8coodOyzjbZycZtnjKlthLt05Zqr8tBPXmil61XrLo=	68	0	¥0.00	¥0.00
https://www.tiktok.com/@ibdqdifp/video/7621142215523372302	2026/03/25	耳屎精油	AI视频	06-@ibdqdifp	耳朵	刘茜	美国	#eH/4ESGhz43L+ID0jZQw1oX6+FxwneoYnKDA/uA8KR5JxB4CjABrs42+3GOFWLI=	69	0	¥0.00	¥0.00
https://www.tiktok.com/@ibdqdifp/video/7621143497508146445	2026/03/25	耳屎精油	AI视频	06-@ibdqdifp	耳朵	刘茜	美国	#cEHWi4w2YVCSUWy5t9aGCYmMiHMhnWmGOstOJjzJcQimW/DLevsrC2BE2naBMfQ=	114	0	¥0.00	¥0.00
https://www.tiktok.com/@ibdqdifp/video/7621145139842452749	2026/03/25	耳屎精油	AI视频	06-@ibdqdifp	耳朵	赵雅如	美国	#LTZS4ODSFi8glu/bUlf5em2apRmXDRPsiIRrZWkhTv9Wv1nkLMMoGgCWcO5EpGM=	449	0	¥0.00	¥0.00
https://www.tiktok.com/@ibdqdifp/video/7621147477294566669	2026/03/25	耳屎精油	AI视频	06-@ibdqdifp	耳朵	赵雅如	美国	#JWw0cNlPVa0kmaS3WlPiwAG54irQKaHY8o15LAEvCtq29LrIw5LS9hSzViz3DD4=	435	0	¥0.00	¥0.00
https://www.tiktok.com/@ibdqdifp/video/7621154292002589965	2026/03/25	耳屎精油	AI视频	06-@ibdqdifp	耳朵	赵雅如	美国	#v/mIiYzQKSdUYfkoB+0Sou23TA+mnqe0DxIcBv71z+NRwUg6F0rsxsbszuQ/Xx4=	0	0	¥0.00	¥0.00
https://www.tiktok.com/@freeskatejoyhub/video/7621141654883421454	2026/03/25	耳屎精油	AI视频	23-@freeskatejoyhub	耳朵	刘茜	美国	#1RIWIGCws7DSDPnq/LzrUphufEN6AnhopSIv/amMqPbEn3xxfu8bRFmtr9gxVU4=	922	0	¥0.00	¥0.00
https://www.tiktok.com/@freeskatejoyhub/video/7621143429229186317	2026/03/25	耳屎精油	AI视频	23-@freeskatejoyhub	耳朵	刘茜	美国	#x+Bz+PWPtYoSgqZ1+u3BV+3qPfhQl/LssMAePNooAQBEuSl2qkc1ZoUDDC2cYdY=	713	0	¥0.00	¥0.00
https://www.tiktok.com/@freeskatejoyhub/video/7621145140609977613	2026/03/25	耳屎精油	AI视频	23-@freeskatejoyhub	耳朵	赵雅如	美国	#+YEME5vqHPalY52YZctnJqR+VieICRaFeAymMK2ToWYf3j0eAkkcbOol2fQq17w=	532	0	¥0.00	¥0.00
https://www.tiktok.com/@freeskatejoyhub/video/7621147518826515726	2026/03/25	耳屎精油	AI视频	23-@freeskatejoyhub	耳朵	赵雅如	美国	#/+cW5n/2uoj1Qt6t3AnbXFY+2Cx9sfdJ6yhpBpikYN4LwQ4dmrWTpp5RNxRqw2s=	779	0	¥0.00	¥0.00
https://www.tiktok.com/@freeskatejoyhub/video/7621154385942318349	2026/03/25	耳屎精油	AI视频	23-@freeskatejoyhub	耳朵	赵雅如	美国	#iEuFzxdfCK29vIUgeeIVCTasDqaHKaZCS7HUlHR6U+XQK1iihnOhYZeEkrLTa9I=	94	0	¥0.00	¥0.00
https://www.tiktok.com/@boldwheelsguy/video/7621144039760350477	2026/03/25	耳屎精油	AI视频	24-@boldwheelsguy	耳朵	刘茜	美国	#b51dbilqmBUBx+waFBvSXv8IXzurVXT6mwPTA5yfJywS90apxqfzT/acucSdPVA=	455	0	¥0.00	¥0.00
https://www.tiktok.com/@boldwheelsguy/video/7621145034452258062	2026/03/25	耳屎精油	AI视频	24-@boldwheelsguy	耳朵	刘茜	美国	#cKxIqc7vpoJC/Oyx4+kCMcBNR03w52DgZf6gGMTWEouOltGbVkRtTIIbiaAJ4Bg=	71	0	¥0.00	¥0.00
https://www.tiktok.com/@boldwheelsguy/video/7621147564343102733	2026/03/25	耳屎精油	AI视频	24-@boldwheelsguy	耳朵	刘茜	美国	#p+2qvOHPMDvqprfKEgMz9/8j+lCVl5rcGcW49pP0aZVFVKJSsSKTdjch5K1No5A=	98	0	¥0.00	¥0.00
https://www.tiktok.com/@boldwheelsguy/video/7621154764918623501	2026/03/25	耳屎精油	AI视频	24-@boldwheelsguy	耳朵	赵雅如	美国	#l96L8zjkwlHU7SkKrfInpbf55gB0P209vx4Qp1OqfjaiQr/n2vaZNOHcv93Jkms=	612	0	¥0.00	¥0.00
https://www.tiktok.com/@wheelbeat/video/7621141837436161311	2026/03/25	耳屎精油	AI视频	28-@wheelbeat	耳朵	刘茜	美国	#7vIl9I2Oy4jGtoIDL5Q1LuJz2tzPs/XpyCiddD2CERPzeEQYv7CywMqDpITN8Ss=	423	0	¥0.00	¥0.00
https://www.tiktok.com/@wheelbeat/video/7621143638155824414	2026/03/25	耳屎精油	AI视频	28-@wheelbeat	耳朵	刘茜	美国	#XoU1eTYANzjszOvYEtOwFi2OjtJScFyikJzDcPBGRCdgAId4+ksWE2oF84EWvj0=	430	0	¥0.00	¥0.00
https://www.tiktok.com/@wheelbeat/video/7621145165062737182	2026/03/25	耳屎精油	AI视频	28-@wheelbeat	耳朵	赵雅如	美国	#al/B6CSJ1H0EckB3i/NclT/mnK8x5G5Dd52Jb7TyZGWExjiS4sP83qqq32tQwkk=	447	0	¥0.00	¥0.00
https://www.tiktok.com/@wheelbeat/video/7621150580068617503	2026/03/25	耳屎精油	AI视频	28-@wheelbeat	耳鸣	邵佳运	美国	#Sqg8mmUjTYOFGQNmNsB1xnQfozn94Tteb7yIRC1PjkFJYErlanZNS8rq3DRKT4w=	94	0	¥0.00	¥0.00
https://www.tiktok.com/@wheelbeat/video/7621154961878945054	2026/03/25	耳屎精油	AI视频	28-@wheelbeat	耳朵	赵雅如	美国	#St1sokMkZh2vsJgatIjxNZbWjGWF6AXZojf/w6L99MysZXCLytANSuaoOjV+zV0=	31	0	¥0.00	¥0.00
https://www.tiktok.com/@graceofjesus33/video/7621141883061882125	2026/03/25	耳屎精油	AI视频	29-@graceofjesus33	耳朵	刘茜	美国	#VLn/EBo7Ok7aU4Jybz+O7wqdlRRZrvJT0k3DUxbl4LX6sJYfvNPZ3FRi33K2BZs=	397	0	¥0.00	¥0.00
https://www.tiktok.com/@graceofjesus33/video/7621144001801948429	2026/03/25	耳屎精油	AI视频	29-@graceofjesus33	耳朵	刘茜	美国	#H6dJmsEJBBhEH1E1zoopaL+Ljhi/NAa8tm8FR9pZdDKYLnefHgoWoXy+YQC3HhY=	687	0	¥0.00	¥0.00
https://www.tiktok.com/@fluffyredbuddies/video/7621142334092201246	2026/03/25	耳屎精油	AI视频	32-@fluffyredbuddies	耳朵	刘茜	美国	#XVLTU+zzFicq9nN+hdXjyYX2CESv/rJ3NlEzYxloIfNft9ihDXzYydIsaiNHxBg=	341	0	¥0.00	¥0.00
https://www.tiktok.com/@fluffyredbuddies/video/7621144110224739614	2026/03/25	耳屎精油	AI视频	32-@fluffyredbuddies	耳朵	刘茜	美国	#2SmAfvkxt6HDVdDNQd9VcBdm/HJ0fg9JaS9eIW5folxIGsGtVjaRgaBevDAL3Io=	320	0	¥0.00	¥0.00
https://www.tiktok.com/@unrestrictedrollers/video/7621156821578943775	2026/03/25	耳屎精油	AI视频	46-@unrestrictedrollers	耳朵	刘茜	美国	#axcE3Bpju9Q+vHg8zFtsSiiIRwWxL6XVaQLX1iQwq7lRmILQ6fVv1TF5CbC7WDI=	126	0	¥0.00	¥0.00
https://www.tiktok.com/@unrestrictedrollers/video/7621157016148462879	2026/03/25	耳屎精油	AI视频	46-@unrestrictedrollers	耳朵	刘茜	美国	#gMiXZjMfZekdJ5tgO+RvQGtThByXMztuo9kdg41Ol03HyZt2Hz18ezhavRqKjBc=	331	0	¥0.00	¥0.00
https://www.tiktok.com/@unrestrictedrollers/video/7621157745898573087	2026/03/25	耳屎精油	AI视频	46-@unrestrictedrollers	耳朵	刘茜	美国	#xLxCUQHY1hyd7zpnigKTuUqrOizaMafWpUbFJBJ8loYy/J2UAadk6KR3Hvu5vP4=	204	0	¥0.00	¥0.00
https://www.tiktok.com/@unrestrictedrollers/video/7621157122583186718	2026/03/25	耳屎精油	AI视频	46-@unrestrictedrollers	耳朵	赵雅如	美国	#FuxntC27kTI8Ob83jtqfG4HpNYhBJU73OUTvZqWxrhk4JbsfptvrGWpgj1chV8c=	333	0	¥0.00	¥0.00
https://www.tiktok.com/@unrestrictedrollers/video/7621157641456307486	2026/03/25	耳屎精油	AI视频	46-@unrestrictedrollers	耳朵	赵雅如	美国	#hMgiXlAGr/EGghCwgqp6qUBz4qA7OCloW+Au0PHzYKkN7GPudNHoWo43mCRBonM=	125	0	¥0.00	¥0.00
https://www.tiktok.com/@bolt.charlene/video/7621156161458359583	2026/03/25	耳屎精油	AI视频	47-@RollVibeTribe	耳朵	刘茜	美国	#l0//Xnp7fsMEOtp/VND8qADmeoFj95FlbUJWgTXQgA64KXVvECabxiasOfpQrAM=	426	0	¥0.00	¥0.00
https://www.tiktok.com/@bolt.charlene/video/7621156294191271199	2026/03/25	耳屎精油	AI视频	47-@RollVibeTribe	耳朵	刘茜	美国	#50Ktrc4x4kJ+HHDo3kMrjhSOuhe7mxBpteXPZrLC6Xh3Odt893NaHDEp2gwLNbc=	358	0	¥0.00	¥0.00
https://www.tiktok.com/@bolt.charlene/video/7621156730453511454	2026/03/25	耳屎精油	AI视频	47-@RollVibeTribe	耳朵	刘茜	美国	#Xf2lLSK6PwsOtxYfQMPSsPjIx5fODgik1TR17gCdik9wazBilVAZpQ2G8kOqWAU=	630	0	¥0.00	¥0.00
https://www.tiktok.com/@bolt.charlene/video/7621157106124590366	2026/03/25	耳屎精油	AI视频	47-@RollVibeTribe	耳朵	赵雅如	美国	#R0U4Y/86fzHYn9UcI5dfJDlFSLNmxH+a9EjecUT0bTu5/b0H4UrCpacQtNrL/pw=	442	0	¥0.00	¥0.00
https://www.tiktok.com/@bolt.charlene/video/7621389729325452575	2026/03/25	耳屎精油	AI视频	47-@RollVibeTribe	耳朵	赵雅如	美国	#3xi+thAvbLRZlnDTzkM//pnZV7+b8kgn2dH6bXj8miwfinba+ZL9pD2QtM7hU7Y=	360	0	¥0.00	¥0.00
